[Licensing::Module] Trying to connect to existing licensing client channel...
Built from '6000.6/respin/6000.6.0f1-fa21a270ab12' branch; Version is '6000.6.0f1 (f7f8ed4d1e24) revision 16251117'; Using compiler version '194234433'; Build Type 'Release'
[Licensing::IpcConnector] Successfully connected to: "LicenseClient-olegt" at "2026-09-30T11:17:16.6794067Z"
OS: 'Windows 11  (10.0.26200) Core' Language: 'en' Physical Memory: 31980 MB
BatchMode: 1, IsHumanControllingUs: 0, StartBugReporterOnCrash: 0, Is64bit: 1
System  architecture: x64
Process architecture: x64
Date: 2026-09-30T11:17:16Z
[Licensing::Client] Code 10 while verifying Licensing Client signature (process Id: 18728, path: "C:/Program Files/Unity Hub/UnityLicensingClient_V1/Unity.Licensing.Client.exe")
[Licensing::Module] LicensingClient has failed validation; ignoring
[Licensing::Client] Handshaking with LicensingClient:
  Version:                 1.18.3+d7ffd15
  Session Id:              89d378e1c4b5475f87c48eeff1c3b37f
  Correlation Id:          9ea4b6469ff13d955160cb3c443fe81f
  External correlation Id: 3045834521366789707
  Machine Id:              TiT2tONqyaWusFlb+GBjGIX2nEk=
[Licensing::Module] Successfully connected to LicensingClient on channel: "LicenseClient-olegt" (connect: 0.00s, validation: 0.00s, handshake: 0.05s)
[Licensing::IpcConnector] Successfully connected to: "LicenseClient-olegt-notifications" at "2026-09-30T11:17:16.7265688Z"
[Licensing::Module] Licensing Background thread has ended after 0.05s

COMMAND LINE ARGUMENTS:
C:\Program Files\Unity\Hub\Editor\6000.6.0f1\Editor\Unity.exe
-adb2
-batchMode
-noUpm
-name
AssetImportWorkerHW0
-projectPath
C:/Users/olegt/Documents/oleg_final_project
-logFile
Logs/AssetImportWorkerHW0.log
-srvPort
54376
-parentPid
31664
-analyticsCloudUserId
anonymous
-analyticsCloudProjectId
7b869006-e826-40a1-8a4b-fb1e0a37c8e1
-analyticsLocalProjectId
44aa5df198d36f946bf9121d5d9b085b
-editorAnalyticsEnabled
1
-cbmEditorLicense
90dc287f4745f84db680bf97908f99b94dba9a54
-cbmMachineId
TiT2tONqyaWusFlb+GBjGIX2nEk=
-licensingIpc
LicenseClient-olegt
-noDiagnosticSwitchPersistentStore
-job-worker-count
7
-background-job-worker-count
8
-asset-garbage-collectors
1
-force-d3d12
-name
AssetImport
Successfully changed project path to: C:/Users/olegt/Documents/oleg_final_project
C:/Users/olegt/Documents/oleg_final_project
[UnityMemory] Configuration Parameters - Can be set up in boot.config
    "memorysetup-temp-allocator-size-gi-baking-worker=262144"
    "memorysetup-temp-allocator-size-gi-baking-worker=262144"
    "memorysetup-temp-allocator-size-gi-baking-worker=262144"
    "memorysetup-temp-allocator-size-gi-baking-worker=262144"
    "memorysetup-temp-allocator-size-gi-baking-worker=262144"
    "memorysetup-temp-allocator-size-nav-mesh-worker=65536"
    "memorysetup-temp-allocator-size-audio-worker=65536"
    "memorysetup-temp-allocator-size-cloud-worker=32768"
    "memorysetup-temp-allocator-size-gfx=262144"
    "memorysetup-remapper-allocator-initial-capacity=32768"
    "memorysetup-temp-allocator-size-preload-manager=33554432"
    "memorysetup-allocator-temp-initial-block-size-main=262144"
    "memorysetup-allocator-temp-initial-block-size-worker=262144"
    "memorysetup-temp-allocator-size-job-worker=262144"
    "memorysetup-temp-allocator-size-background-worker=32768"
    "memorysetup-bucket-allocator-granularity=16"
    "memorysetup-bucket-allocator-bucket-count=8"
    "memorysetup-bucket-allocator-block-size=33554432"
    "memorysetup-bucket-allocator-block-count=8"
    "memorysetup-main-allocator-block-size=16777216"
    "memorysetup-thread-allocator-block-size=16777216"
    "memorysetup-main-allocator-mimalloc-enabled=1"
    "memorysetup-gfx-main-allocator-block-size=16777216"
    "memorysetup-gfx-thread-allocator-block-size=16777216"
    "memorysetup-cache-allocator-block-size=4194304"
    "memorysetup-typetree-allocator-block-size=2097152"
    "memorysetup-profiler-bucket-allocator-granularity=16"
    "memorysetup-profiler-bucket-allocator-bucket-count=8"
    "memorysetup-profiler-bucket-allocator-block-size=33554432"
    "memorysetup-profiler-bucket-allocator-block-count=8"
    "memorysetup-profiler-allocator-block-size=16777216"
    "memorysetup-profiler-editor-allocator-block-size=1048576"
    "memorysetup-temp-allocator-size-main=16777216"
    "memorysetup-job-temp-allocator-block-size=2097152"
    "memorysetup-job-temp-allocator-block-size-background=1048576"
    "memorysetup-job-temp-allocator-reduction-small-platforms=262144"
Player connection [27168]  Target information:

Player connection [27168]  * "[IP] 192.168.1.215 [Port] 0 [Flags] 2 [Guid] 849133458 [EditorId] 849133458 [Version] 1048832 [Id] WindowsEditor(7,Oleg) [Debug] 1 [PackageName] WindowsEditor [ProjectName] Editor" 

Player connection [27168] Host joined multi-casting on [225.0.0.222:54997]...
Player connection [27168] Host joined alternative multi-casting on [225.0.0.222:34997]...
JobSystem: Creating JobQueue using job-worker-count value 7
Input System module state changed to: Initialized.
[Physics::Module] Initialized fallback backend.
[Physics::Module] Id: 0xdecafbad
Library Redirect Path: Library/
Initialising UDS system complete:
  - System type: Client
  - Resource namespace: 2a6f5f8b6f3d3c807d2466240b7eb984
  - Shared memory size: 1073741824
  - Command buffer id: 1052576
  - Command buffer size: 8192
  - Hashmap size: 4194304
  - Service connected: true
  - Service working directory: Library/DataStore/
[Physics::Module] Selected backend.
[Physics::Module] Name: PhysX
[Physics::Module] Id: 0xf2b8ea05
[Physics::Module] SDK Version: 4.1.2
[Physics::Module] Integration Version: 1.0.0
[Physics::Module] Threading Mode: Multi-Threaded
Refreshing native plugins compatible for Editor in 4.85 ms, found 4 plugins.
Initialize engine version: 6000.6.0f1 (f7f8ed4d1e24)
[EntityIdStore] init: VM path (explicit commit), pageSize=4096, blockCount=1048576, entitiesPerBlock=256, slots reserved=4294967296 bytes
[Subsystems] Discovering subsystems at path C:/Program Files/Unity/Hub/Editor/6000.6.0f1/Editor/Data/Resources/UnitySubsystems
[Subsystems] Discovering subsystems at path C:/Users/olegt/Documents/oleg_final_project/Assets
Forcing GfxDevice: Direct3D 12
GfxDevice: creating device client; kGfxThreadingModeNonThreaded
d3d12: failed to query info queue interface (0x80004002).
Direct3D:
    Version:         Direct3D 12 [level 12.2]
    Renderer:        AMD Radeon RX 6800S (ID=0x73ef)
    Vendor:          ATI
    VRAM:            8146 MB
    App VRAM Budget: 7378 MB
    Driver:          32.0.21045.5002
Initialize mono
Mono path[0] = 'C:/Program Files/Unity/Hub/Editor/6000.6.0f1/Editor/Data/Managed'
Mono path[1] = 'C:/Program Files/Unity/Hub/Editor/6000.6.0f1/Editor/Data/BCLExtensions/runtime/netstandard2.1'
Mono path[2] = 'C:/Program Files/Unity/Hub/Editor/6000.6.0f1/Editor/Data/MonoBleedingEdge/lib/mono/unityjit-win32'
Mono config path = 'C:/Program Files/Unity/Hub/Editor/6000.6.0f1/Editor/Data/MonoBleedingEdge/etc'
Using monoOptions --debugger-agent=transport=dt_socket,embedding=1,server=y,suspend=n,address=127.0.0.1:56196
CodeReloadManager initialized
Begin MonoManager ReloadAssembly
Registering precompiled unity dll's ...
Register platform support module: C:/Program Files/Unity/Hub/Editor/6000.6.0f1/Editor/Data/PlaybackEngines/WindowsStandaloneSupport/UnityEditor.WindowsStandalone.Extensions.dll
Registered in 0.002373 seconds.
Native extension for WindowsStandalone target not found
Package Manager log level set to [2]
[Package Manager] Failed to launch server process. Reason: Unity was launched with the -noUpm command-line argument
[Package Manager] Unable to send message (not connected to server process).
[Package Manager] Cannot connect to Unity Package Manager local server
ScheduleIndexationOnStartup MainProcess:False IndexOnStartup:True
Scripting: successfully reloaded assembly
- Finished resetting the current domain, in  0.737 seconds
Domain Reload Profiling: 1871ms
	BeginReloadAssembly (212ms)
	RebuildCommonClasses (8ms)
	RebuildNativeTypeToScriptingClass (25ms)
	initialDomainReloadingComplete (181ms)
	LoadAllAssembliesAndSetupDomain (707ms)
		LoadAssemblies (205ms)
		TypeCache.Refresh (550ms)
			TypeCache.ScanAssembly (528ms)
		AnalyzeDomain (1ms)
	FinalizeReload (738ms)
		SetupLoadedEditorAssemblies (0ms)
			LogAssemblyErrors (3ms)
			InitializePlatformSupportModulesInManaged (3ms)
			BeforeProcessingInitializeOnLoad (150ms)
			ProcessInitializeOnLoadAttributes (159ms)
			ProcessInitializeOnLoadMethodAttributes (305ms)
Assembly reference Packages/com.unity.cinemachine/Editor/Samples/ExposeHDRPInternals/HDRP-Editor-ref.asmref has no target assembly definition
Initializing Unity extensions:
[Licensing::Client] Successfully resolved entitlement details
[Licensing::Module] License group:
  Id: F4-Q75W-G8CW-QZK8-28CR-XXXX
  Product: Unity Personal
  Type: ULF
  Expiration: Unlimited
[Licensing::Module] License group:
  Id: 6872860262671-UnityPersXXXX
  Product: Unity Personal
  Type: Assigned
  Expiration: Unlimited
========================================================================
Worker process is ready to serve import requests
Import Worker Mode flag is 0x00
Assembly reference Packages/com.unity.cinemachine/Editor/Samples/ExposeHDRPInternals/HDRP-Editor-ref.asmref has no target assembly definition
Assembly reference Packages/com.unity.cinemachine/Editor/Samples/ExposeHDRPInternals/HDRP-Editor-ref.asmref has no target assembly definition
Begin MonoManager ReloadAssembly
Assembly reference Packages/com.unity.cinemachine/Editor/Samples/ExposeHDRPInternals/HDRP-Editor-ref.asmref has no target assembly definition
Assembly reference Packages/com.unity.cinemachine/Editor/Samples/ExposeHDRPInternals/HDRP-Editor-ref.asmref has no target assembly definition
'Packages/com.unity.cinemachine/Editor/Obsolete/CinemachineVirtualCameraBaseEditor.cs' contains partial class of Unity.Object, exactly 1 of the partial classes needs to be in a file with the same filename. This is to know the one that can be referenced from ie. GameObjects
'Packages/com.unity.cinemachine/Editor/Editors/CinemachineVirtualCameraBaseEditor.cs' contains partial class of Unity.Object, exactly 1 of the partial classes needs to be in a file with the same filename. This is to know the one that can be referenced from ie. GameObjects
'Packages/com.unity.render-pipelines.core/Editor/Deprecated.cs' contains partial class of Unity.Object, exactly 1 of the partial classes needs to be in a file with the same filename. This is to know the one that can be referenced from ie. GameObjects
'Packages/com.unity.render-pipelines.core/Editor/Deprecated.cs' contains partial class of Unity.Object, exactly 1 of the partial classes needs to be in a file with the same filename. This is to know the one that can be referenced from ie. GameObjects
Refreshing native plugins compatible for Editor in 2.89 ms, found 4 plugins.
Native extension for WindowsStandalone target not found
[Package Manager] Failed to launch server process. Reason: Unity was launched with the -noUpm command-line argument
[Package Manager] Unable to send message (not connected to server process).
[Package Manager] Cannot connect to Unity Package Manager local server
[Package Manager] Failed to launch server process. Reason: Unity was launched with the -noUpm command-line argument
[Package Manager] Unable to send message (not connected to server process).
[Package Manager] Cannot connect to Unity Package Manager local server
[Package Manager] Failed to launch server process. Reason: Unity was launched with the -noUpm command-line argument
[Package Manager] Unable to send message (not connected to server process).
[Package Manager] Cannot connect to Unity Package Manager local server
ScheduleIndexationOnStartup MainProcess:False IndexOnStartup:True
Scripting: successfully reloaded assembly
- Finished resetting the current domain, in  1.487 seconds
Domain Reload Profiling: 3325ms
	BeginReloadAssembly (386ms)
		DisableScriptedObjects (22ms)
		CreateAndSetChildDomain (52ms)
	RebuildCommonClasses (18ms)
	RebuildNativeTypeToScriptingClass (37ms)
	initialDomainReloadingComplete (120ms)
	LoadAllAssembliesAndSetupDomain (1275ms)
		LoadAssemblies (637ms)
		TypeCache.Refresh (349ms)
			TypeCache.ScanAssembly (326ms)
		AnalyzeDomain (174ms)
			BuildScriptInfoCaches (156ms)
			ResolveRequiredComponents (14ms)
	FinalizeReload (1489ms)
		SetupLoadedEditorAssemblies (0ms)
			LogAssemblyErrors (4ms)
			InitializePlatformSupportModulesInManaged (3ms)
			BeforeProcessingInitializeOnLoad (213ms)
			ProcessInitializeOnLoadAttributes (557ms)
			ProcessInitializeOnLoadMethodAttributes (139ms)
			AfterProcessingInitializeOnLoad (15ms)
			EditorAssembliesLoaded (3ms)
		AwakeInstancesAfterBackupRestoration (12ms)
AcceleratorClientConnectionCallback - disconnected - :0
Launched and connected shader compiler UnityShaderCompiler.exe after 0.02 seconds
Refreshing native plugins compatible for Editor in 3.94 ms, found 4 plugins.
Unloading 19 Unused Serialized files (Serialized files now loaded: 0)
Unloading 7774 unused Assets / (9.1 MB). Loaded Objects now: 8772.
Memory consumption went from 379.1 MB to 370.1 MB.
Total: 17.917800 ms (FindLiveObjects: 1.056700 ms CreateObjectMapping: 1.003400 ms MarkObjects: 10.985300 ms  DeleteObjects: 4.440600 ms)

========================================================================
Received Prepare
AcceleratorClientConnectionCallback - disconnected - :0
Refreshing native plugins compatible for Editor in 3.10 ms, found 4 plugins.
Unloading 14 Unused Serialized files (Serialized files now loaded: 0)
Unloading 14 unused Assets / (3.3 MB). Loaded Objects now: 8772.
Memory consumption went from 371.1 MB to 367.8 MB.
Total: 10.072900 ms (FindLiveObjects: 0.458200 ms CreateObjectMapping: 0.191600 ms MarkObjects: 8.450200 ms  DeleteObjects: 0.639100 ms)

Prepare: number of updated asset objects reloaded= 0
========================================================================
Received Import Request.
  Time of request: 2026-09-30T11:18:17.4290734Z
  Time since last request: 173639.99792850000085 seconds.
  importAddress: GUID: 76893a0acda225541b2d983e460075af - Path: Assets/Assets/Dash_assets/Models/terrain.mat - Importer: ScriptedImporter/UnityEditor.QuickSearchModule:UnityEditor.Search:ASIAI0B
Importing 'GUID: 76893a0acda225541b2d983e460075af - Path: Assets/Assets/Dash_assets/Models/terrain.mat - Importer: ScriptedImporter/UnityEditor.QuickSearchModule:UnityEditor.Search:ASIAI0B' with importer (ScriptedImporter : UnityEditor.QuickSearchModule:UnityEditor.Search:ASIAI0B)
Imported 'GUID: 76893a0acda225541b2d983e460075af' -> (Import Result ID: '57c298fb77a47becc40c5582851c76c4') in 0.228 seconds [static and dynamic dependencies]. Details - ImportResultOutputID=d962dacae3134f725c29e12fd52777f9 DependenciesID=119cc9ba59d1750c9fae9b09ff66246e StaticDependenciesID=b8576531d3a5057940b23df0eedc82d4 
Number of updated asset objects reloaded before import = 0
Number of asset objects unloaded after import = 7
========================================================================
Received Prepare
AcceleratorClientConnectionCallback - disconnected - :0
Assembly reference Packages/com.unity.cinemachine/Editor/Samples/ExposeHDRPInternals/HDRP-Editor-ref.asmref has no target assembly definition
Assembly reference Packages/com.unity.cinemachine/Editor/Samples/ExposeHDRPInternals/HDRP-Editor-ref.asmref has no target assembly definition
[Licensing::Client] Successfully resolved entitlement details
[Licensing::Module] License group:
  Id: F4-Q75W-G8CW-QZK8-28CR-XXXX
  Product: Unity Personal
  Type: ULF
  Expiration: Unlimited
[Licensing::Module] License group:
  Id: 6872860262671-UnityPersXXXX
  Product: Unity Personal
  Type: Assigned
  Expiration: Unlimited
Begin MonoManager ReloadAssembly
Assembly reference Packages/com.unity.cinemachine/Editor/Samples/ExposeHDRPInternals/HDRP-Editor-ref.asmref has no target assembly definition
Assembly reference Packages/com.unity.cinemachine/Editor/Samples/ExposeHDRPInternals/HDRP-Editor-ref.asmref has no target assembly definition
'Packages/com.unity.cinemachine/Editor/Obsolete/CinemachineVirtualCameraBaseEditor.cs' contains partial class of Unity.Object, exactly 1 of the partial classes needs to be in a file with the same filename. This is to know the one that can be referenced from ie. GameObjects
'Packages/com.unity.cinemachine/Editor/Editors/CinemachineVirtualCameraBaseEditor.cs' contains partial class of Unity.Object, exactly 1 of the partial classes needs to be in a file with the same filename. This is to know the one that can be referenced from ie. GameObjects
'Packages/com.unity.render-pipelines.core/Editor/Deprecated.cs' contains partial class of Unity.Object, exactly 1 of the partial classes needs to be in a file with the same filename. This is to know the one that can be referenced from ie. GameObjects
'Packages/com.unity.render-pipelines.core/Editor/Deprecated.cs' contains partial class of Unity.Object, exactly 1 of the partial classes needs to be in a file with the same filename. This is to know the one that can be referenced from ie. GameObjects
Refreshing native plugins compatible for Editor in 2.51 ms, found 4 plugins.
Native extension for WindowsStandalone target not found
[Package Manager] Failed to launch server process. Reason: Unity was launched with the -noUpm command-line argument
[Package Manager] Unable to send message (not connected to server process).
[Package Manager] Cannot connect to Unity Package Manager local server
[Package Manager] Failed to launch server process. Reason: Unity was launched with the -noUpm command-line argument
[Package Manager] Unable to send message (not connected to server process).
[Package Manager] Cannot connect to Unity Package Manager local server
[Package Manager] Failed to launch server process. Reason: Unity was launched with the -noUpm command-line argument
[Package Manager] Unable to send message (not connected to server process).
[Package Manager] Cannot connect to Unity Package Manager local server
ScheduleIndexationOnStartup MainProcess:False IndexOnStartup:True
Scripting: successfully reloaded assembly
- Finished resetting the current domain, in  1.180 seconds
Domain Reload Profiling: 2319ms
	BeginReloadAssembly (360ms)
		DisableScriptedObjects (14ms)
		CreateAndSetChildDomain (85ms)
	RebuildCommonClasses (13ms)
	RebuildNativeTypeToScriptingClass (25ms)
	initialDomainReloadingComplete (99ms)
	LoadAllAssembliesAndSetupDomain (641ms)
		LoadAssemblies (535ms)
		TypeCache.Refresh (9ms)
		AnalyzeDomain (13ms)
			ResolveRequiredComponents (9ms)
	FinalizeReload (1182ms)
		SetupLoadedEditorAssemblies (0ms)
			LogAssemblyErrors (3ms)
			BeforeProcessingInitializeOnLoad (158ms)
			ProcessInitializeOnLoadAttributes (376ms)
			ProcessInitializeOnLoadMethodAttributes (110ms)
			AfterProcessingInitializeOnLoad (12ms)
		AwakeInstancesAfterBackupRestoration (27ms)
Refreshing native plugins compatible for Editor in 2.99 ms, found 4 plugins.
Unloading 14 Unused Serialized files (Serialized files now loaded: 0)
Unloading 7772 unused Assets / (7.5 MB). Loaded Objects now: 8828.
Memory consumption went from 388.1 MB to 380.6 MB.
Total: 12.790300 ms (FindLiveObjects: 0.806600 ms CreateObjectMapping: 0.440400 ms MarkObjects: 9.115500 ms  DeleteObjects: 2.137400 ms)

Prepare: number of updated asset objects reloaded= 0
========================================================================
Received Prepare
AcceleratorClientConnectionCallback - disconnected - :0
Assembly reference Packages/com.unity.cinemachine/Editor/Samples/ExposeHDRPInternals/HDRP-Editor-ref.asmref has no target assembly definition
Assembly reference Packages/com.unity.cinemachine/Editor/Samples/ExposeHDRPInternals/HDRP-Editor-ref.asmref has no target assembly definition
[Licensing::Client] Successfully resolved entitlement details
[Licensing::Module] License group:
  Id: F4-Q75W-G8CW-QZK8-28CR-XXXX
  Product: Unity Personal
  Type: ULF
  Expiration: Unlimited
[Licensing::Module] License group:
  Id: 6872860262671-UnityPersXXXX
  Product: Unity Personal
  Type: Assigned
  Expiration: Unlimited
Begin MonoManager ReloadAssembly
Assembly reference Packages/com.unity.cinemachine/Editor/Samples/ExposeHDRPInternals/HDRP-Editor-ref.asmref has no target assembly definition
Assembly reference Packages/com.unity.cinemachine/Editor/Samples/ExposeHDRPInternals/HDRP-Editor-ref.asmref has no target assembly definition
'Packages/com.unity.cinemachine/Editor/Obsolete/CinemachineVirtualCameraBaseEditor.cs' contains partial class of Unity.Object, exactly 1 of the partial classes needs to be in a file with the same filename. This is to know the one that can be referenced from ie. GameObjects
'Packages/com.unity.cinemachine/Editor/Editors/CinemachineVirtualCameraBaseEditor.cs' contains partial class of Unity.Object, exactly 1 of the partial classes needs to be in a file with the same filename. This is to know the one that can be referenced from ie. GameObjects
'Packages/com.unity.render-pipelines.core/Editor/Deprecated.cs' contains partial class of Unity.Object, exactly 1 of the partial classes needs to be in a file with the same filename. This is to know the one that can be referenced from ie. GameObjects
'Packages/com.unity.render-pipelines.core/Editor/Deprecated.cs' contains partial class of Unity.Object, exactly 1 of the partial classes needs to be in a file with the same filename. This is to know the one that can be referenced from ie. GameObjects
Refreshing native plugins compatible for Editor in 2.28 ms, found 4 plugins.
Native extension for WindowsStandalone target not found
[Package Manager] Failed to launch server process. Reason: Unity was launched with the -noUpm command-line argument
[Package Manager] Unable to send message (not connected to server process).
[Package Manager] Cannot connect to Unity Package Manager local server
[Package Manager] Failed to launch server process. Reason: Unity was launched with the -noUpm command-line argument
[Package Manager] Unable to send message (not connected to server process).
[Package Manager] Cannot connect to Unity Package Manager local server
[Package Manager] Failed to launch server process. Reason: Unity was launched with the -noUpm command-line argument
[Package Manager] Unable to send message (not connected to server process).
[Package Manager] Cannot connect to Unity Package Manager local server
ScheduleIndexationOnStartup MainProcess:False IndexOnStartup:True
Scripting: successfully reloaded assembly
- Finished resetting the current domain, in  1.157 seconds
Domain Reload Profiling: 2246ms
	BeginReloadAssembly (352ms)
		DisableScriptedObjects (15ms)
		CreateAndSetChildDomain (75ms)
	RebuildCommonClasses (12ms)
	RebuildNativeTypeToScriptingClass (24ms)
	initialDomainReloadingComplete (95ms)
	LoadAllAssembliesAndSetupDomain (606ms)
		LoadAssemblies (495ms)
		TypeCache.Refresh (8ms)
		AnalyzeDomain (13ms)
			ResolveRequiredComponents (9ms)
	FinalizeReload (1158ms)
		SetupLoadedEditorAssemblies (0ms)
			InitializePlatformSupportModulesInManaged (3ms)
			BeforeProcessingInitializeOnLoad (174ms)
			ProcessInitializeOnLoadAttributes (431ms)
			ProcessInitializeOnLoadMethodAttributes (127ms)
			AfterProcessingInitializeOnLoad (14ms)
		AwakeInstancesAfterBackupRestoration (41ms)
Refreshing native plugins compatible for Editor in 2.89 ms, found 4 plugins.
Unloading 14 Unused Serialized files (Serialized files now loaded: 0)
Unloading 7772 unused Assets / (7.4 MB). Loaded Objects now: 8831.
Memory consumption went from 393.9 MB to 386.5 MB.
Total: 10.493400 ms (FindLiveObjects: 0.736900 ms CreateObjectMapping: 0.354100 ms MarkObjects: 7.064100 ms  DeleteObjects: 2.035300 ms)

Prepare: number of updated asset objects reloaded= 0
========================================================================
Received Prepare
AcceleratorClientConnectionCallback - disconnected - :0
Refreshing native plugins compatible for Editor in 2.76 ms, found 4 plugins.
Unloading 14 Unused Serialized files (Serialized files now loaded: 0)
Unloading 14 unused Assets / (3.3 MB). Loaded Objects now: 8831.
Memory consumption went from 393.6 MB to 390.3 MB.
Total: 9.778800 ms (FindLiveObjects: 0.544600 ms CreateObjectMapping: 0.160700 ms MarkObjects: 7.897800 ms  DeleteObjects: 0.771900 ms)

Prepare: number of updated asset objects reloaded= 0
========================================================================
Received Import Request.
  Time of request: 2026-09-30T11:48:56.6503536Z
  Time since last request: 1838.96316539999998 seconds.
  importAddress: GUID: 361e28e5b458b5446a4b13356db50eac - Path: Assets/Scenes/MineShaft.unity - Importer: PreviewImporter
Importing 'GUID: 361e28e5b458b5446a4b13356db50eac - Path: Assets/Scenes/MineShaft.unity - Importer: PreviewImporter' with importer (PreviewImporter)
Imported 'GUID: 361e28e5b458b5446a4b13356db50eac' -> (Import Result ID: '4cf62e72cf0ef3e95bb3eff738f2d7b0') in 0.013 seconds [static and dynamic dependencies]. Details - ImportResultOutputID=d6186306c0c7e52ae5117d80c243b42c DependenciesID=93eea135232ade51002ea36d4e88ca5e StaticDependenciesID=0e61d74913f8f929dbb3517cb3bf097a 
Number of updated asset objects reloaded before import = 0
Number of asset objects unloaded after import = 0
========================================================================
Received Import Request.
  Time of request: 2026-09-30T11:49:29.5441241Z
  Time since last request: 32.8599042 seconds.
  importAddress: GUID: fc6edcb96dc6b8848b3709373e048a0a - Path: Assets/Scenes/Turret_sewer.unity - Importer: PreviewImporter
Importing 'GUID: fc6edcb96dc6b8848b3709373e048a0a - Path: Assets/Scenes/Turret_sewer.unity - Importer: PreviewImporter' with importer (PreviewImporter)
Imported 'GUID: fc6edcb96dc6b8848b3709373e048a0a' -> (Import Result ID: 'e46f58f8638f40dab3ebf1638b39c747') in 0.005 seconds [static and dynamic dependencies]. Details - ImportResultOutputID=9417a5907c5e7b5f10bbfa6bb6ae4d44 DependenciesID=f170501e678f21fe308cbf0cdb33c686 StaticDependenciesID=abed9cef4e567472068101e82f91c9df 
Number of updated asset objects reloaded before import = 0
Number of asset objects unloaded after import = 0
========================================================================
Received Import Request.
  Time of request: 2026-09-30T11:53:41.5079814Z
  Time since last request: 251.93834899999999 seconds.
  importAddress: GUID: 744d8266e59d12a44a24480418dafa42 - Path: Assets/Scenes/MenuPrincipal.unity - Importer: PreviewImporter
Importing 'GUID: 744d8266e59d12a44a24480418dafa42 - Path: Assets/Scenes/MenuPrincipal.unity - Importer: PreviewImporter' with importer (PreviewImporter)
Imported 'GUID: 744d8266e59d12a44a24480418dafa42' -> (Import Result ID: 'b866a4adcea91d202655915e334b7826') in 0.002 seconds [static and dynamic dependencies]. Details - ImportResultOutputID=3cb9592b7771d188f1b9d2dbefbd8bfc DependenciesID=ecb469be316125308e560028b4844568 StaticDependenciesID=271100b0427d4ca289296a77ad3dd8b0 
Number of updated asset objects reloaded before import = 0
Number of asset objects unloaded after import = 0
========================================================================
Received Prepare
AcceleratorClientConnectionCallback - disconnected - :0
Assembly reference Packages/com.unity.cinemachine/Editor/Samples/ExposeHDRPInternals/HDRP-Editor-ref.asmref has no target assembly definition
Assembly reference Packages/com.unity.cinemachine/Editor/Samples/ExposeHDRPInternals/HDRP-Editor-ref.asmref has no target assembly definition
[Licensing::Client] Successfully resolved entitlement details
[Licensing::Module] License group:
  Id: F4-Q75W-G8CW-QZK8-28CR-XXXX
  Product: Unity Personal
  Type: ULF
  Expiration: Unlimited
[Licensing::Module] License group:
  Id: 6872860262671-UnityPersXXXX
  Product: Unity Personal
  Type: Assigned
  Expiration: Unlimited
Begin MonoManager ReloadAssembly
Assembly reference Packages/com.unity.cinemachine/Editor/Samples/ExposeHDRPInternals/HDRP-Editor-ref.asmref has no target assembly definition
Assembly reference Packages/com.unity.cinemachine/Editor/Samples/ExposeHDRPInternals/HDRP-Editor-ref.asmref has no target assembly definition
'Packages/com.unity.cinemachine/Editor/Obsolete/CinemachineVirtualCameraBaseEditor.cs' contains partial class of Unity.Object, exactly 1 of the partial classes needs to be in a file with the same filename. This is to know the one that can be referenced from ie. GameObjects
'Packages/com.unity.cinemachine/Editor/Editors/CinemachineVirtualCameraBaseEditor.cs' contains partial class of Unity.Object, exactly 1 of the partial classes needs to be in a file with the same filename. This is to know the one that can be referenced from ie. GameObjects
'Packages/com.unity.render-pipelines.core/Editor/Deprecated.cs' contains partial class of Unity.Object, exactly 1 of the partial classes needs to be in a file with the same filename. This is to know the one that can be referenced from ie. GameObjects
'Packages/com.unity.render-pipelines.core/Editor/Deprecated.cs' contains partial class of Unity.Object, exactly 1 of the partial classes needs to be in a file with the same filename. This is to know the one that can be referenced from ie. GameObjects
Refreshing native plugins compatible for Editor in 2.37 ms, found 4 plugins.
Native extension for WindowsStandalone target not found
[Package Manager] Failed to launch server process. Reason: Unity was launched with the -noUpm command-line argument
[Package Manager] Unable to send message (not connected to server process).
[Package Manager] Cannot connect to Unity Package Manager local server
[Package Manager] Failed to launch server process. Reason: Unity was launched with the -noUpm command-line argument
[Package Manager] Unable to send message (not connected to server process).
[Package Manager] Cannot connect to Unity Package Manager local server
[Package Manager] Failed to launch server process. Reason: Unity was launched with the -noUpm command-line argument
[Package Manager] Unable to send message (not connected to server process).
[Package Manager] Cannot connect to Unity Package Manager local server
ScheduleIndexationOnStartup MainProcess:False IndexOnStartup:True
Scripting: successfully reloaded assembly
- Finished resetting the current domain, in  1.073 seconds
Domain Reload Profiling: 2405ms
	BeginReloadAssembly (359ms)
		DisableScriptedObjects (15ms)
		CreateAndSetChildDomain (74ms)
	RebuildCommonClasses (17ms)
	RebuildNativeTypeToScriptingClass (37ms)
	initialDomainReloadingComplete (125ms)
	LoadAllAssembliesAndSetupDomain (793ms)
		LoadAssemblies (610ms)
		TypeCache.Refresh (12ms)
		AnalyzeDomain (19ms)
			ResolveRequiredComponents (12ms)
	FinalizeReload (1074ms)
		SetupLoadedEditorAssemblies (0ms)
			LogAssemblyErrors (3ms)
			BeforeProcessingInitializeOnLoad (159ms)
			ProcessInitializeOnLoadAttributes (379ms)
			ProcessInitializeOnLoadMethodAttributes (114ms)
			AfterProcessingInitializeOnLoad (14ms)
		AwakeInstancesAfterBackupRestoration (41ms)
Refreshing native plugins compatible for Editor in 2.84 ms, found 4 plugins.
Unloading 14 Unused Serialized files (Serialized files now loaded: 0)
Unloading 7772 unused Assets / (8.0 MB). Loaded Objects now: 8834.
Memory consumption went from 389.1 MB to 381.1 MB.
Total: 11.653300 ms (FindLiveObjects: 0.792800 ms CreateObjectMapping: 0.413200 ms MarkObjects: 7.192900 ms  DeleteObjects: 2.932000 ms)

Prepare: number of updated asset objects reloaded= 0
========================================================================
Received Import Request.
  Time of request: 2026-09-30T12:01:57.7676082Z
  Time since last request: 496.2359606 seconds.
  importAddress: GUID: 875cdf7e25766df499c226dce425d56b - Path: Assets/Scripts/Guardado_encriptado_2026 - Importer: PreviewImporter
Importing 'GUID: 875cdf7e25766df499c226dce425d56b - Path: Assets/Scripts/Guardado_encriptado_2026 - Importer: PreviewImporter' with importer (PreviewImporter)
Imported 'GUID: 875cdf7e25766df499c226dce425d56b' -> (Import Result ID: '9893af84fa755bcb26f975514385d188') in 0.001 seconds [static and dynamic dependencies]. Details - ImportResultOutputID=53c6bb35947639047251e8f936cd6103 DependenciesID=d3c5066e08914fdd958fa8a7877b595b StaticDependenciesID=abdee2055b4d20d531303681a753e80b 
Number of updated asset objects reloaded before import = 0
Number of asset objects unloaded after import = 0
========================================================================
Received Import Request.
  Time of request: 2026-09-30T12:02:00.5529956Z
  Time since last request: 2.7612356 seconds.
  importAddress: GUID: e6eb7c81557443544b63040e62ab839d - Path: Assets/Scripts/Guardado_encriptado_2026/SaveLoadMethods.cs - Importer: PreviewImporter
Importing 'GUID: e6eb7c81557443544b63040e62ab839d - Path: Assets/Scripts/Guardado_encriptado_2026/SaveLoadMethods.cs - Importer: PreviewImporter' with importer (PreviewImporter)
Imported 'GUID: e6eb7c81557443544b63040e62ab839d' -> (Import Result ID: '738e12bb0365e425722c17ced114a625') in 0.002 seconds [static and dynamic dependencies]. Details - ImportResultOutputID=6dc8032c53c57f699676365066b69c95 DependenciesID=87f26f6b124ba446cdbf90b5b532c2e8 StaticDependenciesID=a0633c515a75407b49996929e610375e 
Number of updated asset objects reloaded before import = 0
Number of asset objects unloaded after import = 0
========================================================================
Received Import Request.
  Time of request: 2026-09-30T12:02:06.4224148Z
  Time since last request: 5.8474315 seconds.
  importAddress: GUID: 2c7e4d21745ce5b4c80a978c635c2fe1 - Path: Assets/Scripts/Guardado_encriptado_2026/SaveData.cs - Importer: PreviewImporter
Importing 'GUID: 2c7e4d21745ce5b4c80a978c635c2fe1 - Path: Assets/Scripts/Guardado_encriptado_2026/SaveData.cs - Importer: PreviewImporter' with importer (PreviewImporter)
Imported 'GUID: 2c7e4d21745ce5b4c80a978c635c2fe1' -> (Import Result ID: '47ff7391bb0fbab7e35f76e37106e5eb') in 0.001 seconds [static and dynamic dependencies]. Details - ImportResultOutputID=252f4871884364d4324f0f332bda97a8 DependenciesID=9ad6e46501243df7489e250955473e40 StaticDependenciesID=66b9ea0babc3bb74098786ae3c180abc 
Number of updated asset objects reloaded before import = 0
Number of asset objects unloaded after import = 0
========================================================================
Received Prepare
AcceleratorClientConnectionCallback - disconnected - :0
Assembly reference Packages/com.unity.cinemachine/Editor/Samples/ExposeHDRPInternals/HDRP-Editor-ref.asmref has no target assembly definition
Assembly reference Packages/com.unity.cinemachine/Editor/Samples/ExposeHDRPInternals/HDRP-Editor-ref.asmref has no target assembly definition
[Licensing::Client] Successfully resolved entitlement details
[Licensing::Module] License group:
  Id: F4-Q75W-G8CW-QZK8-28CR-XXXX
  Product: Unity Personal
  Type: ULF
  Expiration: Unlimited
[Licensing::Module] License group:
  Id: 6872860262671-UnityPersXXXX
  Product: Unity Personal
  Type: Assigned
  Expiration: Unlimited
Begin MonoManager ReloadAssembly
Assembly reference Packages/com.unity.cinemachine/Editor/Samples/ExposeHDRPInternals/HDRP-Editor-ref.asmref has no target assembly definition
Assembly reference Packages/com.unity.cinemachine/Editor/Samples/ExposeHDRPInternals/HDRP-Editor-ref.asmref has no target assembly definition
'Packages/com.unity.cinemachine/Editor/Obsolete/CinemachineVirtualCameraBaseEditor.cs' contains partial class of Unity.Object, exactly 1 of the partial classes needs to be in a file with the same filename. This is to know the one that can be referenced from ie. GameObjects
'Packages/com.unity.cinemachine/Editor/Editors/CinemachineVirtualCameraBaseEditor.cs' contains partial class of Unity.Object, exactly 1 of the partial classes needs to be in a file with the same filename. This is to know the one that can be referenced from ie. GameObjects
'Packages/com.unity.render-pipelines.core/Editor/Deprecated.cs' contains partial class of Unity.Object, exactly 1 of the partial classes needs to be in a file with the same filename. This is to know the one that can be referenced from ie. GameObjects
'Packages/com.unity.render-pipelines.core/Editor/Deprecated.cs' contains partial class of Unity.Object, exactly 1 of the partial classes needs to be in a file with the same filename. This is to know the one that can be referenced from ie. GameObjects
Refreshing native plugins compatible for Editor in 2.73 ms, found 4 plugins.
Native extension for WindowsStandalone target not found
[Package Manager] Failed to launch server process. Reason: Unity was launched with the -noUpm command-line argument
[Package Manager] Unable to send message (not connected to server process).
[Package Manager] Cannot connect to Unity Package Manager local server
[Package Manager] Failed to launch server process. Reason: Unity was launched with the -noUpm command-line argument
[Package Manager] Unable to send message (not connected to server process).
[Package Manager] Cannot connect to Unity Package Manager local server
[Package Manager] Failed to launch server process. Reason: Unity was launched with the -noUpm command-line argument
[Package Manager] Unable to send message (not connected to server process).
[Package Manager] Cannot connect to Unity Package Manager local server
ScheduleIndexationOnStartup MainProcess:False IndexOnStartup:True
Scripting: successfully reloaded assembly
- Finished resetting the current domain, in  1.095 seconds
Domain Reload Profiling: 2213ms
	BeginReloadAssembly (365ms)
		DisableScriptedObjects (15ms)
		CreateAndSetChildDomain (78ms)
	RebuildCommonClasses (13ms)
	RebuildNativeTypeToScriptingClass (24ms)
	initialDomainReloadingComplete (96ms)
	LoadAllAssembliesAndSetupDomain (619ms)
		LoadAssemblies (508ms)
		TypeCache.Refresh (9ms)
		AnalyzeDomain (14ms)
			ResolveRequiredComponents (9ms)
	FinalizeReload (1096ms)
		SetupLoadedEditorAssemblies (0ms)
			LogAssemblyErrors (3ms)
			BeforeProcessingInitializeOnLoad (153ms)
			ProcessInitializeOnLoadAttributes (389ms)
			ProcessInitializeOnLoadMethodAttributes (115ms)
			AfterProcessingInitializeOnLoad (12ms)
		AwakeInstancesAfterBackupRestoration (36ms)
Refreshing native plugins compatible for Editor in 3.12 ms, found 4 plugins.
Unloading 14 Unused Serialized files (Serialized files now loaded: 0)
Unloading 7772 unused Assets / (6.9 MB). Loaded Objects now: 8837.
Memory consumption went from 389.6 MB to 382.7 MB.
Total: 10.669500 ms (FindLiveObjects: 0.761000 ms CreateObjectMapping: 0.383200 ms MarkObjects: 7.102100 ms  DeleteObjects: 2.129500 ms)

Prepare: number of updated asset objects reloaded= 0
========================================================================
Received Prepare
AcceleratorClientConnectionCallback - disconnected - :0
Assembly reference Packages/com.unity.cinemachine/Editor/Samples/ExposeHDRPInternals/HDRP-Editor-ref.asmref has no target assembly definition
Assembly reference Packages/com.unity.cinemachine/Editor/Samples/ExposeHDRPInternals/HDRP-Editor-ref.asmref has no target assembly definition
[Licensing::Client] Successfully resolved entitlement details
[Licensing::Module] License group:
  Id: F4-Q75W-G8CW-QZK8-28CR-XXXX
  Product: Unity Personal
  Type: ULF
  Expiration: Unlimited
[Licensing::Module] License group:
  Id: 6872860262671-UnityPersXXXX
  Product: Unity Personal
  Type: Assigned
  Expiration: Unlimited
Begin MonoManager ReloadAssembly
Assembly reference Packages/com.unity.cinemachine/Editor/Samples/ExposeHDRPInternals/HDRP-Editor-ref.asmref has no target assembly definition
Assembly reference Packages/com.unity.cinemachine/Editor/Samples/ExposeHDRPInternals/HDRP-Editor-ref.asmref has no target assembly definition
'Packages/com.unity.cinemachine/Editor/Obsolete/CinemachineVirtualCameraBaseEditor.cs' contains partial class of Unity.Object, exactly 1 of the partial classes needs to be in a file with the same filename. This is to know the one that can be referenced from ie. GameObjects
'Packages/com.unity.cinemachine/Editor/Editors/CinemachineVirtualCameraBaseEditor.cs' contains partial class of Unity.Object, exactly 1 of the partial classes needs to be in a file with the same filename. This is to know the one that can be referenced from ie. GameObjects
'Packages/com.unity.render-pipelines.core/Editor/Deprecated.cs' contains partial class of Unity.Object, exactly 1 of the partial classes needs to be in a file with the same filename. This is to know the one that can be referenced from ie. GameObjects
'Packages/com.unity.render-pipelines.core/Editor/Deprecated.cs' contains partial class of Unity.Object, exactly 1 of the partial classes needs to be in a file with the same filename. This is to know the one that can be referenced from ie. GameObjects
Refreshing native plugins compatible for Editor in 2.35 ms, found 4 plugins.
Native extension for WindowsStandalone target not found
[Package Manager] Failed to launch server process. Reason: Unity was launched with the -noUpm command-line argument
[Package Manager] Unable to send message (not connected to server process).
[Package Manager] Cannot connect to Unity Package Manager local server
[Package Manager] Failed to launch server process. Reason: Unity was launched with the -noUpm command-line argument
[Package Manager] Unable to send message (not connected to server process).
[Package Manager] Cannot connect to Unity Package Manager local server
[Package Manager] Failed to launch server process. Reason: Unity was launched with the -noUpm command-line argument
[Package Manager] Unable to send message (not connected to server process).
[Package Manager] Cannot connect to Unity Package Manager local server
ScheduleIndexationOnStartup MainProcess:False IndexOnStartup:True
Scripting: successfully reloaded assembly
- Finished resetting the current domain, in  1.105 seconds
Domain Reload Profiling: 2544ms
	BeginReloadAssembly (527ms)
		DisableScriptedObjects (44ms)
		CreateAndSetChildDomain (123ms)
	RebuildCommonClasses (14ms)
	RebuildNativeTypeToScriptingClass (24ms)
	initialDomainReloadingComplete (108ms)
	LoadAllAssembliesAndSetupDomain (764ms)
		LoadAssemblies (654ms)
		TypeCache.Refresh (10ms)
		AnalyzeDomain (17ms)
			ResolveRequiredComponents (9ms)
	FinalizeReload (1107ms)
		SetupLoadedEditorAssemblies (0ms)
			LogAssemblyErrors (3ms)
			BeforeProcessingInitializeOnLoad (157ms)
			ProcessInitializeOnLoadAttributes (399ms)
			ProcessInitializeOnLoadMethodAttributes (120ms)
			AfterProcessingInitializeOnLoad (11ms)
			EditorAssembliesLoaded (3ms)
		AwakeInstancesAfterBackupRestoration (40ms)
Refreshing native plugins compatible for Editor in 2.75 ms, found 4 plugins.
Unloading 14 Unused Serialized files (Serialized files now loaded: 0)
Unloading 7772 unused Assets / (6.8 MB). Loaded Objects now: 8840.
Memory consumption went from 397.2 MB to 390.4 MB.
Total: 12.122100 ms (FindLiveObjects: 0.806800 ms CreateObjectMapping: 0.427700 ms MarkObjects: 8.182100 ms  DeleteObjects: 2.411600 ms)

Prepare: number of updated asset objects reloaded= 0
========================================================================
Received Import Request.
  Time of request: 2026-09-30T13:15:55.8046295Z
  Time since last request: 4429.36067999999977 seconds.
  importAddress: GUID: 11c50fd844b7a3f489d88ed9f7b90f92 - Path: Assets/Scenes/options.unity - Importer: PreviewImporter
Importing 'GUID: 11c50fd844b7a3f489d88ed9f7b90f92 - Path: Assets/Scenes/options.unity - Importer: PreviewImporter' with importer (PreviewImporter)
Imported 'GUID: 11c50fd844b7a3f489d88ed9f7b90f92' -> (Import Result ID: '18e136137c7f7c378bd621ed9cfe0d42') in 0.003 seconds [static and dynamic dependencies]. Details - ImportResultOutputID=3bf87ecc4ea491e6a77ccc93b3cb5534 DependenciesID=2fbc3fb84faa487bb77d4e94f8ea68c3 StaticDependenciesID=6cf8beb3cc1621cd65674d40ae1f1f4b 
Number of updated asset objects reloaded before import = 0
Number of asset objects unloaded after import = 0
========================================================================
Received Prepare
AcceleratorClientConnectionCallback - disconnected - :0
Refreshing native plugins compatible for Editor in 2.69 ms, found 4 plugins.
Unloading 14 Unused Serialized files (Serialized files now loaded: 0)
Unloading 14 unused Assets / (3.2 MB). Loaded Objects now: 8840.
Memory consumption went from 396.9 MB to 393.7 MB.
Total: 11.966900 ms (FindLiveObjects: 0.614400 ms CreateObjectMapping: 0.166000 ms MarkObjects: 9.983200 ms  DeleteObjects: 0.857100 ms)

Prepare: number of updated asset objects reloaded= 0
========================================================================
Received Prepare
AcceleratorClientConnectionCallback - disconnected - :0
Assembly reference Packages/com.unity.cinemachine/Editor/Samples/ExposeHDRPInternals/HDRP-Editor-ref.asmref has no target assembly definition
Assembly reference Packages/com.unity.cinemachine/Editor/Samples/ExposeHDRPInternals/HDRP-Editor-ref.asmref has no target assembly definition
[Licensing::Client] Successfully resolved entitlement details
[Licensing::Module] License group:
  Id: F4-Q75W-G8CW-QZK8-28CR-XXXX
  Product: Unity Personal
  Type: ULF
  Expiration: Unlimited
[Licensing::Module] License group:
  Id: 6872860262671-UnityPersXXXX
  Product: Unity Personal
  Type: Assigned
  Expiration: Unlimited
Begin MonoManager ReloadAssembly
Assembly reference Packages/com.unity.cinemachine/Editor/Samples/ExposeHDRPInternals/HDRP-Editor-ref.asmref has no target assembly definition
Assembly reference Packages/com.unity.cinemachine/Editor/Samples/ExposeHDRPInternals/HDRP-Editor-ref.asmref has no target assembly definition
'Packages/com.unity.cinemachine/Editor/Obsolete/CinemachineVirtualCameraBaseEditor.cs' contains partial class of Unity.Object, exactly 1 of the partial classes needs to be in a file with the same filename. This is to know the one that can be referenced from ie. GameObjects
'Packages/com.unity.cinemachine/Editor/Editors/CinemachineVirtualCameraBaseEditor.cs' contains partial class of Unity.Object, exactly 1 of the partial classes needs to be in a file with the same filename. This is to know the one that can be referenced from ie. GameObjects
'Packages/com.unity.render-pipelines.core/Editor/Deprecated.cs' contains partial class of Unity.Object, exactly 1 of the partial classes needs to be in a file with the same filename. This is to know the one that can be referenced from ie. GameObjects
'Packages/com.unity.render-pipelines.core/Editor/Deprecated.cs' contains partial class of Unity.Object, exactly 1 of the partial classes needs to be in a file with the same filename. This is to know the one that can be referenced from ie. GameObjects
Refreshing native plugins compatible for Editor in 2.42 ms, found 4 plugins.
Native extension for WindowsStandalone target not found
[Package Manager] Failed to launch server process. Reason: Unity was launched with the -noUpm command-line argument
[Package Manager] Unable to send message (not connected to server process).
[Package Manager] Cannot connect to Unity Package Manager local server
[Package Manager] Failed to launch server process. Reason: Unity was launched with the -noUpm command-line argument
[Package Manager] Unable to send message (not connected to server process).
[Package Manager] Cannot connect to Unity Package Manager local server
[Package Manager] Failed to launch server process. Reason: Unity was launched with the -noUpm command-line argument
[Package Manager] Unable to send message (not connected to server process).
[Package Manager] Cannot connect to Unity Package Manager local server
ScheduleIndexationOnStartup MainProcess:False IndexOnStartup:True
Scripting: successfully reloaded assembly
- Finished resetting the current domain, in  1.103 seconds
Domain Reload Profiling: 2554ms
	BeginReloadAssembly (367ms)
		DisableScriptedObjects (17ms)
		CreateAndSetChildDomain (78ms)
	RebuildCommonClasses (13ms)
	RebuildNativeTypeToScriptingClass (24ms)
	initialDomainReloadingComplete (106ms)
	LoadAllAssembliesAndSetupDomain (938ms)
		LoadAssemblies (529ms)
		TypeCache.Refresh (16ms)
		AnalyzeDomain (298ms)
			BuildScriptInfoCaches (283ms)
			ResolveRequiredComponents (11ms)
	FinalizeReload (1104ms)
		SetupLoadedEditorAssemblies (0ms)
			InitializePlatformSupportModulesInManaged (3ms)
			BeforeProcessingInitializeOnLoad (177ms)
			ProcessInitializeOnLoadAttributes (393ms)
			ProcessInitializeOnLoadMethodAttributes (118ms)
			AfterProcessingInitializeOnLoad (12ms)
		AwakeInstancesAfterBackupRestoration (39ms)
Refreshing native plugins compatible for Editor in 2.67 ms, found 4 plugins.
Unloading 14 Unused Serialized files (Serialized files now loaded: 0)
Unloading 7772 unused Assets / (7.8 MB). Loaded Objects now: 8843.
Memory consumption went from 423.3 MB to 415.4 MB.
Total: 13.262900 ms (FindLiveObjects: 1.131100 ms CreateObjectMapping: 0.477600 ms MarkObjects: 8.350400 ms  DeleteObjects: 2.982800 ms)

Prepare: number of updated asset objects reloaded= 0
========================================================================
Received Prepare
AcceleratorClientConnectionCallback - disconnected - :0
Refreshing native plugins compatible for Editor in 2.46 ms, found 4 plugins.
Unloading 14 Unused Serialized files (Serialized files now loaded: 0)
Unloading 14 unused Assets / (3.2 MB). Loaded Objects now: 8843.
Memory consumption went from 423.0 MB to 419.8 MB.
Total: 9.251200 ms (FindLiveObjects: 0.649300 ms CreateObjectMapping: 0.203200 ms MarkObjects: 7.352300 ms  DeleteObjects: 0.747500 ms)

Prepare: number of updated asset objects reloaded= 0
========================================================================
Received Prepare
AcceleratorClientConnectionCallback - disconnected - :0
Refreshing native plugins compatible for Editor in 2.52 ms, found 4 plugins.
Unloading 14 Unused Serialized files (Serialized files now loaded: 0)
Unloading 14 unused Assets / (3.2 MB). Loaded Objects now: 8843.
Memory consumption went from 428.0 MB to 424.8 MB.
Total: 9.482300 ms (FindLiveObjects: 0.624500 ms CreateObjectMapping: 0.206500 ms MarkObjects: 7.255500 ms  DeleteObjects: 0.949100 ms)

Prepare: number of updated asset objects reloaded= 0
========================================================================
Received Prepare
AcceleratorClientConnectionCallback - disconnected - :0
Assembly reference Packages/com.unity.cinemachine/Editor/Samples/ExposeHDRPInternals/HDRP-Editor-ref.asmref has no target assembly definition
Assembly reference Packages/com.unity.cinemachine/Editor/Samples/ExposeHDRPInternals/HDRP-Editor-ref.asmref has no target assembly definition
Begin MonoManager ReloadAssembly
Assembly reference Packages/com.unity.cinemachine/Editor/Samples/ExposeHDRPInternals/HDRP-Editor-ref.asmref has no target assembly definition
Assembly reference Packages/com.unity.cinemachine/Editor/Samples/ExposeHDRPInternals/HDRP-Editor-ref.asmref has no target assembly definition
'Packages/com.unity.cinemachine/Editor/Obsolete/CinemachineVirtualCameraBaseEditor.cs' contains partial class of Unity.Object, exactly 1 of the partial classes needs to be in a file with the same filename. This is to know the one that can be referenced from ie. GameObjects
'Packages/com.unity.cinemachine/Editor/Editors/CinemachineVirtualCameraBaseEditor.cs' contains partial class of Unity.Object, exactly 1 of the partial classes needs to be in a file with the same filename. This is to know the one that can be referenced from ie. GameObjects
'Packages/com.unity.render-pipelines.core/Editor/Deprecated.cs' contains partial class of Unity.Object, exactly 1 of the partial classes needs to be in a file with the same filename. This is to know the one that can be referenced from ie. GameObjects
'Packages/com.unity.render-pipelines.core/Editor/Deprecated.cs' contains partial class of Unity.Object, exactly 1 of the partial classes needs to be in a file with the same filename. This is to know the one that can be referenced from ie. GameObjects
Refreshing native plugins compatible for Editor in 2.84 ms, found 4 plugins.
Native extension for WindowsStandalone target not found
[Package Manager] Failed to launch server process. Reason: Unity was launched with the -noUpm command-line argument
[Package Manager] Unable to send message (not connected to server process).
[Package Manager] Cannot connect to Unity Package Manager local server
[Package Manager] Failed to launch server process. Reason: Unity was launched with the -noUpm command-line argument
[Package Manager] Unable to send message (not connected to server process).
[Package Manager] Cannot connect to Unity Package Manager local server
[Package Manager] Failed to launch server process. Reason: Unity was launched with the -noUpm command-line argument
[Package Manager] Unable to send message (not connected to server process).
[Package Manager] Cannot connect to Unity Package Manager local server
ScheduleIndexationOnStartup MainProcess:False IndexOnStartup:True
Scripting: successfully reloaded assembly
- Finished resetting the current domain, in  1.098 seconds
Domain Reload Profiling: 2220ms
	BeginReloadAssembly (360ms)
		DisableScriptedObjects (15ms)
		CreateAndSetChildDomain (79ms)
	RebuildCommonClasses (15ms)
	RebuildNativeTypeToScriptingClass (25ms)
	initialDomainReloadingComplete (96ms)
	LoadAllAssembliesAndSetupDomain (624ms)
		LoadAssemblies (506ms)
		TypeCache.Refresh (9ms)
		AnalyzeDomain (15ms)
			ResolveRequiredComponents (10ms)
	FinalizeReload (1100ms)
		SetupLoadedEditorAssemblies (0ms)
			BeforeProcessingInitializeOnLoad (161ms)
			ProcessInitializeOnLoadAttributes (394ms)
			ProcessInitializeOnLoadMethodAttributes (116ms)
			AfterProcessingInitializeOnLoad (12ms)
		AwakeInstancesAfterBackupRestoration (41ms)
Refreshing native plugins compatible for Editor in 2.55 ms, found 4 plugins.
Unloading 14 Unused Serialized files (Serialized files now loaded: 0)
Unloading 7772 unused Assets / (7.2 MB). Loaded Objects now: 8846.
Memory consumption went from 439.2 MB to 432.0 MB.
Total: 11.100800 ms (FindLiveObjects: 0.992200 ms CreateObjectMapping: 0.506500 ms MarkObjects: 7.114900 ms  DeleteObjects: 2.171800 ms)

Prepare: number of updated asset objects reloaded= 0
========================================================================
Received Prepare
AcceleratorClientConnectionCallback - disconnected - :0
Refreshing native plugins compatible for Editor in 3.10 ms, found 4 plugins.
Unloading 14 Unused Serialized files (Serialized files now loaded: 0)
Unloading 14 unused Assets / (3.2 MB). Loaded Objects now: 8846.
Memory consumption went from 438.9 MB to 435.7 MB.
Total: 8.969800 ms (FindLiveObjects: 0.621500 ms CreateObjectMapping: 0.249100 ms MarkObjects: 7.059400 ms  DeleteObjects: 0.680700 ms)

Prepare: number of updated asset objects reloaded= 0
========================================================================
Received Prepare
AcceleratorClientConnectionCallback - disconnected - :0
Assembly reference Packages/com.unity.cinemachine/Editor/Samples/ExposeHDRPInternals/HDRP-Editor-ref.asmref has no target assembly definition
Assembly reference Packages/com.unity.cinemachine/Editor/Samples/ExposeHDRPInternals/HDRP-Editor-ref.asmref has no target assembly definition
[Licensing::Client] Successfully resolved entitlement details
[Licensing::Module] License group:
  Id: F4-Q75W-G8CW-QZK8-28CR-XXXX
  Product: Unity Personal
  Type: ULF
  Expiration: Unlimited
[Licensing::Module] License group:
  Id: 6872860262671-UnityPersXXXX
  Product: Unity Personal
  Type: Assigned
  Expiration: Unlimited
Begin MonoManager ReloadAssembly
Assembly reference Packages/com.unity.cinemachine/Editor/Samples/ExposeHDRPInternals/HDRP-Editor-ref.asmref has no target assembly definition
Assembly reference Packages/com.unity.cinemachine/Editor/Samples/ExposeHDRPInternals/HDRP-Editor-ref.asmref has no target assembly definition
'Packages/com.unity.cinemachine/Editor/Obsolete/CinemachineVirtualCameraBaseEditor.cs' contains partial class of Unity.Object, exactly 1 of the partial classes needs to be in a file with the same filename. This is to know the one that can be referenced from ie. GameObjects
'Packages/com.unity.cinemachine/Editor/Editors/CinemachineVirtualCameraBaseEditor.cs' contains partial class of Unity.Object, exactly 1 of the partial classes needs to be in a file with the same filename. This is to know the one that can be referenced from ie. GameObjects
'Packages/com.unity.render-pipelines.core/Editor/Deprecated.cs' contains partial class of Unity.Object, exactly 1 of the partial classes needs to be in a file with the same filename. This is to know the one that can be referenced from ie. GameObjects
'Packages/com.unity.render-pipelines.core/Editor/Deprecated.cs' contains partial class of Unity.Object, exactly 1 of the partial classes needs to be in a file with the same filename. This is to know the one that can be referenced from ie. GameObjects
Refreshing native plugins compatible for Editor in 2.56 ms, found 4 plugins.
Native extension for WindowsStandalone target not found
[Package Manager] Failed to launch server process. Reason: Unity was launched with the -noUpm command-line argument
[Package Manager] Unable to send message (not connected to server process).
[Package Manager] Cannot connect to Unity Package Manager local server
[Package Manager] Failed to launch server process. Reason: Unity was launched with the -noUpm command-line argument
[Package Manager] Unable to send message (not connected to server process).
[Package Manager] Cannot connect to Unity Package Manager local server
[Package Manager] Failed to launch server process. Reason: Unity was launched with the -noUpm command-line argument
[Package Manager] Unable to send message (not connected to server process).
[Package Manager] Cannot connect to Unity Package Manager local server
ScheduleIndexationOnStartup MainProcess:False IndexOnStartup:True
Scripting: successfully reloaded assembly
- Finished resetting the current domain, in  1.079 seconds
Domain Reload Profiling: 2236ms
	BeginReloadAssembly (356ms)
		DisableScriptedObjects (15ms)
		CreateAndSetChildDomain (75ms)
	RebuildCommonClasses (13ms)
	RebuildNativeTypeToScriptingClass (27ms)
	initialDomainReloadingComplete (101ms)
	LoadAllAssembliesAndSetupDomain (659ms)
		LoadAssemblies (519ms)
		TypeCache.Refresh (9ms)
		AnalyzeDomain (13ms)
			ResolveRequiredComponents (9ms)
	FinalizeReload (1081ms)
		SetupLoadedEditorAssemblies (0ms)
			LogAssemblyErrors (3ms)
			BeforeProcessingInitializeOnLoad (155ms)
			ProcessInitializeOnLoadAttributes (400ms)
			ProcessInitializeOnLoadMethodAttributes (113ms)
			AfterProcessingInitializeOnLoad (12ms)
		AwakeInstancesAfterBackupRestoration (35ms)
Refreshing native plugins compatible for Editor in 2.55 ms, found 4 plugins.
Unloading 14 Unused Serialized files (Serialized files now loaded: 0)
Unloading 7772 unused Assets / (7.3 MB). Loaded Objects now: 8849.
Memory consumption went from 449.5 MB to 442.1 MB.
Total: 10.722500 ms (FindLiveObjects: 0.848000 ms CreateObjectMapping: 0.433100 ms MarkObjects: 7.072000 ms  DeleteObjects: 2.078900 ms)

Prepare: number of updated asset objects reloaded= 0
========================================================================
Received Prepare
AcceleratorClientConnectionCallback - disconnected - :0
'Packages/com.unity.cinemachine/Editor/Obsolete/CinemachineVirtualCameraBaseEditor.cs' contains partial class of Unity.Object, exactly 1 of the partial classes needs to be in a file with the same filename. This is to know the one that can be referenced from ie. GameObjects
'Packages/com.unity.cinemachine/Editor/Editors/CinemachineVirtualCameraBaseEditor.cs' contains partial class of Unity.Object, exactly 1 of the partial classes needs to be in a file with the same filename. This is to know the one that can be referenced from ie. GameObjects
'Packages/com.unity.render-pipelines.core/Editor/Deprecated.cs' contains partial class of Unity.Object, exactly 1 of the partial classes needs to be in a file with the same filename. This is to know the one that can be referenced from ie. GameObjects
'Packages/com.unity.render-pipelines.core/Editor/Deprecated.cs' contains partial class of Unity.Object, exactly 1 of the partial classes needs to be in a file with the same filename. This is to know the one that can be referenced from ie. GameObjects
Refreshing native plugins compatible for Editor in 2.48 ms, found 4 plugins.
Unloading 14 Unused Serialized files (Serialized files now loaded: 0)
Unloading 7761 unused Assets / (7.2 MB). Loaded Objects now: 8849.
Memory consumption went from 454.6 MB to 447.5 MB.
Total: 11.417000 ms (FindLiveObjects: 0.863300 ms CreateObjectMapping: 0.442800 ms MarkObjects: 7.765400 ms  DeleteObjects: 2.055100 ms)

Prepare: number of updated asset objects reloaded= 0
========================================================================
Received Prepare
AcceleratorClientConnectionCallback - disconnected - :0
Assembly reference Packages/com.unity.cinemachine/Editor/Samples/ExposeHDRPInternals/HDRP-Editor-ref.asmref has no target assembly definition
Assembly reference Packages/com.unity.cinemachine/Editor/Samples/ExposeHDRPInternals/HDRP-Editor-ref.asmref has no target assembly definition
[Licensing::Client] Successfully resolved entitlement details
[Licensing::Module] License group:
  Id: F4-Q75W-G8CW-QZK8-28CR-XXXX
  Product: Unity Personal
  Type: ULF
  Expiration: Unlimited
[Licensing::Module] License group:
  Id: 6872860262671-UnityPersXXXX
  Product: Unity Personal
  Type: Assigned
  Expiration: Unlimited
Begin MonoManager ReloadAssembly
Assembly reference Packages/com.unity.cinemachine/Editor/Samples/ExposeHDRPInternals/HDRP-Editor-ref.asmref has no target assembly definition
Assembly reference Packages/com.unity.cinemachine/Editor/Samples/ExposeHDRPInternals/HDRP-Editor-ref.asmref has no target assembly definition
'Packages/com.unity.cinemachine/Editor/Obsolete/CinemachineVirtualCameraBaseEditor.cs' contains partial class of Unity.Object, exactly 1 of the partial classes needs to be in a file with the same filename. This is to know the one that can be referenced from ie. GameObjects
'Packages/com.unity.cinemachine/Editor/Editors/CinemachineVirtualCameraBaseEditor.cs' contains partial class of Unity.Object, exactly 1 of the partial classes needs to be in a file with the same filename. This is to know the one that can be referenced from ie. GameObjects
'Packages/com.unity.render-pipelines.core/Editor/Deprecated.cs' contains partial class of Unity.Object, exactly 1 of the partial classes needs to be in a file with the same filename. This is to know the one that can be referenced from ie. GameObjects
'Packages/com.unity.render-pipelines.core/Editor/Deprecated.cs' contains partial class of Unity.Object, exactly 1 of the partial classes needs to be in a file with the same filename. This is to know the one that can be referenced from ie. GameObjects
Refreshing native plugins compatible for Editor in 2.52 ms, found 4 plugins.
Native extension for WindowsStandalone target not found
[Package Manager] Failed to launch server process. Reason: Unity was launched with the -noUpm command-line argument
[Package Manager] Unable to send message (not connected to server process).
[Package Manager] Cannot connect to Unity Package Manager local server
[Package Manager] Failed to launch server process. Reason: Unity was launched with the -noUpm command-line argument
[Package Manager] Unable to send message (not connected to server process).
[Package Manager] Cannot connect to Unity Package Manager local server
[Package Manager] Failed to launch server process. Reason: Unity was launched with the -noUpm command-line argument
[Package Manager] Unable to send message (not connected to server process).
[Package Manager] Cannot connect to Unity Package Manager local server
ScheduleIndexationOnStartup MainProcess:False IndexOnStartup:True
Scripting: successfully reloaded assembly
- Finished resetting the current domain, in  1.144 seconds
Domain Reload Profiling: 2596ms
	BeginReloadAssembly (368ms)
		DisableScriptedObjects (15ms)
		CreateAndSetChildDomain (82ms)
	RebuildCommonClasses (17ms)
	RebuildNativeTypeToScriptingClass (27ms)
	initialDomainReloadingComplete (93ms)
	LoadAllAssembliesAndSetupDomain (947ms)
		LoadAssemblies (517ms)
		TypeCache.Refresh (14ms)
		AnalyzeDomain (306ms)
			BuildScriptInfoCaches (292ms)
			ResolveRequiredComponents (11ms)
	FinalizeReload (1145ms)
		SetupLoadedEditorAssemblies (0ms)
			LogAssemblyErrors (3ms)
			InitializePlatformSupportModulesInManaged (3ms)
			BeforeProcessingInitializeOnLoad (167ms)
			ProcessInitializeOnLoadAttributes (412ms)
			ProcessInitializeOnLoadMethodAttributes (120ms)
			AfterProcessingInitializeOnLoad (16ms)
			EditorAssembliesLoaded (4ms)
		AwakeInstancesAfterBackupRestoration (40ms)
Refreshing native plugins compatible for Editor in 2.79 ms, found 4 plugins.
Unloading 14 Unused Serialized files (Serialized files now loaded: 0)
Unloading 7772 unused Assets / (7.6 MB). Loaded Objects now: 8852.
Memory consumption went from 468.4 MB to 460.8 MB.
Total: 10.726800 ms (FindLiveObjects: 0.966900 ms CreateObjectMapping: 0.443300 ms MarkObjects: 6.674700 ms  DeleteObjects: 2.351200 ms)

Prepare: number of updated asset objects reloaded= 0
========================================================================
Received Prepare
AcceleratorClientConnectionCallback - disconnected - :0
Assembly reference Packages/com.unity.cinemachine/Editor/Samples/ExposeHDRPInternals/HDRP-Editor-ref.asmref has no target assembly definition
Assembly reference Packages/com.unity.cinemachine/Editor/Samples/ExposeHDRPInternals/HDRP-Editor-ref.asmref has no target assembly definition
Begin MonoManager ReloadAssembly
Assembly reference Packages/com.unity.cinemachine/Editor/Samples/ExposeHDRPInternals/HDRP-Editor-ref.asmref has no target assembly definition
Assembly reference Packages/com.unity.cinemachine/Editor/Samples/ExposeHDRPInternals/HDRP-Editor-ref.asmref has no target assembly definition
'Packages/com.unity.cinemachine/Editor/Obsolete/CinemachineVirtualCameraBaseEditor.cs' contains partial class of Unity.Object, exactly 1 of the partial classes needs to be in a file with the same filename. This is to know the one that can be referenced from ie. GameObjects
'Packages/com.unity.cinemachine/Editor/Editors/CinemachineVirtualCameraBaseEditor.cs' contains partial class of Unity.Object, exactly 1 of the partial classes needs to be in a file with the same filename. This is to know the one that can be referenced from ie. GameObjects
'Packages/com.unity.render-pipelines.core/Editor/Deprecated.cs' contains partial class of Unity.Object, exactly 1 of the partial classes needs to be in a file with the same filename. This is to know the one that can be referenced from ie. GameObjects
'Packages/com.unity.render-pipelines.core/Editor/Deprecated.cs' contains partial class of Unity.Object, exactly 1 of the partial classes needs to be in a file with the same filename. This is to know the one that can be referenced from ie. GameObjects
Refreshing native plugins compatible for Editor in 2.44 ms, found 4 plugins.
Native extension for WindowsStandalone target not found
[Package Manager] Failed to launch server process. Reason: Unity was launched with the -noUpm command-line argument
[Package Manager] Unable to send message (not connected to server process).
[Package Manager] Cannot connect to Unity Package Manager local server
[Package Manager] Failed to launch server process. Reason: Unity was launched with the -noUpm command-line argument
[Package Manager] Unable to send message (not connected to server process).
[Package Manager] Cannot connect to Unity Package Manager local server
[Package Manager] Failed to launch server process. Reason: Unity was launched with the -noUpm command-line argument
[Package Manager] Unable to send message (not connected to server process).
[Package Manager] Cannot connect to Unity Package Manager local server
ScheduleIndexationOnStartup MainProcess:False IndexOnStartup:True
Scripting: successfully reloaded assembly
- Finished resetting the current domain, in  1.083 seconds
Domain Reload Profiling: 2210ms
	BeginReloadAssembly (366ms)
		DisableScriptedObjects (16ms)
		CreateAndSetChildDomain (83ms)
	RebuildCommonClasses (13ms)
	RebuildNativeTypeToScriptingClass (24ms)
	initialDomainReloadingComplete (96ms)
	LoadAllAssembliesAndSetupDomain (627ms)
		LoadAssemblies (509ms)
		TypeCache.Refresh (8ms)
		AnalyzeDomain (13ms)
			ResolveRequiredComponents (8ms)
	FinalizeReload (1084ms)
		SetupLoadedEditorAssemblies (0ms)
			InitializePlatformSupportModulesInManaged (3ms)
			BeforeProcessingInitializeOnLoad (160ms)
			ProcessInitializeOnLoadAttributes (389ms)
			ProcessInitializeOnLoadMethodAttributes (121ms)
			AfterProcessingInitializeOnLoad (12ms)
		AwakeInstancesAfterBackupRestoration (37ms)
Refreshing native plugins compatible for Editor in 2.70 ms, found 4 plugins.
Unloading 14 Unused Serialized files (Serialized files now loaded: 0)
Unloading 7772 unused Assets / (7.3 MB). Loaded Objects now: 8855.
Memory consumption went from 474.5 MB to 467.1 MB.
Total: 10.774800 ms (FindLiveObjects: 0.878700 ms CreateObjectMapping: 0.462900 ms MarkObjects: 7.030700 ms  DeleteObjects: 2.106900 ms)

Prepare: number of updated asset objects reloaded= 0
========================================================================
Received Prepare
AcceleratorClientConnectionCallback - disconnected - :0
Refreshing native plugins compatible for Editor in 2.71 ms, found 4 plugins.
Unloading 14 Unused Serialized files (Serialized files now loaded: 0)
Unloading 14 unused Assets / (3.2 MB). Loaded Objects now: 8855.
Memory consumption went from 474.2 MB to 471.0 MB.
Total: 9.190600 ms (FindLiveObjects: 0.703400 ms CreateObjectMapping: 0.381000 ms MarkObjects: 7.166600 ms  DeleteObjects: 0.642800 ms)

Prepare: number of updated asset objects reloaded= 0
========================================================================
Received Import Request.
  Time of request: 2026-09-30T13:24:25.6902851Z
  Time since last request: 509.85971610000001 seconds.
  importAddress: GUID: 11c50fd844b7a3f489d88ed9f7b90f92 - Path: Assets/Scenes/options.unity - Importer: PreviewImporter
Importing 'GUID: 11c50fd844b7a3f489d88ed9f7b90f92 - Path: Assets/Scenes/options.unity - Importer: PreviewImporter' with importer (PreviewImporter)
Imported 'GUID: 11c50fd844b7a3f489d88ed9f7b90f92' -> (Import Result ID: '4c0ef3c0467dd42b388be17f3f3b2ce5') in 0.014 seconds [static and dynamic dependencies]. Details - ImportResultOutputID=3bf87ecc4ea491e6a77ccc93b3cb5534 DependenciesID=818c415f4bbd5a8b20311ba8edcfe43b StaticDependenciesID=930da08d25449d0fdac413e475931171 
Number of updated asset objects reloaded before import = 0
Number of asset objects unloaded after import = 0
========================================================================
Received Import Request.
  Time of request: 2026-09-30T13:25:07.4030625Z
  Time since last request: 41.6772062 seconds.
  importAddress: GUID: 0de1ddc905b4af04c87bb22cb1275a33 - Path: Assets/Prefabs/PlataformaBase.prefab - Importer: PreviewImporter
Importing 'GUID: 0de1ddc905b4af04c87bb22cb1275a33 - Path: Assets/Prefabs/PlataformaBase.prefab - Importer: PreviewImporter' with importer (PreviewImporter)
Imported 'GUID: 0de1ddc905b4af04c87bb22cb1275a33' -> (Import Result ID: '10bf6e3707b0aee73182d16ea31474da') in 0.924 seconds [static and dynamic dependencies]. Details - ImportResultOutputID=577eaa19fe7497631a2f54a69f17191e DependenciesID=31ca0b24ee8de417ef39af5bce63a595 StaticDependenciesID=e803fef71ec817f1cab5d8615e8a8794 
Number of updated asset objects reloaded before import = 0
Number of asset objects unloaded after import = 19
========================================================================
Received Prepare
AcceleratorClientConnectionCallback - disconnected - :0
Refreshing native plugins compatible for Editor in 2.80 ms, found 4 plugins.
Unloading 14 Unused Serialized files (Serialized files now loaded: 0)
Unloading 14 unused Assets / (3.2 MB). Loaded Objects now: 9007.
Memory consumption went from 428.6 MB to 425.4 MB.
Total: 11.558800 ms (FindLiveObjects: 0.965300 ms CreateObjectMapping: 0.363600 ms MarkObjects: 9.236800 ms  DeleteObjects: 0.667700 ms)

Prepare: number of updated asset objects reloaded= 0
========================================================================
Received Prepare
AcceleratorClientConnectionCallback - disconnected - :0
Refreshing native plugins compatible for Editor in 3.05 ms, found 4 plugins.
Unloading 14 Unused Serialized files (Serialized files now loaded: 0)
Unloading 14 unused Assets / (3.2 MB). Loaded Objects now: 9007.
Memory consumption went from 433.6 MB to 430.5 MB.
Total: 12.433700 ms (FindLiveObjects: 0.790200 ms CreateObjectMapping: 0.437300 ms MarkObjects: 10.158700 ms  DeleteObjects: 0.752000 ms)

Prepare: number of updated asset objects reloaded= 0
========================================================================
Received Prepare
AcceleratorClientConnectionCallback - disconnected - :0
Refreshing native plugins compatible for Editor in 3.36 ms, found 4 plugins.
Unloading 14 Unused Serialized files (Serialized files now loaded: 0)
Unloading 14 unused Assets / (3.3 MB). Loaded Objects now: 9007.
Memory consumption went from 438.7 MB to 435.4 MB.
Total: 13.530400 ms (FindLiveObjects: 0.699000 ms CreateObjectMapping: 0.194400 ms MarkObjects: 11.501000 ms  DeleteObjects: 0.745500 ms)

Prepare: number of updated asset objects reloaded= 0
========================================================================
Received Import Request.
  Time of request: 2026-09-30T13:26:00.4672191Z
  Time since last request: 52.1126719 seconds.
  importAddress: GUID: fc6edcb96dc6b8848b3709373e048a0a - Path: Assets/Scenes/Turret_sewer.unity - Importer: PreviewImporter
Importing 'GUID: fc6edcb96dc6b8848b3709373e048a0a - Path: Assets/Scenes/Turret_sewer.unity - Importer: PreviewImporter' with importer (PreviewImporter)
Imported 'GUID: fc6edcb96dc6b8848b3709373e048a0a' -> (Import Result ID: '3eabb75729dceca0dfdc61905315f375') in 0.001 seconds [static and dynamic dependencies]. Details - ImportResultOutputID=9417a5907c5e7b5f10bbfa6bb6ae4d44 DependenciesID=7def6041d485781d268ef9cfdb0caebf StaticDependenciesID=2660bfa2b0a106319d0ccfeee0ed530b 
Number of updated asset objects reloaded before import = 0
Number of asset objects unloaded after import = 0
========================================================================
Received Prepare
AcceleratorClientConnectionCallback - disconnected - :0
Refreshing native plugins compatible for Editor in 2.71 ms, found 4 plugins.
Unloading 14 Unused Serialized files (Serialized files now loaded: 0)
Unloading 14 unused Assets / (3.2 MB). Loaded Objects now: 9007.
Memory consumption went from 443.7 MB to 440.5 MB.
Total: 12.339100 ms (FindLiveObjects: 0.743500 ms CreateObjectMapping: 0.246200 ms MarkObjects: 10.428100 ms  DeleteObjects: 0.615100 ms)

Prepare: number of updated asset objects reloaded= 0
========================================================================
Received Import Request.
  Time of request: 2026-09-30T13:26:11.0194463Z
  Time since last request: 10.5303737 seconds.
  importAddress: GUID: 744d8266e59d12a44a24480418dafa42 - Path: Assets/Scenes/MenuPrincipal.unity - Importer: PreviewImporter
Importing 'GUID: 744d8266e59d12a44a24480418dafa42 - Path: Assets/Scenes/MenuPrincipal.unity - Importer: PreviewImporter' with importer (PreviewImporter)
Imported 'GUID: 744d8266e59d12a44a24480418dafa42' -> (Import Result ID: 'c41af12dbe487547da8afb7484cfd8f8') in 0.005 seconds [static and dynamic dependencies]. Details - ImportResultOutputID=3cb9592b7771d188f1b9d2dbefbd8bfc DependenciesID=e8da498dc68912b9466e626ba27fe801 StaticDependenciesID=72b5789ae334e302ad57b85a9871341f 
Number of updated asset objects reloaded before import = 0
Number of asset objects unloaded after import = 0
========================================================================
Received Prepare
AcceleratorClientConnectionCallback - disconnected - :0
Assembly reference Packages/com.unity.cinemachine/Editor/Samples/ExposeHDRPInternals/HDRP-Editor-ref.asmref has no target assembly definition
Assembly reference Packages/com.unity.cinemachine/Editor/Samples/ExposeHDRPInternals/HDRP-Editor-ref.asmref has no target assembly definition
[Licensing::Client] Successfully resolved entitlement details
[Licensing::Module] License group:
  Id: F4-Q75W-G8CW-QZK8-28CR-XXXX
  Product: Unity Personal
  Type: ULF
  Expiration: Unlimited
[Licensing::Module] License group:
  Id: 6872860262671-UnityPersXXXX
  Product: Unity Personal
  Type: Assigned
  Expiration: Unlimited
Begin MonoManager ReloadAssembly
Assembly reference Packages/com.unity.cinemachine/Editor/Samples/ExposeHDRPInternals/HDRP-Editor-ref.asmref has no target assembly definition
Assembly reference Packages/com.unity.cinemachine/Editor/Samples/ExposeHDRPInternals/HDRP-Editor-ref.asmref has no target assembly definition
'Packages/com.unity.cinemachine/Editor/Obsolete/CinemachineVirtualCameraBaseEditor.cs' contains partial class of Unity.Object, exactly 1 of the partial classes needs to be in a file with the same filename. This is to know the one that can be referenced from ie. GameObjects
'Packages/com.unity.cinemachine/Editor/Editors/CinemachineVirtualCameraBaseEditor.cs' contains partial class of Unity.Object, exactly 1 of the partial classes needs to be in a file with the same filename. This is to know the one that can be referenced from ie. GameObjects
'Packages/com.unity.render-pipelines.core/Editor/Deprecated.cs' contains partial class of Unity.Object, exactly 1 of the partial classes needs to be in a file with the same filename. This is to know the one that can be referenced from ie. GameObjects
'Packages/com.unity.render-pipelines.core/Editor/Deprecated.cs' contains partial class of Unity.Object, exactly 1 of the partial classes needs to be in a file with the same filename. This is to know the one that can be referenced from ie. GameObjects
Refreshing native plugins compatible for Editor in 2.74 ms, found 4 plugins.
Native extension for WindowsStandalone target not found
[Package Manager] Failed to launch server process. Reason: Unity was launched with the -noUpm command-line argument
[Package Manager] Unable to send message (not connected to server process).
[Package Manager] Cannot connect to Unity Package Manager local server
[Package Manager] Failed to launch server process. Reason: Unity was launched with the -noUpm command-line argument
[Package Manager] Unable to send message (not connected to server process).
[Package Manager] Cannot connect to Unity Package Manager local server
[Package Manager] Failed to launch server process. Reason: Unity was launched with the -noUpm command-line argument
[Package Manager] Unable to send message (not connected to server process).
[Package Manager] Cannot connect to Unity Package Manager local server
ScheduleIndexationOnStartup MainProcess:False IndexOnStartup:True
Scripting: successfully reloaded assembly
- Finished resetting the current domain, in  1.078 seconds
Domain Reload Profiling: 2230ms
	BeginReloadAssembly (399ms)
		DisableScriptedObjects (46ms)
		CreateAndSetChildDomain (92ms)
	RebuildCommonClasses (14ms)
	RebuildNativeTypeToScriptingClass (24ms)
	initialDomainReloadingComplete (92ms)
	LoadAllAssembliesAndSetupDomain (622ms)
		LoadAssemblies (508ms)
		TypeCache.Refresh (8ms)
		AnalyzeDomain (13ms)
			ResolveRequiredComponents (9ms)
	FinalizeReload (1080ms)
		SetupLoadedEditorAssemblies (0ms)
			InitializePlatformSupportModulesInManaged (3ms)
			BeforeProcessingInitializeOnLoad (156ms)
			ProcessInitializeOnLoadAttributes (397ms)
			ProcessInitializeOnLoadMethodAttributes (110ms)
			AfterProcessingInitializeOnLoad (12ms)
		AwakeInstancesAfterBackupRestoration (37ms)
Refreshing native plugins compatible for Editor in 2.67 ms, found 4 plugins.
Unloading 14 Unused Serialized files (Serialized files now loaded: 0)
Unloading 7772 unused Assets / (6.5 MB). Loaded Objects now: 8894.
Memory consumption went from 435.5 MB to 429.0 MB.
Total: 11.800900 ms (FindLiveObjects: 1.071400 ms CreateObjectMapping: 0.570200 ms MarkObjects: 7.745300 ms  DeleteObjects: 2.122800 ms)

Prepare: number of updated asset objects reloaded= 0
========================================================================
Received Import Request.
  Time of request: 2026-09-30T13:28:01.0203122Z
  Time since last request: 109.9737994 seconds.
  importAddress: GUID: 11c50fd844b7a3f489d88ed9f7b90f92 - Path: Assets/Scenes/options.unity - Importer: PreviewImporter
Importing 'GUID: 11c50fd844b7a3f489d88ed9f7b90f92 - Path: Assets/Scenes/options.unity - Importer: PreviewImporter' with importer (PreviewImporter)
Imported 'GUID: 11c50fd844b7a3f489d88ed9f7b90f92' -> (Import Result ID: '8b6953f2a7bef3b45c6ac3364157fae9') in 0.010 seconds [static and dynamic dependencies]. Details - ImportResultOutputID=3bf87ecc4ea491e6a77ccc93b3cb5534 DependenciesID=16e1ee33d94e96d1a56e5d3647e6dd2f StaticDependenciesID=50ea1b4197899db5994f4f8f45fd311e 
Number of updated asset objects reloaded before import = 0
Number of asset objects unloaded after import = 0
========================================================================
Received Prepare
AcceleratorClientConnectionCallback - disconnected - :0
Refreshing native plugins compatible for Editor in 2.83 ms, found 4 plugins.
Unloading 14 Unused Serialized files (Serialized files now loaded: 0)
Unloading 14 unused Assets / (3.2 MB). Loaded Objects now: 8894.
Memory consumption went from 430.1 MB to 426.9 MB.
Total: 9.840100 ms (FindLiveObjects: 0.793000 ms CreateObjectMapping: 0.253100 ms MarkObjects: 7.737700 ms  DeleteObjects: 0.720000 ms)

Prepare: number of updated asset objects reloaded= 0
========================================================================
Received Prepare
AcceleratorClientConnectionCallback - disconnected - :0
Assembly reference Packages/com.unity.cinemachine/Editor/Samples/ExposeHDRPInternals/HDRP-Editor-ref.asmref has no target assembly definition
Assembly reference Packages/com.unity.cinemachine/Editor/Samples/ExposeHDRPInternals/HDRP-Editor-ref.asmref has no target assembly definition
[Licensing::Client] Successfully resolved entitlement details
[Licensing::Module] License group:
  Id: F4-Q75W-G8CW-QZK8-28CR-XXXX
  Product: Unity Personal
  Type: ULF
  Expiration: Unlimited
[Licensing::Module] License group:
  Id: 6872860262671-UnityPersXXXX
  Product: Unity Personal
  Type: Assigned
  Expiration: Unlimited
Begin MonoManager ReloadAssembly
Assembly reference Packages/com.unity.cinemachine/Editor/Samples/ExposeHDRPInternals/HDRP-Editor-ref.asmref has no target assembly definition
Assembly reference Packages/com.unity.cinemachine/Editor/Samples/ExposeHDRPInternals/HDRP-Editor-ref.asmref has no target assembly definition
'Packages/com.unity.cinemachine/Editor/Obsolete/CinemachineVirtualCameraBaseEditor.cs' contains partial class of Unity.Object, exactly 1 of the partial classes needs to be in a file with the same filename. This is to know the one that can be referenced from ie. GameObjects
'Packages/com.unity.cinemachine/Editor/Editors/CinemachineVirtualCameraBaseEditor.cs' contains partial class of Unity.Object, exactly 1 of the partial classes needs to be in a file with the same filename. This is to know the one that can be referenced from ie. GameObjects
'Packages/com.unity.render-pipelines.core/Editor/Deprecated.cs' contains partial class of Unity.Object, exactly 1 of the partial classes needs to be in a file with the same filename. This is to know the one that can be referenced from ie. GameObjects
'Packages/com.unity.render-pipelines.core/Editor/Deprecated.cs' contains partial class of Unity.Object, exactly 1 of the partial classes needs to be in a file with the same filename. This is to know the one that can be referenced from ie. GameObjects
Refreshing native plugins compatible for Editor in 2.34 ms, found 4 plugins.
Native extension for WindowsStandalone target not found
[Package Manager] Failed to launch server process. Reason: Unity was launched with the -noUpm command-line argument
[Package Manager] Unable to send message (not connected to server process).
[Package Manager] Cannot connect to Unity Package Manager local server
[Package Manager] Failed to launch server process. Reason: Unity was launched with the -noUpm command-line argument
[Package Manager] Unable to send message (not connected to server process).
[Package Manager] Cannot connect to Unity Package Manager local server
[Package Manager] Failed to launch server process. Reason: Unity was launched with the -noUpm command-line argument
[Package Manager] Unable to send message (not connected to server process).
[Package Manager] Cannot connect to Unity Package Manager local server
ScheduleIndexationOnStartup MainProcess:False IndexOnStartup:True
Scripting: successfully reloaded assembly
- Finished resetting the current domain, in  1.102 seconds
Domain Reload Profiling: 2218ms
	BeginReloadAssembly (368ms)
		DisableScriptedObjects (15ms)
		CreateAndSetChildDomain (84ms)
	RebuildCommonClasses (14ms)
	RebuildNativeTypeToScriptingClass (24ms)
	initialDomainReloadingComplete (94ms)
	LoadAllAssembliesAndSetupDomain (615ms)
		LoadAssemblies (498ms)
		TypeCache.Refresh (9ms)
		AnalyzeDomain (13ms)
			ResolveRequiredComponents (9ms)
	FinalizeReload (1103ms)
		SetupLoadedEditorAssemblies (0ms)
			LogAssemblyErrors (3ms)
			BeforeProcessingInitializeOnLoad (155ms)
			ProcessInitializeOnLoadAttributes (391ms)
			ProcessInitializeOnLoadMethodAttributes (117ms)
			AfterProcessingInitializeOnLoad (13ms)
		AwakeInstancesAfterBackupRestoration (41ms)
Refreshing native plugins compatible for Editor in 3.85 ms, found 4 plugins.
Unloading 14 Unused Serialized files (Serialized files now loaded: 0)
Unloading 7772 unused Assets / (6.7 MB). Loaded Objects now: 8897.
Memory consumption went from 440.6 MB to 434.0 MB.
Total: 11.070200 ms (FindLiveObjects: 1.118300 ms CreateObjectMapping: 0.479300 ms MarkObjects: 6.992300 ms  DeleteObjects: 2.176900 ms)

Prepare: number of updated asset objects reloaded= 0
========================================================================
Received Prepare
AcceleratorClientConnectionCallback - disconnected - :0
Assembly reference Packages/com.unity.cinemachine/Editor/Samples/ExposeHDRPInternals/HDRP-Editor-ref.asmref has no target assembly definition
Assembly reference Packages/com.unity.cinemachine/Editor/Samples/ExposeHDRPInternals/HDRP-Editor-ref.asmref has no target assembly definition
Begin MonoManager ReloadAssembly
Assembly reference Packages/com.unity.cinemachine/Editor/Samples/ExposeHDRPInternals/HDRP-Editor-ref.asmref has no target assembly definition
Assembly reference Packages/com.unity.cinemachine/Editor/Samples/ExposeHDRPInternals/HDRP-Editor-ref.asmref has no target assembly definition
'Packages/com.unity.cinemachine/Editor/Obsolete/CinemachineVirtualCameraBaseEditor.cs' contains partial class of Unity.Object, exactly 1 of the partial classes needs to be in a file with the same filename. This is to know the one that can be referenced from ie. GameObjects
'Packages/com.unity.cinemachine/Editor/Editors/CinemachineVirtualCameraBaseEditor.cs' contains partial class of Unity.Object, exactly 1 of the partial classes needs to be in a file with the same filename. This is to know the one that can be referenced from ie. GameObjects
'Packages/com.unity.render-pipelines.core/Editor/Deprecated.cs' contains partial class of Unity.Object, exactly 1 of the partial classes needs to be in a file with the same filename. This is to know the one that can be referenced from ie. GameObjects
'Packages/com.unity.render-pipelines.core/Editor/Deprecated.cs' contains partial class of Unity.Object, exactly 1 of the partial classes needs to be in a file with the same filename. This is to know the one that can be referenced from ie. GameObjects
Refreshing native plugins compatible for Editor in 2.70 ms, found 4 plugins.
Native extension for WindowsStandalone target not found
[Package Manager] Failed to launch server process. Reason: Unity was launched with the -noUpm command-line argument
[Package Manager] Unable to send message (not connected to server process).
[Package Manager] Cannot connect to Unity Package Manager local server
[Package Manager] Failed to launch server process. Reason: Unity was launched with the -noUpm command-line argument
[Package Manager] Unable to send message (not connected to server process).
[Package Manager] Cannot connect to Unity Package Manager local server
[Package Manager] Failed to launch server process. Reason: Unity was launched with the -noUpm command-line argument
[Package Manager] Unable to send message (not connected to server process).
[Package Manager] Cannot connect to Unity Package Manager local server
ScheduleIndexationOnStartup MainProcess:False IndexOnStartup:True
Scripting: successfully reloaded assembly
- Finished resetting the current domain, in  1.091 seconds
Domain Reload Profiling: 2500ms
	BeginReloadAssembly (370ms)
		DisableScriptedObjects (16ms)
		CreateAndSetChildDomain (85ms)
	RebuildCommonClasses (14ms)
	RebuildNativeTypeToScriptingClass (24ms)
	initialDomainReloadingComplete (94ms)
	LoadAllAssembliesAndSetupDomain (905ms)
		LoadAssemblies (515ms)
		TypeCache.Refresh (15ms)
		AnalyzeDomain (284ms)
			BuildScriptInfoCaches (273ms)
			ResolveRequiredComponents (9ms)
	FinalizeReload (1093ms)
		SetupLoadedEditorAssemblies (0ms)
			BeforeProcessingInitializeOnLoad (162ms)
			ProcessInitializeOnLoadAttributes (389ms)
			ProcessInitializeOnLoadMethodAttributes (114ms)
			AfterProcessingInitializeOnLoad (14ms)
		AwakeInstancesAfterBackupRestoration (37ms)
Refreshing native plugins compatible for Editor in 2.90 ms, found 4 plugins.
Unloading 14 Unused Serialized files (Serialized files now loaded: 0)
Unloading 7772 unused Assets / (6.8 MB). Loaded Objects now: 8900.
Memory consumption went from 452.4 MB to 445.6 MB.
Total: 12.121400 ms (FindLiveObjects: 1.078100 ms CreateObjectMapping: 0.540200 ms MarkObjects: 7.983200 ms  DeleteObjects: 2.208200 ms)

Prepare: number of updated asset objects reloaded= 0
========================================================================
Received Prepare
AcceleratorClientConnectionCallback - disconnected - :0
Assembly reference Packages/com.unity.cinemachine/Editor/Samples/ExposeHDRPInternals/HDRP-Editor-ref.asmref has no target assembly definition
Assembly reference Packages/com.unity.cinemachine/Editor/Samples/ExposeHDRPInternals/HDRP-Editor-ref.asmref has no target assembly definition
[Licensing::Client] Successfully resolved entitlement details
[Licensing::Module] License group:
  Id: F4-Q75W-G8CW-QZK8-28CR-XXXX
  Product: Unity Personal
  Type: ULF
  Expiration: Unlimited
[Licensing::Module] License group:
  Id: 6872860262671-UnityPersXXXX
  Product: Unity Personal
  Type: Assigned
  Expiration: Unlimited
Begin MonoManager ReloadAssembly
Assembly reference Packages/com.unity.cinemachine/Editor/Samples/ExposeHDRPInternals/HDRP-Editor-ref.asmref has no target assembly definition
Assembly reference Packages/com.unity.cinemachine/Editor/Samples/ExposeHDRPInternals/HDRP-Editor-ref.asmref has no target assembly definition
'Packages/com.unity.cinemachine/Editor/Obsolete/CinemachineVirtualCameraBaseEditor.cs' contains partial class of Unity.Object, exactly 1 of the partial classes needs to be in a file with the same filename. This is to know the one that can be referenced from ie. GameObjects
'Packages/com.unity.cinemachine/Editor/Editors/CinemachineVirtualCameraBaseEditor.cs' contains partial class of Unity.Object, exactly 1 of the partial classes needs to be in a file with the same filename. This is to know the one that can be referenced from ie. GameObjects
'Packages/com.unity.render-pipelines.core/Editor/Deprecated.cs' contains partial class of Unity.Object, exactly 1 of the partial classes needs to be in a file with the same filename. This is to know the one that can be referenced from ie. GameObjects
'Packages/com.unity.render-pipelines.core/Editor/Deprecated.cs' contains partial class of Unity.Object, exactly 1 of the partial classes needs to be in a file with the same filename. This is to know the one that can be referenced from ie. GameObjects
Refreshing native plugins compatible for Editor in 2.94 ms, found 4 plugins.
Native extension for WindowsStandalone target not found
[Package Manager] Failed to launch server process. Reason: Unity was launched with the -noUpm command-line argument
[Package Manager] Unable to send message (not connected to server process).
[Package Manager] Cannot connect to Unity Package Manager local server
[Package Manager] Failed to launch server process. Reason: Unity was launched with the -noUpm command-line argument
[Package Manager] Unable to send message (not connected to server process).
[Package Manager] Cannot connect to Unity Package Manager local server
[Package Manager] Failed to launch server process. Reason: Unity was launched with the -noUpm command-line argument
[Package Manager] Unable to send message (not connected to server process).
[Package Manager] Cannot connect to Unity Package Manager local server
ScheduleIndexationOnStartup MainProcess:False IndexOnStartup:True
Scripting: successfully reloaded assembly
- Finished resetting the current domain, in  1.200 seconds
Domain Reload Profiling: 4326ms
	BeginReloadAssembly (554ms)
		DisableScriptedObjects (16ms)
		CreateAndSetChildDomain (84ms)
	RebuildCommonClasses (14ms)
	RebuildNativeTypeToScriptingClass (122ms)
	initialDomainReloadingComplete (97ms)
	LoadAllAssembliesAndSetupDomain (2338ms)
		LoadAssemblies (2383ms)
		TypeCache.Refresh (8ms)
		AnalyzeDomain (15ms)
			ResolveRequiredComponents (9ms)
	FinalizeReload (1201ms)
		SetupLoadedEditorAssemblies (0ms)
			LogAssemblyErrors (3ms)
			InitializePlatformSupportModulesInManaged (3ms)
			BeforeProcessingInitializeOnLoad (171ms)
			ProcessInitializeOnLoadAttributes (422ms)
			ProcessInitializeOnLoadMethodAttributes (126ms)
			AfterProcessingInitializeOnLoad (13ms)
		AwakeInstancesAfterBackupRestoration (40ms)
Refreshing native plugins compatible for Editor in 2.99 ms, found 4 plugins.
Unloading 14 Unused Serialized files (Serialized files now loaded: 0)
Unloading 7772 unused Assets / (6.8 MB). Loaded Objects now: 8903.
Memory consumption went from 458.6 MB to 451.8 MB.
Total: 12.264800 ms (FindLiveObjects: 1.091100 ms CreateObjectMapping: 0.686100 ms MarkObjects: 7.746200 ms  DeleteObjects: 2.446000 ms)

Prepare: number of updated asset objects reloaded= 0
========================================================================
Received Prepare
AcceleratorClientConnectionCallback - disconnected - :0
Refreshing native plugins compatible for Editor in 2.49 ms, found 4 plugins.
Unloading 14 Unused Serialized files (Serialized files now loaded: 0)
Unloading 14 unused Assets / (3.2 MB). Loaded Objects now: 8903.
Memory consumption went from 458.3 MB to 455.1 MB.
Total: 9.247800 ms (FindLiveObjects: 0.855900 ms CreateObjectMapping: 0.325400 ms MarkObjects: 7.172300 ms  DeleteObjects: 0.604500 ms)

Prepare: number of updated asset objects reloaded= 0
========================================================================
Received Prepare
AcceleratorClientConnectionCallback - disconnected - :0
Refreshing native plugins compatible for Editor in 2.79 ms, found 4 plugins.
Unloading 14 Unused Serialized files (Serialized files now loaded: 0)
Unloading 14 unused Assets / (3.2 MB). Loaded Objects now: 8903.
Memory consumption went from 463.3 MB to 460.1 MB.
Total: 9.848100 ms (FindLiveObjects: 1.064300 ms CreateObjectMapping: 0.534200 ms MarkObjects: 7.282800 ms  DeleteObjects: 0.672400 ms)

Prepare: number of updated asset objects reloaded= 0
========================================================================
Received Prepare
AcceleratorClientConnectionCallback - disconnected - :0
Assembly reference Packages/com.unity.cinemachine/Editor/Samples/ExposeHDRPInternals/HDRP-Editor-ref.asmref has no target assembly definition
Assembly reference Packages/com.unity.cinemachine/Editor/Samples/ExposeHDRPInternals/HDRP-Editor-ref.asmref has no target assembly definition
Begin MonoManager ReloadAssembly
Assembly reference Packages/com.unity.cinemachine/Editor/Samples/ExposeHDRPInternals/HDRP-Editor-ref.asmref has no target assembly definition
Assembly reference Packages/com.unity.cinemachine/Editor/Samples/ExposeHDRPInternals/HDRP-Editor-ref.asmref has no target assembly definition
'Packages/com.unity.cinemachine/Editor/Obsolete/CinemachineVirtualCameraBaseEditor.cs' contains partial class of Unity.Object, exactly 1 of the partial classes needs to be in a file with the same filename. This is to know the one that can be referenced from ie. GameObjects
'Packages/com.unity.cinemachine/Editor/Editors/CinemachineVirtualCameraBaseEditor.cs' contains partial class of Unity.Object, exactly 1 of the partial classes needs to be in a file with the same filename. This is to know the one that can be referenced from ie. GameObjects
'Packages/com.unity.render-pipelines.core/Editor/Deprecated.cs' contains partial class of Unity.Object, exactly 1 of the partial classes needs to be in a file with the same filename. This is to know the one that can be referenced from ie. GameObjects
'Packages/com.unity.render-pipelines.core/Editor/Deprecated.cs' contains partial class of Unity.Object, exactly 1 of the partial classes needs to be in a file with the same filename. This is to know the one that can be referenced from ie. GameObjects
Refreshing native plugins compatible for Editor in 2.40 ms, found 4 plugins.
Native extension for WindowsStandalone target not found
[Package Manager] Failed to launch server process. Reason: Unity was launched with the -noUpm command-line argument
[Package Manager] Unable to send message (not connected to server process).
[Package Manager] Cannot connect to Unity Package Manager local server
[Package Manager] Failed to launch server process. Reason: Unity was launched with the -noUpm command-line argument
[Package Manager] Unable to send message (not connected to server process).
[Package Manager] Cannot connect to Unity Package Manager local server
[Package Manager] Failed to launch server process. Reason: Unity was launched with the -noUpm command-line argument
[Package Manager] Unable to send message (not connected to server process).
[Package Manager] Cannot connect to Unity Package Manager local server
ScheduleIndexationOnStartup MainProcess:False IndexOnStartup:True
Scripting: successfully reloaded assembly
- Finished resetting the current domain, in  1.101 seconds
Domain Reload Profiling: 2200ms
	BeginReloadAssembly (361ms)
		DisableScriptedObjects (15ms)
		CreateAndSetChildDomain (79ms)
	RebuildCommonClasses (14ms)
	RebuildNativeTypeToScriptingClass (24ms)
	initialDomainReloadingComplete (92ms)
	LoadAllAssembliesAndSetupDomain (607ms)
		LoadAssemblies (495ms)
		TypeCache.Refresh (10ms)
		AnalyzeDomain (13ms)
			ResolveRequiredComponents (9ms)
	FinalizeReload (1103ms)
		SetupLoadedEditorAssemblies (0ms)
			BeforeProcessingInitializeOnLoad (158ms)
			ProcessInitializeOnLoadAttributes (393ms)
			ProcessInitializeOnLoadMethodAttributes (111ms)
			AfterProcessingInitializeOnLoad (12ms)
		AwakeInstancesAfterBackupRestoration (39ms)
Refreshing native plugins compatible for Editor in 2.59 ms, found 4 plugins.
Unloading 14 Unused Serialized files (Serialized files now loaded: 0)
Unloading 7772 unused Assets / (7.7 MB). Loaded Objects now: 8906.
Memory consumption went from 473.8 MB to 466.1 MB.
Total: 12.226500 ms (FindLiveObjects: 1.357800 ms CreateObjectMapping: 0.727600 ms MarkObjects: 7.340500 ms  DeleteObjects: 2.507400 ms)

Prepare: number of updated asset objects reloaded= 0
========================================================================
Received Prepare
AcceleratorClientConnectionCallback - disconnected - :0
Assembly reference Packages/com.unity.cinemachine/Editor/Samples/ExposeHDRPInternals/HDRP-Editor-ref.asmref has no target assembly definition
Assembly reference Packages/com.unity.cinemachine/Editor/Samples/ExposeHDRPInternals/HDRP-Editor-ref.asmref has no target assembly definition
[Licensing::Client] Successfully resolved entitlement details
[Licensing::Module] License group:
  Id: F4-Q75W-G8CW-QZK8-28CR-XXXX
  Product: Unity Personal
  Type: ULF
  Expiration: Unlimited
[Licensing::Module] License group:
  Id: 6872860262671-UnityPersXXXX
  Product: Unity Personal
  Type: Assigned
  Expiration: Unlimited
Begin MonoManager ReloadAssembly
Assembly reference Packages/com.unity.cinemachine/Editor/Samples/ExposeHDRPInternals/HDRP-Editor-ref.asmref has no target assembly definition
Assembly reference Packages/com.unity.cinemachine/Editor/Samples/ExposeHDRPInternals/HDRP-Editor-ref.asmref has no target assembly definition
'Packages/com.unity.cinemachine/Editor/Obsolete/CinemachineVirtualCameraBaseEditor.cs' contains partial class of Unity.Object, exactly 1 of the partial classes needs to be in a file with the same filename. This is to know the one that can be referenced from ie. GameObjects
'Packages/com.unity.cinemachine/Editor/Editors/CinemachineVirtualCameraBaseEditor.cs' contains partial class of Unity.Object, exactly 1 of the partial classes needs to be in a file with the same filename. This is to know the one that can be referenced from ie. GameObjects
'Packages/com.unity.render-pipelines.core/Editor/Deprecated.cs' contains partial class of Unity.Object, exactly 1 of the partial classes needs to be in a file with the same filename. This is to know the one that can be referenced from ie. GameObjects
'Packages/com.unity.render-pipelines.core/Editor/Deprecated.cs' contains partial class of Unity.Object, exactly 1 of the partial classes needs to be in a file with the same filename. This is to know the one that can be referenced from ie. GameObjects
Refreshing native plugins compatible for Editor in 2.63 ms, found 4 plugins.
Native extension for WindowsStandalone target not found
[Package Manager] Failed to launch server process. Reason: Unity was launched with the -noUpm command-line argument
[Package Manager] Unable to send message (not connected to server process).
[Package Manager] Cannot connect to Unity Package Manager local server
[Package Manager] Failed to launch server process. Reason: Unity was launched with the -noUpm command-line argument
[Package Manager] Unable to send message (not connected to server process).
[Package Manager] Cannot connect to Unity Package Manager local server
[Package Manager] Failed to launch server process. Reason: Unity was launched with the -noUpm command-line argument
[Package Manager] Unable to send message (not connected to server process).
[Package Manager] Cannot connect to Unity Package Manager local server
ScheduleIndexationOnStartup MainProcess:False IndexOnStartup:True
Scripting: successfully reloaded assembly
- Finished resetting the current domain, in  1.105 seconds
Domain Reload Profiling: 2210ms
	BeginReloadAssembly (369ms)
		DisableScriptedObjects (15ms)
		CreateAndSetChildDomain (88ms)
	RebuildCommonClasses (15ms)
	RebuildNativeTypeToScriptingClass (26ms)
	initialDomainReloadingComplete (92ms)
	LoadAllAssembliesAndSetupDomain (601ms)
		LoadAssemblies (494ms)
		TypeCache.Refresh (8ms)
		AnalyzeDomain (13ms)
			ResolveRequiredComponents (9ms)
	FinalizeReload (1106ms)
		SetupLoadedEditorAssemblies (0ms)
			LogAssemblyErrors (3ms)
			BeforeProcessingInitializeOnLoad (155ms)
			ProcessInitializeOnLoadAttributes (402ms)
			ProcessInitializeOnLoadMethodAttributes (115ms)
			AfterProcessingInitializeOnLoad (13ms)
			EditorAssembliesLoaded (3ms)
		AwakeInstancesAfterBackupRestoration (37ms)
Refreshing native plugins compatible for Editor in 2.66 ms, found 4 plugins.
Unloading 14 Unused Serialized files (Serialized files now loaded: 0)
Unloading 7772 unused Assets / (8.0 MB). Loaded Objects now: 8909.
Memory consumption went from 479.0 MB to 471.0 MB.
Total: 13.123800 ms (FindLiveObjects: 1.148900 ms CreateObjectMapping: 0.564900 ms MarkObjects: 8.342300 ms  DeleteObjects: 2.715300 ms)

Prepare: number of updated asset objects reloaded= 0
========================================================================
Received Prepare
AcceleratorClientConnectionCallback - disconnected - :0
Refreshing native plugins compatible for Editor in 3.01 ms, found 4 plugins.
Unloading 14 Unused Serialized files (Serialized files now loaded: 0)
Unloading 14 unused Assets / (3.2 MB). Loaded Objects now: 8909.
Memory consumption went from 478.7 MB to 475.4 MB.
Total: 9.725200 ms (FindLiveObjects: 0.916100 ms CreateObjectMapping: 0.278300 ms MarkObjects: 7.623900 ms  DeleteObjects: 0.606200 ms)

Prepare: number of updated asset objects reloaded= 0
Editor requested this worker to shutdown with reason: Editor is closing down
AcceleratorClientConnectionCallback - disconnected - :0
AssetImportWorker is now disconnected from the server
Process exiting
[ExitDontLaunchBugReporter] Exiting without the bug reporter. Application will exit with return code 0
