VBCSCompilerPreWarmer: pre-warm launched (dotnet PID 7424)
VBCSCompiler prewarm took 26.91 ms
[Licensing::Module] Trying to connect to existing licensing client channel...
[Licensing::IpcConnector] Successfully connected to: "LicenseClient-ALUMNOS" at "2026-09-29T15:58:25.4326617Z"
Built from '6000.6/respin/6000.6.0f1-fa21a270ab12' branch; Version is '6000.6.0f1 (f7f8ed4d1e24) revision 16251117'; Using compiler version '194234433'; Build Type 'Release'
OS: 'Windows 11  (10.0.26200) Professional' Language: 'es' Physical Memory: 32472 MB
BatchMode: 0, IsHumanControllingUs: 1, StartBugReporterOnCrash: 1, Is64bit: 1
System  architecture: x64
Process architecture: x64
Date: 2026-09-29T15:58:25Z
[Licensing::Client] Error: HandshakeResponse reported an error:
	ResponseCode: 505
	ResponseStatus: Unsupported protocol version '1.18.3'.
[Licensing::Module] Error: Failed to handshake to channel: "LicenseClient-ALUMNOS"
[Licensing::IpcConnector] LicenseClient-ALUMNOS channel disconnected successfully.
[Licensing::IpcConnector] Successfully connected to: "LicenseClient-ALUMNOS-6000.6.0" at "2026-09-29T15:58:26.4692982Z"
[Licensing::Client] Code 10 while verifying Licensing Client signature (process Id: 29444, path: "C:/Program Files/Unity/Hub/Editor/6000.6.0f1/Editor/Data/Resources/Licensing/Client/Unity.Licensing.Client.exe")
[Licensing::Module] LicensingClient has failed validation; ignoring

COMMAND LINE ARGUMENTS:
C:\Program Files\Unity\Hub\Editor\6000.6.0f1\Editor\Unity.exe
-projectpath
C:\Users\ALUMNOS\Documents\oleg_final_project
-acceptSoftwareTermsForThisRunOnly
-useHub
-hubIPC
-cloudEnvironment
production
-licensingIpc
LicenseClient-ALUMNOS
-hubSessionId
5079f254-e364-4b8b-b57e-1493e335fe15
-accessToken
4Zzt56_L-NyOg6wk8uUNyw2z81Yl6p32AfWCag2mnQ0006f
Successfully changed project path to: C:\Users\ALUMNOS\Documents\oleg_final_project
C:/Users/ALUMNOS/Documents/oleg_final_project
[Licensing::Client] Handshaking with LicensingClient:
  Version:                 1.18.3+d7ffd15
  Session Id:              5ba707ebc97243928d51d7743819760c
  Correlation Id:          3c4bfce74c921ed5819bb3e96c17e5ff
  External correlation Id: 6345150132796741366
  Machine Id:              40UgVQrz1fkwWDhtNn0/Xoc4+KU=
[Licensing::Module] Successfully connected to LicensingClient on channel: "LicenseClient-ALUMNOS-6000.6.0" (connect: 0.00s, validation: 0.00s, handshake: 0.01s)
[Licensing::IpcConnector] Successfully connected to: "LicenseClient-ALUMNOS-6000.6.0-notifications" at "2026-09-29T15:58:26.4784601Z"
[Licensing::Client] Successfully updated the access token
[Licensing::Module] Successfully updated the access token 4Zzt56_L-N...
[UnityMemory] Configuration Parameters - Can be set up in boot.config
    "memorysetup-temp-allocator-size-gi-baking-worker=262144"
    "memorysetup-temp-allocator-size-gi-baking-worker=262144"
    "memorysetup-temp-allocator-size-gi-baking-worker=262144"
    "memorysetup-temp-allocator-size-gi-baking-worker=262144"
    "memorysetup-temp-allocator-size-gi-baking-worker=262144"
    "memorysetup-temp-allocator-size-nav-mesh-worker=65536"
    "memorysetup-temp-allocator-size-audio-worker=65536"
    "memorysetup-temp-allocator-size-cloud-worker=32768"
    "memorysetup-temp-allocator-size-gfx=262144"
    "memorysetup-remapper-allocator-initial-capacity=32768"
    "memorysetup-temp-allocator-size-preload-manager=33554432"
    "memorysetup-allocator-temp-initial-block-size-main=262144"
    "memorysetup-allocator-temp-initial-block-size-worker=262144"
    "memorysetup-temp-allocator-size-job-worker=262144"
    "memorysetup-temp-allocator-size-background-worker=32768"
    "memorysetup-bucket-allocator-granularity=16"
    "memorysetup-bucket-allocator-bucket-count=8"
    "memorysetup-bucket-allocator-block-size=33554432"
    "memorysetup-bucket-allocator-block-count=8"
    "memorysetup-main-allocator-block-size=16777216"
    "memorysetup-thread-allocator-block-size=16777216"
    "memorysetup-main-allocator-mimalloc-enabled=1"
    "memorysetup-gfx-main-allocator-block-size=16777216"
    "memorysetup-gfx-thread-allocator-block-size=16777216"
    "memorysetup-cache-allocator-block-size=4194304"
    "memorysetup-typetree-allocator-block-size=2097152"
    "memorysetup-profiler-bucket-allocator-granularity=16"
    "memorysetup-profiler-bucket-allocator-bucket-count=8"
    "memorysetup-profiler-bucket-allocator-block-size=33554432"
    "memorysetup-profiler-bucket-allocator-block-count=8"
    "memorysetup-profiler-allocator-block-size=16777216"
    "memorysetup-profiler-editor-allocator-block-size=1048576"
    "memorysetup-temp-allocator-size-main=16777216"
    "memorysetup-job-temp-allocator-block-size=2097152"
    "memorysetup-job-temp-allocator-block-size-background=1048576"
    "memorysetup-job-temp-allocator-reduction-small-platforms=262144"
[Licensing::Client] Successfully updated license, isAsync: True, time: 0.00
[Licensing::Client] Successfully resolved entitlement details
[Licensing::Module] Licensing Background thread has ended after 1.06s
Player connection [26108]  Target information:

Player connection [26108]  * "[IP] 192.168.56.1 [Port] 55505 [Flags] 2 [Guid] 2901318479 [EditorId] 2901318479 [Version] 1048832 [Id] WindowsEditor(7,AULA11-2) [Debug] 1 [PackageName] WindowsEditor [ProjectName] Editor" 

Player connection [26108]  * "[IP] 192.168.2.15 [Port] 55505 [Flags] 2 [Guid] 2901318479 [EditorId] 2901318479 [Version] 1048832 [Id] WindowsEditor(7,AULA11-2) [Debug] 1 [PackageName] WindowsEditor [ProjectName] Editor" 

Player connection [26108] Host joined multi-casting on [225.0.0.222:54997]...
Player connection [26108] Host joined alternative multi-casting on [225.0.0.222:34997]...
Input System module state changed to: Initialized.
[Physics::Module] Initialized fallback backend.
[Physics::Module] Id: 0xdecafbad
[Package Manager] Connected to IPC stream "Upm-28900" after 0.2 seconds.
[Licensing::Client] Successfully resolved entitlement details
Library Redirect Path: Library/
Initialising UDS system complete:
  - System type: Client
  - Resource namespace: 07dd15e55a3c312114eaec025544b185
  - Shared memory size: 1073741824
  - Command buffer id: 1052576
  - Command buffer size: 8192
  - Hashmap size: 4194304
  - Service connected: false
Launching Unity Data Store - C:/Program Files/Unity/Hub/Editor/6000.6.0f1/Editor/Data/Tools/Unity.DataStore.exe 
Unity Data Store artifact dir = Library/DataStore, working dir = C:/Users/ALUMNOS/Documents/oleg_final_project[Physics::Module] Selected backend.
[Physics::Module] Name: PhysX
[Physics::Module] Id: 0xf2b8ea05
[Physics::Module] SDK Version: 4.1.2
[Physics::Module] Integration Version: 1.0.0
[Physics::Module] Threading Mode: Multi-Threaded
Unity Data Store running and initialised
Initialize engine version: 6000.6.0f1 (f7f8ed4d1e24)
[EntityIdStore] init: VM path (explicit commit), pageSize=4096, blockCount=1048576, entitiesPerBlock=256, slots reserved=4294967296 bytes
[Subsystems] Discovering subsystems at path C:/Program Files/Unity/Hub/Editor/6000.6.0f1/Editor/Data/Resources/UnitySubsystems
[Subsystems] Discovering subsystems at path C:/Users/ALUMNOS/Documents/oleg_final_project/Assets
[D3D12 Device Filter] Vendor Name: NVIDIA
[D3D12 Device Filter] Device Name: NVIDIA GeForce RTX 3060 Laptop GPU
[D3D12 Device Filter] Driver Version: 32.0.15.6590
[D3D12 Device Filter] Feature Level: 12.2
[D3D12 Device Filter] Graphics Memory: 5996 MB
[D3D12 Device Filter] Processor Count: 20
[D3D12 Device Filter] Device Type: Discrete
GfxDevice: creating device client; kGfxThreadingModeSplitJobs
d3d12: failed to query info queue interface (0x80004002).
Direct3D:
    Version:         Direct3D 12 [level 12.2]
    Renderer:        NVIDIA GeForce RTX 3060 Laptop GPU (ID=0x2520)
    Vendor:          NVIDIA
    VRAM:            5996 MB
    App VRAM Budget: 5228 MB
    Driver:          32.0.15.6590
Initialize mono
Mono path[0] = 'C:/Program Files/Unity/Hub/Editor/6000.6.0f1/Editor/Data/Managed'
Mono path[1] = 'C:/Program Files/Unity/Hub/Editor/6000.6.0f1/Editor/Data/BCLExtensions/runtime/netstandard2.1'
Mono path[2] = 'C:/Program Files/Unity/Hub/Editor/6000.6.0f1/Editor/Data/MonoBleedingEdge/lib/mono/unityjit-win32'
Mono config path = 'C:/Program Files/Unity/Hub/Editor/6000.6.0f1/Editor/Data/MonoBleedingEdge/etc'
Using monoOptions --debugger-agent=transport=dt_socket,embedding=1,server=y,suspend=n,address=127.0.0.1:56900
CodeReloadManager initialized
ImportWorker Server TCP listen port: 0
AcceleratorClientConnectionCallback - disconnected - :0
Begin MonoManager ReloadAssembly
Registering precompiled unity dll's ...
Register platform support module: C:/Program Files/Unity/Hub/Editor/6000.6.0f1/Editor/Data/PlaybackEngines/WindowsStandaloneSupport/UnityEditor.WindowsStandalone.Extensions.dll
Registered in 0.001394 seconds.
Native extension for WindowsStandalone target not found
Package Manager log level set to [2]
ScheduleIndexationOnStartup MainProcess:False IndexOnStartup:True
Scripting: successfully reloaded assembly
- Finished resetting the current domain, in  0.661 seconds
Domain Reload Profiling: 1174ms
	BeginReloadAssembly (142ms)
		CreateAndSetChildDomain (25ms)
	RebuildCommonClasses (5ms)
	RebuildNativeTypeToScriptingClass (16ms)
	initialDomainReloadingComplete (59ms)
	LoadAllAssembliesAndSetupDomain (290ms)
		LoadAssemblies (115ms)
		TypeCache.Refresh (201ms)
			TypeCache.ScanAssembly (187ms)
		AnalyzeDomain (1ms)
	FinalizeReload (662ms)
		SetupLoadedEditorAssemblies (0ms)
			BeforeProcessingInitializeOnLoad (103ms)
			ProcessInitializeOnLoadAttributes (88ms)
			ProcessInitializeOnLoadMethodAttributes (260ms)
[Licensing::Client] Successfully resolved entitlement details
Application.AssetDatabase Initial Refresh Start
[Package Manager] Restoring resolved packages state from cache
[Licensing::Client] Successfully resolved entitlement details
[Package Manager] Registered 65 packages:
  Packages from [https://packages.unity.com]:
    com.unity.ai.navigation@2.0.14 (location: C:\Users\ALUMNOS\Documents\oleg_final_project\Library\PackageCache\com.unity.ai.navigation@134dd6a3b97b)
    com.unity.collab-proxy@2.13.6 (location: C:\Users\ALUMNOS\Documents\oleg_final_project\Library\PackageCache\com.unity.collab-proxy@4628d2ba6ea4)
    com.unity.ide.rider@3.0.38 (location: C:\Users\ALUMNOS\Documents\oleg_final_project\Library\PackageCache\com.unity.ide.rider@1f60b3138684)
    com.unity.ide.visualstudio@2.0.26 (location: C:\Users\ALUMNOS\Documents\oleg_final_project\Library\PackageCache\com.unity.ide.visualstudio@a99d56dec63f)
    com.unity.inputsystem@1.20.0 (location: C:\Users\ALUMNOS\Documents\oleg_final_project\Library\PackageCache\com.unity.inputsystem@7a4e1a2a8194)
    com.unity.visualscripting@1.9.12 (location: C:\Users\ALUMNOS\Documents\oleg_final_project\Library\PackageCache\com.unity.visualscripting@4edfcc09512f)
    com.unity.splines@2.9.0 (location: C:\Users\ALUMNOS\Documents\oleg_final_project\Library\PackageCache\com.unity.splines@e6e1d5900acc)
    com.unity.profiling.core@1.0.3 (location: C:\Users\ALUMNOS\Documents\oleg_final_project\Library\PackageCache\com.unity.profiling.core@8a49f7027d06)
    com.unity.searcher@4.9.5 (location: C:\Users\ALUMNOS\Documents\oleg_final_project\Library\PackageCache\com.unity.searcher@a463122f2c00)
    com.unity.settings-manager@2.1.1 (location: C:\Users\ALUMNOS\Documents\oleg_final_project\Library\PackageCache\com.unity.settings-manager@0b8638c5ce86)
    com.unity.nuget.mono-cecil@1.11.6 (location: C:\Users\ALUMNOS\Documents\oleg_final_project\Library\PackageCache\com.unity.nuget.mono-cecil@ecb9724e46ff)
  Built-in packages:
    com.unity.cinemachine@6.6.0 (location: C:\Users\ALUMNOS\Documents\oleg_final_project\Library\PackageCache\com.unity.cinemachine@f53aa49b3acc)
    com.unity.multiplayer.center@2.0.1 (location: C:\Users\ALUMNOS\Documents\oleg_final_project\Library\PackageCache\com.unity.multiplayer.center@549886182930)
    com.unity.render-pipelines.universal@17.6.0 (location: C:\Users\ALUMNOS\Documents\oleg_final_project\Library\PackageCache\com.unity.render-pipelines.universal@8457e85b8184)
    com.unity.test-framework@1.8.0 (location: C:\Users\ALUMNOS\Documents\oleg_final_project\Library\PackageCache\com.unity.test-framework@7a3849e09bd0)
    com.unity.timeline@6.6.0 (location: C:\Users\ALUMNOS\Documents\oleg_final_project\Library\PackageCache\com.unity.timeline@281d5f7e7d7d)
    com.unity.ugui@2.6.0 (location: C:\Users\ALUMNOS\Documents\oleg_final_project\Library\PackageCache\com.unity.ugui@23caec89ae27)
    com.unity.visualeffectgraph@17.6.0 (location: C:\Users\ALUMNOS\Documents\oleg_final_project\Library\PackageCache\com.unity.visualeffectgraph@47051adff7cc)
    com.unity.modules.accessibility@1.0.0 (location: C:\Users\ALUMNOS\Documents\oleg_final_project\Library\PackageCache\com.unity.modules.accessibility)
    com.unity.modules.adaptiveperformance@1.0.0 (location: C:\Users\ALUMNOS\Documents\oleg_final_project\Library\PackageCache\com.unity.modules.adaptiveperformance)
    com.unity.modules.ai@1.0.0 (location: C:\Users\ALUMNOS\Documents\oleg_final_project\Library\PackageCache\com.unity.modules.ai)
    com.unity.modules.androidjni@1.0.0 (location: C:\Users\ALUMNOS\Documents\oleg_final_project\Library\PackageCache\com.unity.modules.androidjni)
    com.unity.modules.animation@1.0.0 (location: C:\Users\ALUMNOS\Documents\oleg_final_project\Library\PackageCache\com.unity.modules.animation)
    com.unity.modules.assetbundle@1.0.0 (location: C:\Users\ALUMNOS\Documents\oleg_final_project\Library\PackageCache\com.unity.modules.assetbundle)
    com.unity.modules.audio@1.0.0 (location: C:\Users\ALUMNOS\Documents\oleg_final_project\Library\PackageCache\com.unity.modules.audio)
    com.unity.modules.cloth@1.0.0 (location: C:\Users\ALUMNOS\Documents\oleg_final_project\Library\PackageCache\com.unity.modules.cloth)
    com.unity.modules.director@1.0.0 (location: C:\Users\ALUMNOS\Documents\oleg_final_project\Library\PackageCache\com.unity.modules.director)
    com.unity.modules.imageconversion@1.0.0 (location: C:\Users\ALUMNOS\Documents\oleg_final_project\Library\PackageCache\com.unity.modules.imageconversion)
    com.unity.modules.imgui@1.0.0 (location: C:\Users\ALUMNOS\Documents\oleg_final_project\Library\PackageCache\com.unity.modules.imgui)
    com.unity.modules.jsonserialize@1.0.0 (location: C:\Users\ALUMNOS\Documents\oleg_final_project\Library\PackageCache\com.unity.modules.jsonserialize)
    com.unity.modules.particlesystem@1.0.0 (location: C:\Users\ALUMNOS\Documents\oleg_final_project\Library\PackageCache\com.unity.modules.particlesystem)
    com.unity.modules.physics@1.0.0 (location: C:\Users\ALUMNOS\Documents\oleg_final_project\Library\PackageCache\com.unity.modules.physics)
    com.unity.modules.physics2d@1.0.0 (location: C:\Users\ALUMNOS\Documents\oleg_final_project\Library\PackageCache\com.unity.modules.physics2d)
    com.unity.modules.physicscore2d@1.0.0 (location: C:\Users\ALUMNOS\Documents\oleg_final_project\Library\PackageCache\com.unity.modules.physicscore2d)
    com.unity.modules.screencapture@1.0.0 (location: C:\Users\ALUMNOS\Documents\oleg_final_project\Library\PackageCache\com.unity.modules.screencapture)
    com.unity.modules.terrain@1.0.0 (location: C:\Users\ALUMNOS\Documents\oleg_final_project\Library\PackageCache\com.unity.modules.terrain)
    com.unity.modules.terrainphysics@1.0.0 (location: C:\Users\ALUMNOS\Documents\oleg_final_project\Library\PackageCache\com.unity.modules.terrainphysics)
    com.unity.modules.tetgen@1.0.0 (location: C:\Users\ALUMNOS\Documents\oleg_final_project\Library\PackageCache\com.unity.modules.tetgen)
    com.unity.modules.tilemap@1.0.0 (location: C:\Users\ALUMNOS\Documents\oleg_final_project\Library\PackageCache\com.unity.modules.tilemap)
    com.unity.modules.ui@1.0.0 (location: C:\Users\ALUMNOS\Documents\oleg_final_project\Library\PackageCache\com.unity.modules.ui)
    com.unity.modules.uielements@1.0.0 (location: C:\Users\ALUMNOS\Documents\oleg_final_project\Library\PackageCache\com.unity.modules.uielements)
    com.unity.modules.umbra@1.0.0 (location: C:\Users\ALUMNOS\Documents\oleg_final_project\Library\PackageCache\com.unity.modules.umbra)
    com.unity.modules.unityanalytics@1.0.0 (location: C:\Users\ALUMNOS\Documents\oleg_final_project\Library\PackageCache\com.unity.modules.unityanalytics)
    com.unity.modules.unitywebrequest@1.0.0 (location: C:\Users\ALUMNOS\Documents\oleg_final_project\Library\PackageCache\com.unity.modules.unitywebrequest)
    com.unity.modules.unitywebrequestassetbundle@1.0.0 (location: C:\Users\ALUMNOS\Documents\oleg_final_project\Library\PackageCache\com.unity.modules.unitywebrequestassetbundle)
    com.unity.modules.unitywebrequestaudio@1.0.0 (location: C:\Users\ALUMNOS\Documents\oleg_final_project\Library\PackageCache\com.unity.modules.unitywebrequestaudio)
    com.unity.modules.unitywebrequesttexture@1.0.0 (location: C:\Users\ALUMNOS\Documents\oleg_final_project\Library\PackageCache\com.unity.modules.unitywebrequesttexture)
    com.unity.modules.unitywebrequestwww@1.0.0 (location: C:\Users\ALUMNOS\Documents\oleg_final_project\Library\PackageCache\com.unity.modules.unitywebrequestwww)
    com.unity.modules.vectorgraphics@1.0.0 (location: C:\Users\ALUMNOS\Documents\oleg_final_project\Library\PackageCache\com.unity.modules.vectorgraphics)
    com.unity.modules.vehicles@1.0.0 (location: C:\Users\ALUMNOS\Documents\oleg_final_project\Library\PackageCache\com.unity.modules.vehicles)
    com.unity.modules.video@1.0.0 (location: C:\Users\ALUMNOS\Documents\oleg_final_project\Library\PackageCache\com.unity.modules.video)
    com.unity.modules.wind@1.0.0 (location: C:\Users\ALUMNOS\Documents\oleg_final_project\Library\PackageCache\com.unity.modules.wind)
    com.unity.modules.xr@1.0.0 (location: C:\Users\ALUMNOS\Documents\oleg_final_project\Library\PackageCache\com.unity.modules.xr)
    com.unity.modules.subsystems@1.0.0 (location: C:\Users\ALUMNOS\Documents\oleg_final_project\Library\PackageCache\com.unity.modules.subsystems)
    com.unity.modules.hierarchycore@1.0.0 (location: C:\Users\ALUMNOS\Documents\oleg_final_project\Library\PackageCache\com.unity.modules.hierarchycore)
    com.unity.shadergraph@17.6.0 (location: C:\Users\ALUMNOS\Documents\oleg_final_project\Library\PackageCache\com.unity.shadergraph@ef6135652377)
    com.unity.render-pipelines.core@17.6.0 (location: C:\Users\ALUMNOS\Documents\oleg_final_project\Library\PackageCache\com.unity.render-pipelines.core@2d66c71e606e)
    com.unity.ext.nunit@2.1.0 (location: C:\Users\ALUMNOS\Documents\oleg_final_project\Library\PackageCache\com.unity.ext.nunit@0198eae3b53e)
    com.unity.render-pipelines.universal-config@17.6.0 (location: C:\Users\ALUMNOS\Documents\oleg_final_project\Library\PackageCache\com.unity.render-pipelines.universal-config@561422b74439)
    com.unity.burst@2.0.0 (location: C:\Users\ALUMNOS\Documents\oleg_final_project\Library\PackageCache\com.unity.burst@626e66ab421b)
    com.unity.collections@6.6.0 (location: C:\Users\ALUMNOS\Documents\oleg_final_project\Library\PackageCache\com.unity.collections@10fff0607388)
    com.unity.graph-authoring@1.0.0 (location: C:\Users\ALUMNOS\Documents\oleg_final_project\Library\PackageCache\com.unity.graph-authoring@cfd2588851ee)
    com.unity.mathematics@1.4.0 (location: C:\Users\ALUMNOS\Documents\oleg_final_project\Library\PackageCache\com.unity.mathematics@8306a64d0cd6)
    com.unity.test-framework.performance@6.6.0 (location: C:\Users\ALUMNOS\Documents\oleg_final_project\Library\PackageCache\com.unity.test-framework.performance@0a60b857a52e)
  Git packages:
    com.cqf.urpvolumetricfog@https://github.com/CristianQiu/Unity-URP-Volumetric-Light.git (location: C:\Users\ALUMNOS\Documents\oleg_final_project\Library\PackageCache\com.cqf.urpvolumetricfog@354ebc5b6ed3)
[Subsystems] No new subsystems found in resolved package list.
[Package Manager] Done registering packages in 0.10 seconds
Assembly reference Packages/com.unity.cinemachine/Editor/Samples/ExposeHDRPInternals/HDRP-Editor-ref.asmref has no target assembly definition
Assembly reference Packages/com.unity.cinemachine/Editor/Samples/ExposeHDRPInternals/HDRP-Editor-ref.asmref has no target assembly definition
Starting: C:\Program Files\Unity\Hub\Editor\6000.6.0f1\Editor\Data\Tools\BuildPipeline\bee_backend.exe --ipc --defer-dag-verification --dagfile="Library/Bee/1900b0aE.dag" --continue-on-failure --profile="Library/Bee/backend1.traceevents" ScriptAssemblies
WorkingDir: C:/Users/ALUMNOS/Documents/oleg_final_project
warn: Unity.ILPP.Runner.PostProcessingAssemblyLoadContext[0]
      Assembly system.runtime.interopservices.windowsruntime has duplicate hint path. Ignoring "C:\Program Files\Unity\Hub\Editor\6000.6.0f1\Editor\Data\UnityReferenceAssemblies\unity-4.8-api\Facades\System.Runtime.InteropServices.WindowsRuntime.dll" in favor of "C:\Program Files\Unity\Hub\Editor\6000.6.0f1\Editor\Data\NetStandard\Extensions\2.0.0\System.Runtime.InteropServices.WindowsRuntime.dll"
warn: Unity.ILPP.Runner.PostProcessingAssemblyLoadContext[0]
      Assembly system.componentmodel.composition has duplicate hint path. Ignoring "C:\Program Files\Unity\Hub\Editor\6000.6.0f1\Editor\Data\UnityReferenceAssemblies\unity-4.8-api\System.ComponentModel.Composition.dll" in favor of "C:\Program Files\Unity\Hub\Editor\6000.6.0f1\Editor\Data\NetStandard\compat\2.1.0\shims\netfx\System.ComponentModel.Composition.dll"
ExitCode: 0 Duration: 0s514ms
[ 849/1099  0s] ILPP-Configuration Library/ilpp-configuration.nevergeneratedoutput
*** Tundra build success (0.47 seconds), 1 items updated, 1099 evaluated
AssetDatabase: script compilation time: 1.094187s
Begin MonoManager ReloadAssembly
Assembly reference Packages/com.unity.cinemachine/Editor/Samples/ExposeHDRPInternals/HDRP-Editor-ref.asmref has no target assembly definition
'Packages/com.unity.render-pipelines.core/Editor/Deprecated.cs' contains partial class of Unity.Object, exactly 1 of the partial classes needs to be in a file with the same filename. This is to know the one that can be referenced from ie. GameObjects
'Packages/com.unity.render-pipelines.core/Editor/Deprecated.cs' contains partial class of Unity.Object, exactly 1 of the partial classes needs to be in a file with the same filename. This is to know the one that can be referenced from ie. GameObjects
'Packages/com.unity.cinemachine/Editor/Editors/CinemachineVirtualCameraBaseEditor.cs' contains partial class of Unity.Object, exactly 1 of the partial classes needs to be in a file with the same filename. This is to know the one that can be referenced from ie. GameObjects
'Packages/com.unity.cinemachine/Editor/Obsolete/CinemachineVirtualCameraBaseEditor.cs' contains partial class of Unity.Object, exactly 1 of the partial classes needs to be in a file with the same filename. This is to know the one that can be referenced from ie. GameObjects
Refreshing native plugins compatible for Editor in 2.25 ms, found 4 plugins.
Native extension for WindowsStandalone target not found
ScheduleIndexationOnStartup MainProcess:True IndexOnStartup:True
Scripting: successfully reloaded assembly
- Finished resetting the current domain, in  0.932 seconds
Domain Reload Profiling: 2034ms
	BeginReloadAssembly (388ms)
		DisableScriptedObjects (62ms)
		CreateAndSetChildDomain (167ms)
	RebuildCommonClasses (9ms)
	RebuildNativeTypeToScriptingClass (15ms)
	initialDomainReloadingComplete (52ms)
	LoadAllAssembliesAndSetupDomain (637ms)
		LoadAssemblies (333ms)
		TypeCache.Refresh (190ms)
			TypeCache.ScanAssembly (178ms)
		AnalyzeDomain (86ms)
			BuildScriptInfoCaches (76ms)
			ResolveRequiredComponents (8ms)
	FinalizeReload (933ms)
		SetupLoadedEditorAssemblies (0ms)
			BeforeProcessingInitializeOnLoad (102ms)
			ProcessInitializeOnLoadAttributes (304ms)
			ProcessInitializeOnLoadMethodAttributes (110ms)
			AfterProcessingInitializeOnLoad (5ms)
		AwakeInstancesAfterBackupRestoration (29ms)
Starting new worker id: 0 with log in C:/Users/ALUMNOS/Documents/oleg_final_project/Logs/AssetImportWorkerHW0.log

Asset Pipeline Refresh (id=166ffbba42d58314f9d9fac12986f5de): Total: 3.912 seconds - Initiated by InitialRefreshV2(ForceSynchronousImport)
	(Values over 0.05ms)
	Summary:
		Imports: total=0 (actual=0, local cache=0, cache server=0)
		Asset DB Process Time: managed=0 ms, native=1464 ms
		Asset DB Callback time: managed=33 ms, native=104 ms
		Scripting: domain reloads=1, domain reload time=1154 ms, compile time=1096 ms, other=59 ms
		Project Asset Count: scripts=1700, non-scripts=3372
		Asset File Changes: new=0, changed=0, moved=0, deleted=0
		Scan Filter Count: 0
	InvokePackagesCallback: 105.997ms
	ApplyChangesToAssetFolders: 0.683ms
	Scan: 153.734ms
	Collect global state as custom dependencies: 18.601ms
	CategorizeScriptCompilationAssets: 55.714ms
	ProcessAssetsWithTransientArtifactChanges: 85.101ms
	CategorizeAssets: 73.103ms
	CompileScripts: 1096.316ms
	ImportOutOfDateAssets: 952.796ms (940.596ms without children)
		UnloadImportedAssets: 0.690ms
		EnsureUptoDateAssetsAreRegisteredWithGuidPM: 0.749ms
		ImportSchedulerStart: 10.711ms
	PostProcessAllAssets: 33.273ms
		MonoPostProcessAllAssets: 33.213ms
			UniversalRenderPipelineGlobalSettingsPostprocessor.OnPostprocessAllAssets 14.557ms
			SyncVS.PostprocessSyncProject 3.031ms
			WindowAssetPostprocessingWatcher.OnPostprocessAllAssets 1.748ms
			SpeedTree9Postprocessor.OnPostprocessAllAssets 1.566ms
			RenderPipelineGlobalSettingsPostprocessor.OnPostprocessAllAssets 0.823ms
			EditModeScopePostprocessor.OnPostprocessAllAssets 0.814ms
			ShaderReflectionAssetPostProcessor.OnPostprocessAllAssets 0.486ms
			ReferencedClipsPostProcessor.OnPostprocessAllAssets 0.256ms
			InputActionAssetPostprocessor.OnPostprocessAllAssets 0.236ms
			CinemachineSettings.OnPostprocessAllAssets 0.234ms
			DomainReloadProcessor.OnPostprocessAllAssets 0.228ms
			AssetDatabaseCallbacks.OnPostprocessAllAssets 0.186ms
			TerrainToolbarOverlayPostProcessor.OnPostprocessAllAssets 0.184ms
			ProjectSettingsPostprocessor.OnPostprocessAllAssets 0.142ms
	UnloadStreamsBegin: 1.863ms
	PersistCurrentRevisions: 0.156ms
	GenerateScriptTypeHashes: 2.383ms
	GenerateScriptTypeSerializationHashes: 4.197ms
	Untracked: 1329.533ms

Application.AssetDatabase Initial Refresh End
Launched and connected shader compiler UnityShaderCompiler.exe after 0.01 seconds
Scanning for USB devices : 3.270ms
Initializing Unity extensions:
[MODES] ModeService[none].Initialize
[MODES] ModeService[none].LoadModes
[MODES] Loading mode Default (0) for mode-current-id-Oleg_T_final_project
Unloading 27 Unused Serialized files (Serialized files now loaded: 0)
Loaded scene 'Assets/Scenes/options.unity'
	Deserialize:            28.418 ms
	Integration:            79.754 ms
	Integration of assets:  5.968 ms
	Thread Wait Time:       0.067 ms
	Total Operation Time:   114.207 ms
Unloading 7785 unused Assets / (10.4 MB). Loaded Objects now: 9025.
Memory consumption went from 472.6 MB to 462.2 MB.
Total: 12.425000 ms (FindLiveObjects: 0.735800 ms CreateObjectMapping: 0.416700 ms MarkObjects: 6.672500 ms  DeleteObjects: 4.279500 ms)

[LAYOUT] About to load UserSettings\Layouts\default-6000.dwlt, keepMainWindow=False
Worker ready: AssetImportWorkerHW0 0
[LAYOUT] About to save layout C:\Users\ALUMNOS\Documents\oleg_final_project\UserSettings\Layouts\default-6000.dwlt
[LAYOUT] About to save layout C:/Users/ALUMNOS/AppData/Roaming/Unity/Editor-5.x/Preferences\Layouts\current\default-6000.dwlt
[MODES] ModeService[default].InitializeCurrentMode
[MODES] ModeService[default].RaiseModeChanged(default, default)
<RI> Initializing input.
Using Windows.Gaming.Input
[Project] Loading completed in 9.665 seconds
	Project init time: 				8.010 seconds
		Template init time: 		0.000 seconds
		Package Manager init time: 		0.222 seconds
		Asset Database init time: 		0.498 seconds
		Global illumination init time: 	0.003 seconds
		Assemblies load time: 			1.211 seconds
		Unity extensions init time: 	0.046 seconds
		Asset Database refresh time: 	3.912 seconds
	Scene opening time: 			1.415 seconds
##utp:{"type":"ProjectInfo","version":2,"phase":"Immediate","time":1790697515035,"processId":28900,"projectLoad":9.665175399999999,"projectInit":8.0097898,"templateInit":0.0,"packageManagerInit":0.222497,"assetDatabaseInit":0.4976417,"globalIlluminationInit":0.0034696,"assembliesLoad":1.2106724,"unityExtensionsInit":0.0458622,"assetDatabaseRefresh":3.912008,"sceneOpening":1.4145092}
##utp:{"type":"EditorInfo","version":2,"phase":"Immediate","time":1790697515035,"processId":28900,"editorVersion":"6000.6.0f1 (f7f8ed4d1e24)","branch":"6000.6/respin/6000.6.0f1-fa21a270ab12","buildType":"Release","platform":"Windows"}
Created GICache directory at C:/Users/ALUMNOS/AppData/LocalLow/Unity/Caches/GiCache. Took: 0.012s, timestamps: [11.491 - 11.503]
[Licensing::Client] Successfully resolved entitlement details
[Licensing::Client] Successfully updated the access token
[Licensing::Module] Successfully updated access token: "4Zzt56_L"... (expires: 2026-09-29T16:02:10Z)
[Licensing::Client] Successfully resolved entitlement details
[Licensing::Client] Successfully resolved entitlement details
[Licensing::Client] Successfully resolved entitlement details
UPID Received '7b869006-e826-40a1-8a4b-fb1e0a37c8e1'.
[Licensing::Client] Successfully resolved entitlement details
Start Indexing on Editor startup
[Indexing] Starting Initial Indexing for Assets
Asset Pipeline Refresh (id=3c6f7898f2212b34c9c65bc2866d6554): Total: 0.098 seconds - Initiated by RefreshV2(AllowForceSynchronousImport)
Starting new worker id: 1 with log in C:/Users/ALUMNOS/Documents/oleg_final_project/Logs/AssetImportWorkerHW1.log
[Worker0] Imported GUID: 77800aec9e832eb49a50fcef173c2a60 - Path: Assets/Fonts/TCHeadlinerPrint-CondRegular-PERSONALUSEONLY SDF.asset - Importer: ScriptedImporter/UnityEditor.QuickSearchModule:UnityEditor.Search:ASIAI0B -> (ImportResultId: '49fa9b0d1be811aff0b5f60b314ab614') in 0.1393678 seconds
[Worker0] Imported GUID: 11c50fd844b7a3f489d88ed9f7b90f92 - Path: Assets/Scenes/options.unity - Importer: ScriptedImporter/UnityEditor.QuickSearchModule:UnityEditor.Search:ASIAI0B -> (ImportResultId: '2343a693535a6aebf5799e2305c89bff') in 0.020212 seconds
Worker ready: AssetImportWorkerHW1 1
TrimDiskCacheJob: Current cache size 0mb
Importing 'GUID: 00000000000000009000000000000000 - Path: ProjectSettings/QualitySettings.asset' with importer (LibraryAssetImporter)
Imported 'GUID: 00000000000000009000000000000000' -> (Import Result ID: '1234d6af70f66210ce7cfda4e66e8b00') in 0.004 seconds [static dependencies only]. Details - ImportResultOutputID=2a108b3da874f726c62fbe5f12be4a8a DependenciesID=1def488656846da6ef2e03206928b0e0 StaticDependenciesID=a0cf3dfdae99c755d92b7948d1cfcae0 
Asset Pipeline Refresh (id=eda8d2c9329f82d41a82cce51e10a474): Total: 0.115 seconds - Initiated by StopAssetImportingV2(NoUpdateAssetOptions)
Importing 'GUID: 11c50fd844b7a3f489d88ed9f7b90f92 - Path: Assets/Scenes/options.unity' with importer (DefaultImporter)
Imported 'GUID: 11c50fd844b7a3f489d88ed9f7b90f92' -> (Import Result ID: 'da932895fc01223a939f71be0edc44a3') in 0.001 seconds [static dependencies only]. Details - ImportResultOutputID=01543e2f960d22bc43403d5c882849fa DependenciesID=175337264423da63629bccc15c23283e StaticDependenciesID=d1ccd5f45865c29c115689fbd606e4e2 
Asset Pipeline Refresh (id=c4e945e8350aecd429e2ed7e81a954ba): Total: 0.041 seconds - Initiated by StopAssetImportingV2(NoUpdateAssetOptions)
Request Asset Garbage Collect because used heap size increased from 461.8 MB to 0.72 GB, exceeding the threshold of 256.0 MB.
Unloading 35 Unused Serialized files (Serialized files now loaded: 0)
Unloading 270 unused Assets / (17.2 MB). Loaded Objects now: 10467.
Memory consumption went from 0.72 GB to 0.70 GB.
Total: 18.198400 ms (FindLiveObjects: 1.259000 ms CreateObjectMapping: 0.217300 ms MarkObjects: 12.867800 ms  DeleteObjects: 3.543700 ms)

[Worker0] Imported GUID: 11c50fd844b7a3f489d88ed9f7b90f92 - Path: Assets/Scenes/options.unity - Importer: ScriptedImporter/UnityEditor.QuickSearchModule:UnityEditor.Search:ASIAI0B -> (ImportResultId: '7d05e1301f3fd369fe565d34de2d4e5c') in 0.0159325 seconds
Opening scene 'Assets/Scenes/MenuPrincipal.unity'
Unloading 22 Unused Serialized files (Serialized files now loaded: 0)
Loaded scene 'Assets/Scenes/MenuPrincipal.unity'
	Deserialize:            5.090 ms
	Integration:            14.952 ms
	Integration of assets:  0.044 ms
	Thread Wait Time:       0.131 ms
	Total Operation Time:   20.217 ms
Unloading 16 unused Assets / (17.8 KB). Loaded Objects now: 10401.
Memory consumption went from 0.67 GB to 0.67 GB.
Total: 14.180900 ms (FindLiveObjects: 1.097800 ms CreateObjectMapping: 0.166500 ms MarkObjects: 12.321700 ms  DeleteObjects: 0.267100 ms)

Reloading assemblies for play mode.
Reloading assemblies after forced synchronous recompile.
[Licensing::Client] Successfully resolved entitlement details
Begin MonoManager ReloadAssembly
Assembly reference Packages/com.unity.cinemachine/Editor/Samples/ExposeHDRPInternals/HDRP-Editor-ref.asmref has no target assembly definition
'Packages/com.unity.cinemachine/Editor/Obsolete/CinemachineVirtualCameraBaseEditor.cs' contains partial class of Unity.Object, exactly 1 of the partial classes needs to be in a file with the same filename. This is to know the one that can be referenced from ie. GameObjects
'Packages/com.unity.cinemachine/Editor/Editors/CinemachineVirtualCameraBaseEditor.cs' contains partial class of Unity.Object, exactly 1 of the partial classes needs to be in a file with the same filename. This is to know the one that can be referenced from ie. GameObjects
'Packages/com.unity.render-pipelines.core/Editor/Deprecated.cs' contains partial class of Unity.Object, exactly 1 of the partial classes needs to be in a file with the same filename. This is to know the one that can be referenced from ie. GameObjects
'Packages/com.unity.render-pipelines.core/Editor/Deprecated.cs' contains partial class of Unity.Object, exactly 1 of the partial classes needs to be in a file with the same filename. This is to know the one that can be referenced from ie. GameObjects
Native extension for WindowsStandalone target not found
ScheduleIndexationOnStartup MainProcess:True IndexOnStartup:True
[MODES] ModeService[none].Initialize
[MODES] ModeService[none].LoadModes
Scripting: successfully reloaded assembly
- Finished resetting the current domain, in  1.671 seconds
Domain Reload Profiling: 2390ms
	BeginReloadAssembly (447ms)
		DisableScriptedObjects (71ms)
		CreateAndSetChildDomain (227ms)
	RebuildCommonClasses (8ms)
	RebuildNativeTypeToScriptingClass (13ms)
	initialDomainReloadingComplete (48ms)
	LoadAllAssembliesAndSetupDomain (202ms)
		LoadAssemblies (123ms)
		TypeCache.Refresh (7ms)
		AnalyzeDomain (24ms)
			ResolveRequiredComponents (21ms)
	FinalizeReload (1672ms)
		SetupLoadedEditorAssemblies (0ms)
			BeforeProcessingInitializeOnLoad (103ms)
			ProcessInitializeOnLoadAttributes (313ms)
			ProcessInitializeOnLoadMethodAttributes (104ms)
			AfterProcessingInitializeOnLoad (4ms)
		AwakeInstancesAfterBackupRestoration (723ms)
No restricted APIs configured; Validation skipped.
Checking 18 assemblies for restricted APIs found 0 usage(s) in 3 ms

Asset Pipeline Refresh (id=77228a4ba52094e4a926287a0c4f2bea): Total: 3.877 seconds - Initiated by StopAssetImportingV2(ForceSynchronousImport | ForceDomainReload)
	(Values over 0.05ms)
	Summary:
		Imports: total=0 (actual=0, local cache=0, cache server=0)
		Asset DB Process Time: managed=0 ms, native=1967 ms
		Asset DB Callback time: managed=814 ms, native=332 ms
		Scripting: domain reloads=1, domain reload time=760 ms, compile time=2 ms, other=0 ms
		Project Asset Count: scripts=1700, non-scripts=3372
		Asset File Changes: new=0, changed=0, moved=0, deleted=0
		Scan Filter Count: 0
	InvokePackagesCallback: 1.210ms
	ApplyChangesToAssetFolders: 0.253ms
	Collect global state as custom dependencies: 2.427ms
	ProcessAssetsWithTransientArtifactChanges: 180.612ms
	CategorizeAssets: 60.660ms
	CompileScripts: 2.104ms
	ImportOutOfDateAssets: 1680.133ms (1676.589ms without children)
		CollectScriptTypesHashes: 1.551ms
		ReloadNativeAssets: 1.242ms
		UnloadImportedAssets: 1.380ms
		EnsureUptoDateAssetsAreRegisteredWithGuidPM: 0.630ms
		ImportSchedulerStart: 0.275ms
	PostProcessAllAssets: 1132.785ms
		AssemblyValidation.PostprocessAllAssets 21.076ms
		PostProcessCallbackCreateDeferredMaterials 17.827ms
		PostprocessAssetsUpdateCachedIcon 17.223ms
		ShaderAssetModifiedCallback 9.853ms
		ComputeShaderImportPostprocess 8.928ms
		RaytracingShaderImportPostprocess 8.886ms
		SpeedTreeImporter.PostprocessAllAssets 6.432ms
		BlockShaderImporter.PostprocessAllAssets 3.294ms
		LocalizationDatabase.AssetDatabasePostprocessCallback 3.172ms
		XRBuildSystem.XRAssetImported 0.357ms
		MonoPostProcessAllAssets: 811.770ms
			SyncVS.PostprocessSyncProject 270.932ms
			ShaderGraphAssetPostProcessor.OnPostprocessAllAssets 184.385ms
			PostProcessor.OnPostprocessAllAssets 37.663ms
			VFXGraphPreprocessor.OnPostprocessAllAssets 34.394ms
			InputActionJsonNameModifierAssetProcessor.OnPostprocessAllAssets 32.874ms
			InputActionAssetPostprocessor.OnPostprocessAllAssets 32.783ms
			MaterialPostprocessor.OnPostprocessAllAssets 31.984ms
			AudioMixerPostprocessor.OnPostprocessAllAssets 31.794ms
			AssetPostprocessor.OnPostprocessAllAssets 29.934ms
			AssetChangedListener.OnPostprocessAllAssets 19.729ms
			TextAssetPostProcessor.OnPostprocessAllAssets 19.393ms
			UniversalRenderPipelineGlobalSettingsPostprocessor.OnPostprocessAllAssets 14.339ms
			BuilderAssetPostprocessor.OnPostprocessAllAssets 5.964ms
			SpeedTree9Postprocessor.OnPostprocessAllAssets 4.826ms
			RenderPipelineGlobalSettingsPostprocessor.OnPostprocessAllAssets 4.822ms
			RetainedModeAssetPostprocessor.OnPostprocessAllAssets 1.973ms
			WindowAssetPostprocessingWatcher.OnPostprocessAllAssets 1.720ms
			ProjectSettingsPostprocessor.OnPostprocessAllAssets 0.964ms
			StyleCatalogPostProcessor.OnPostprocessAllAssets 0.596ms
			ShaderReflectionAssetPostProcessor.OnPostprocessAllAssets 0.573ms
			ArtifactBrowserPostProcessor.OnPostprocessAllAssets 0.459ms
			UVCSAssetPostprocessor.OnPostprocessAllAssets 0.416ms
			SpeedTreePostProcessor.OnPostprocessAllAssets 0.374ms
			EditModeScopePostprocessor.OnPostprocessAllAssets 0.342ms
			ThemePostprocessor.OnPostprocessAllAssets 0.330ms
			ReferencedClipsPostProcessor.OnPostprocessAllAssets 0.270ms
			TMPro_TexturePostProcessor.OnPostprocessAllAssets 0.252ms
			CinemachineSettings.OnPostprocessAllAssets 0.247ms
			AssetEvents.OnPostprocessAllAssets 0.223ms
			DomainReloadProcessor.OnPostprocessAllAssets 0.216ms
			AssetDatabaseCallbacks.OnPostprocessAllAssets 0.209ms
			SamplePostprocessor.OnPostprocessAllAssets 0.203ms
			TerrainToolbarOverlayPostProcessor.OnPostprocessAllAssets 0.135ms
			ConfigAssetsTracker.OnPostprocessAllAssets 0.123ms
			ScenarioDriftAssetsTracker.OnPostprocessAllAssets 0.105ms
			AssetReloadNotifier.OnPostprocessAllAssets 0.096ms
			AudioContainerPostProcessor.OnPostprocessAllAssets 0.081ms
	PostAssetChangesProfiler: 13.674ms
	GatherAllCurrentPrimaryImportResultRevisions: 0.208ms
	UnloadStreamsBegin: 1.247ms
	PersistCurrentRevisions: 0.169ms
	GenerateScriptTypeHashes: 3.942ms
	GenerateScriptTypeSerializationHashes: 6.803ms
	Untracked: 793.493ms

Click: DontDestroyOnLoad only works for root GameObjects or components on root GameObjects.
UnityEngine.Debug:ExtractStackTraceNoAlloc (byte*,int,string)
UnityEngine.StackTraceUtility:ExtractStackTrace ()
UnityEngine.Object:DontDestroyOnLoad (UnityEngine.Object)
SfxPlayer:Awake () (at Assets/Scripts/SfxPlayer.cs:18)

[Assets/Scripts/SfxPlayer.cs line 18]

Music: DontDestroyOnLoad only works for root GameObjects or components on root GameObjects.
UnityEngine.Debug:ExtractStackTraceNoAlloc (byte*,int,string)
UnityEngine.StackTraceUtility:ExtractStackTrace ()
UnityEngine.Object:DontDestroyOnLoad (UnityEngine.Object)
MusicPlayer:Awake () (at Assets/Scripts/Sound/MusicPlayer.cs:19)

[Assets/Scripts/Sound/MusicPlayer.cs line 19]

Loaded scene 'Temp/__Backupscenes/0.backup'
	Deserialize:            3.601 ms
	Integration:            1143.707 ms
	Integration of assets:  0.013 ms
	Thread Wait Time:       0.012 ms
	Total Operation Time:   1147.333 ms
[Licensing::Client] Successfully resolved entitlement details
[Licensing::Client] Successfully resolved entitlement details
[Licensing::Client] Successfully resolved entitlement details
Unloading 7 Unused Serialized files (Serialized files now loaded: 0)
Loaded scene 'Temp/__Backupscenes/0.backup'
	Deserialize:            1.744 ms
	Integration:            17.199 ms
	Integration of assets:  0.002 ms
	Thread Wait Time:       0.009 ms
	Total Operation Time:   18.954 ms
Unloading 7087 unused Assets / (3.4 MB). Loaded Objects now: 10254.
Memory consumption went from 0.71 GB to 0.70 GB.
Total: 24.545500 ms (FindLiveObjects: 2.436100 ms CreateObjectMapping: 0.593900 ms MarkObjects: 19.433000 ms  DeleteObjects: 1.772800 ms)

[Licensing::Client] Successfully resolved entitlement details
Importing 'GUID: 00000000000000009000000000000000 - Path: ProjectSettings/QualitySettings.asset' with importer (LibraryAssetImporter)
Imported 'GUID: 00000000000000009000000000000000' -> (Import Result ID: '1234d6af70f66210ce7cfda4e66e8b00') in 0.003 seconds [static dependencies only]. Details - ImportResultOutputID=2a108b3da874f726c62fbe5f12be4a8a DependenciesID=1def488656846da6ef2e03206928b0e0 StaticDependenciesID=a0cf3dfdae99c755d92b7948d1cfcae0 
Asset Pipeline Refresh (id=2ab616a5459ddc44b86e72e21ab070e3): Total: 0.029 seconds - Initiated by StopAssetImportingV2(NoUpdateAssetOptions)
Importing 'GUID: 744d8266e59d12a44a24480418dafa42 - Path: Assets/Scenes/MenuPrincipal.unity' with importer (DefaultImporter)
Imported 'GUID: 744d8266e59d12a44a24480418dafa42' -> (Import Result ID: '8ae092b7b6f23c554546eb0baeb0c5c3') in 0.001 seconds [static dependencies only]. Details - ImportResultOutputID=d7a4d4d68adff5253c5ebfc7114e6786 DependenciesID=a99a39b8cc6302bbc25234feb6956fe7 StaticDependenciesID=d4923a88123a623088c81d550882afb2 
Asset Pipeline Refresh (id=37d472e65d6430d428f3dc111c8f7475): Total: 0.044 seconds - Initiated by StopAssetImportingV2(NoUpdateAssetOptions)
Reloading assemblies for play mode.
Reloading assemblies after forced synchronous recompile.
Begin MonoManager ReloadAssembly
Assembly reference Packages/com.unity.cinemachine/Editor/Samples/ExposeHDRPInternals/HDRP-Editor-ref.asmref has no target assembly definition
Native extension for WindowsStandalone target not found
ScheduleIndexationOnStartup MainProcess:True IndexOnStartup:True
[MODES] ModeService[none].Initialize
[MODES] ModeService[none].LoadModes
Scripting: successfully reloaded assembly
- Finished resetting the current domain, in  1.748 seconds
Domain Reload Profiling: 2479ms
	BeginReloadAssembly (463ms)
		DisableScriptedObjects (67ms)
		CreateAndSetChildDomain (247ms)
	RebuildCommonClasses (8ms)
	RebuildNativeTypeToScriptingClass (13ms)
	initialDomainReloadingComplete (47ms)
	LoadAllAssembliesAndSetupDomain (198ms)
		LoadAssemblies (118ms)
		TypeCache.Refresh (8ms)
		AnalyzeDomain (24ms)
			ResolveRequiredComponents (21ms)
	FinalizeReload (1749ms)
		SetupLoadedEditorAssemblies (0ms)
			LogAssemblyErrors (4ms)
			BeforeProcessingInitializeOnLoad (110ms)
			ProcessInitializeOnLoadAttributes (301ms)
			ProcessInitializeOnLoadMethodAttributes (111ms)
			AfterProcessingInitializeOnLoad (4ms)
		AwakeInstancesAfterBackupRestoration (726ms)

Asset Pipeline Refresh (id=10ef8ae02e566aa4b9d10926fe4779d0): Total: 2.651 seconds - Initiated by StopAssetImportingV2(ForceSynchronousImport | ForceDomainReload)
	(Values over 0.05ms)
	Summary:
		Imports: total=0 (actual=0, local cache=0, cache server=0)
		Asset DB Process Time: managed=0 ms, native=1854 ms
		Asset DB Callback time: managed=27 ms, native=0 ms
		Scripting: domain reloads=1, domain reload time=766 ms, compile time=2 ms, other=0 ms
		Project Asset Count: scripts=1700, non-scripts=3372
		Asset File Changes: new=0, changed=0, moved=0, deleted=0
		Scan Filter Count: 0
	InvokePackagesCallback: 1.206ms
	ApplyChangesToAssetFolders: 0.230ms
	Collect global state as custom dependencies: 2.662ms
	ProcessAssetsWithTransientArtifactChanges: 0.169ms
	CategorizeAssets: 61.216ms
	CompileScripts: 1.820ms
	ImportOutOfDateAssets: 1755.898ms (1753.564ms without children)
		CollectScriptTypesHashes: 0.704ms
		ReloadNativeAssets: 1.198ms
		UnloadImportedAssets: 0.173ms
		EnsureUptoDateAssetsAreRegisteredWithGuidPM: 0.588ms
		ImportSchedulerStart: 0.356ms
	PostProcessAllAssets: 27.647ms
		MonoPostProcessAllAssets: 27.643ms
			UniversalRenderPipelineGlobalSettingsPostprocessor.OnPostprocessAllAssets 10.227ms
			ConfigAssetsTracker.OnPostprocessAllAssets 3.592ms
			SyncVS.PostprocessSyncProject 2.598ms
			WindowAssetPostprocessingWatcher.OnPostprocessAllAssets 1.777ms
			SpeedTree9Postprocessor.OnPostprocessAllAssets 1.476ms
			RenderPipelineGlobalSettingsPostprocessor.OnPostprocessAllAssets 0.655ms
			ProjectSettingsPostprocessor.OnPostprocessAllAssets 0.623ms
			ShaderReflectionAssetPostProcessor.OnPostprocessAllAssets 0.609ms
			CinemachineSettings.OnPostprocessAllAssets 0.296ms
			ReferencedClipsPostProcessor.OnPostprocessAllAssets 0.269ms
			EditModeScopePostprocessor.OnPostprocessAllAssets 0.248ms
			InputActionAssetPostprocessor.OnPostprocessAllAssets 0.245ms
			DomainReloadProcessor.OnPostprocessAllAssets 0.200ms
			AssetDatabaseCallbacks.OnPostprocessAllAssets 0.136ms
			AssetChangedListener.OnPostprocessAllAssets 0.130ms
			TerrainToolbarOverlayPostProcessor.OnPostprocessAllAssets 0.125ms
			ShaderGraphAssetPostProcessor.OnPostprocessAllAssets 0.055ms
			AssetPostprocessor.OnPostprocessAllAssets 0.054ms
	GatherAllCurrentPrimaryImportResultRevisions: 0.193ms
	UnloadStreamsBegin: 0.110ms
	PersistCurrentRevisions: 0.162ms
	GenerateScriptTypeHashes: 2.894ms
	GenerateScriptTypeSerializationHashes: 5.024ms
	Untracked: 794.787ms

Click: DontDestroyOnLoad only works for root GameObjects or components on root GameObjects.
UnityEngine.Debug:ExtractStackTraceNoAlloc (byte*,int,string)
UnityEngine.StackTraceUtility:ExtractStackTrace ()
UnityEngine.Object:DontDestroyOnLoad (UnityEngine.Object)
SfxPlayer:Awake () (at Assets/Scripts/SfxPlayer.cs:18)

[Assets/Scripts/SfxPlayer.cs line 18]

Music: DontDestroyOnLoad only works for root GameObjects or components on root GameObjects.
UnityEngine.Debug:ExtractStackTraceNoAlloc (byte*,int,string)
UnityEngine.StackTraceUtility:ExtractStackTrace ()
UnityEngine.Object:DontDestroyOnLoad (UnityEngine.Object)
MusicPlayer:Awake () (at Assets/Scripts/Sound/MusicPlayer.cs:19)

[Assets/Scripts/Sound/MusicPlayer.cs line 19]

Loaded scene 'Temp/__Backupscenes/0.backup'
	Deserialize:            2.985 ms
	Integration:            1142.885 ms
	Integration of assets:  0.004 ms
	Thread Wait Time:       0.051 ms
	Total Operation Time:   1145.924 ms
[Licensing::Client] Successfully resolved entitlement details
[Licensing::Client] Successfully resolved entitlement details
[Licensing::Client] Successfully resolved entitlement details
Unloading 10 Unused Serialized files (Serialized files now loaded: 0)
UnloadTime: 7.430600 ms
Loaded scene 'Assets/Scenes/options.unity'
	Deserialize:            5.828 ms
	Integration:            26.873 ms
	Integration of assets:  0.137 ms
	Thread Wait Time:       7.816 ms
	Total Operation Time:   40.654 ms
Unloading 218 unused Assets / (1.2 MB). Loaded Objects now: 10532.
Memory consumption went from 0.72 GB to 0.72 GB.
Total: 22.447700 ms (FindLiveObjects: 1.374500 ms CreateObjectMapping: 0.281900 ms MarkObjects: 20.056800 ms  DeleteObjects: 0.449500 ms)

NullReferenceException: Object reference not set to an instance of an object
  at UnityEditor.ObjectPreview.GetPreviewTitleString () [0x00053] in <2194b77af8ea43e69caba13ba778a69a>:0 
  at UnityEditor.ObjectPreview.GetPreviewTitle () [0x00005] in <2194b77af8ea43e69caba13ba778a69a>:0 
  at UnityEditor.Editor.GetPreviewTitle () [0x00006] in <2194b77af8ea43e69caba13ba778a69a>:0 
  at UnityEditor.PropertyEditor.DrawPreviewAndLabels () [0x000e1] in <2194b77af8ea43e69caba13ba778a69a>:0 
  at UnityEngine.UIElements.IMGUIContainer.DoOnGUI (UnityEngine.Event evt, UnityEngine.Matrix4x4 parentTransform, UnityEngine.Rect clippingRect, System.Boolean isComputingLayout, UnityEngine.Rect layoutSize, System.Action onGUIHandler, System.Boolean canAffectFocus) [0x001c8] in <617acbd9decc402f842fdabb6c0f74b8>:0 
UnityEngine.StackTraceUtility:ExtractStringFromExceptionInternal(Object, String&, String&)
UnityEngine.DebugLogHandler:Internal_LogException_Injected(Exception, IntPtr)
UnityEngine.DebugLogHandler:Internal_LogException(Exception, Object)
UnityEngine.DebugLogHandler:LogException(Exception, Object)
UnityEngine.Logger:LogException(Exception, Object)
UnityEngine.Debug:LogException(Exception)
UnityEngine.UIElements.IMGUIContainer:DoOnGUI(Event, Matrix4x4, Rect, Boolean, Rect, Action, Boolean)
UnityEngine.UIElements.IMGUIContainer:HandleIMGUIEvent(Event, Matrix4x4, Rect, Action, Boolean)
UnityEngine.UIElements.IMGUIContainer:DoIMGUIRepaint()
UnityEngine.UIElements.UIR.RenderChainCommand:ExecuteNonDrawMesh(DrawParams, Single, Exception&)
UnityEngine.UIElements.UIR.UIRenderDevice:EvaluateChain(RenderChainCommand, Material, Texture, ShaderInfoAllocator, Nullable`1, Rect, Single, Boolean, TextureSlotCount, Boolean, Exception&, BaseVisualElementPanel)
UnityEngine.UIElements.UIR.RenderTreeManager:RenderSingleTree(RenderTree, RenderTexture, RectInt, Rect)
UnityEngine.UIElements.UIR.RenderTreeManager:RenderRootTree()
UnityEngine.UIElements.UIRRepaintUpdater:Render()
UnityEngine.UIElements.BaseVisualElementPanel:Render()
UnityEngine.UIElements.Panel:Render()
UnityEditor.UIElements.EditorEventDispatchUtility:DoDispatch(BaseVisualElementPanel, Event)
UnityEditor.UIElements.DefaultWindowBackend:ProcessEvent(Event)
UnityEditor.GUIView:ProcessEvent(EntityId, IntPtr, Boolean&)

NullReferenceException: Object reference not set to an instance of an object
  at UnityEditor.ObjectPreview.GetPreviewTitleString () [0x00053] in <2194b77af8ea43e69caba13ba778a69a>:0 
  at UnityEditor.ObjectPreview.GetPreviewTitle () [0x00005] in <2194b77af8ea43e69caba13ba778a69a>:0 
  at UnityEditor.Editor.GetPreviewTitle () [0x00006] in <2194b77af8ea43e69caba13ba778a69a>:0 
  at UnityEditor.PropertyEditor.DrawPreviewAndLabels () [0x000e1] in <2194b77af8ea43e69caba13ba778a69a>:0 
  at UnityEngine.UIElements.IMGUIContainer.DoOnGUI (UnityEngine.Event evt, UnityEngine.Matrix4x4 parentTransform, UnityEngine.Rect clippingRect, System.Boolean isComputingLayout, UnityEngine.Rect layoutSize, System.Action onGUIHandler, System.Boolean canAffectFocus) [0x00218] in <617acbd9decc402f842fdabb6c0f74b8>:0 
  at UnityEngine.UIElements.IMGUIContainer.HandleIMGUIEvent (UnityEngine.Event e, UnityEngine.Matrix4x4 worldTransform, UnityEngine.Rect clippingRect, System.Action onGUIHandler, System.Boolean canAffectFocus) [0x000a2] in <617acbd9decc402f842fdabb6c0f74b8>:0 
  at UnityEngine.UIElements.IMGUIContainer.DoIMGUIRepaint () [0x00055] in <617acbd9decc402f842fdabb6c0f74b8>:0 
  at UnityEngine.UIElements.UIR.RenderChainCommand.ExecuteNonDrawMesh (UnityEngine.UIElements.UIR.DrawParams drawParams, System.Single pixelsPerPoint, System.Exception& immediateException) [0x00103] in <617acbd9decc402f842fdabb6c0f74b8>:0 
Rethrow as ImmediateModeException
  at UnityEngine.UIElements.UIR.RenderTreeManager.RenderSingleTree (UnityEngine.UIElements.UIR.RenderTree renderTree, UnityEngine.RenderTexture nestedTreeRT, UnityEngine.RectInt nestedTreeViewport, UnityEngine.Rect bounds) [0x001a3] in <617acbd9decc402f842fdabb6c0f74b8>:0 
  at UnityEngine.UIElements.UIR.RenderTreeManager.RenderRootTree () [0x00073] in <617acbd9decc402f842fdabb6c0f74b8>:0 
  at UnityEngine.UIElements.UIRRepaintUpdater.Render () [0x0001c] in <617acbd9decc402f842fdabb6c0f74b8>:0 
  at UnityEngine.UIElements.BaseVisualElementPanel.Render () [0x00000] in <617acbd9decc402f842fdabb6c0f74b8>:0 
  at UnityEngine.UIElements.Panel.Render () [0x0001b] in <617acbd9decc402f842fdabb6c0f74b8>:0 
  at UnityEditor.UIElements.EditorEventDispatchUtility.DoDispatch (UnityEngine.UIElements.BaseVisualElementPanel panel, UnityEngine.Event eventInstance) [0x00081] in <7e5f6c3131e74919805ad9ba09d6649b>:0 
  at UnityEditor.UIElements.DefaultWindowBackend.ProcessEvent (UnityEngine.Event e) [0x0000d] in <7e5f6c3131e74919805ad9ba09d6649b>:0 
  at UnityEditor.GUIView.ProcessEvent (UnityEngine.EntityId entityId, System.IntPtr nativeEventPtr, System.Boolean& result) [0x0006a] in <2194b77af8ea43e69caba13ba778a69a>:0 
UnityEngine.StackTraceUtility:ExtractStringFromExceptionInternal(Object, String&, String&)

Unloading 8 Unused Serialized files (Serialized files now loaded: 0)
Loaded scene 'Temp/__Backupscenes/0.backup'
	Deserialize:            4.438 ms
	Integration:            21.436 ms
	Integration of assets:  0.113 ms
	Thread Wait Time:       0.056 ms
	Total Operation Time:   26.043 ms
Unloading 6 unused Assets / (1.4 MB). Loaded Objects now: 10272.
Memory consumption went from 0.71 GB to 0.71 GB.
Total: 22.440000 ms (FindLiveObjects: 1.675400 ms CreateObjectMapping: 0.242600 ms MarkObjects: 20.138400 ms  DeleteObjects: 0.073500 ms)

Importing 'GUID: 00000000000000009000000000000000 - Path: ProjectSettings/QualitySettings.asset' with importer (LibraryAssetImporter)
Imported 'GUID: 00000000000000009000000000000000' -> (Import Result ID: '1234d6af70f66210ce7cfda4e66e8b00') in 0.004 seconds [static dependencies only]. Details - ImportResultOutputID=2a108b3da874f726c62fbe5f12be4a8a DependenciesID=1def488656846da6ef2e03206928b0e0 StaticDependenciesID=a0cf3dfdae99c755d92b7948d1cfcae0 
Asset Pipeline Refresh (id=68655315190a0c847abc83d7d96582c2): Total: 0.050 seconds - Initiated by StopAssetImportingV2(NoUpdateAssetOptions)
[Worker0] Imported GUID: 11c50fd844b7a3f489d88ed9f7b90f92 - Path: Assets/Scenes/options.unity - Importer: PreviewImporter -> (ImportResultId: '858acd4d44231cff740b5a4da394daed') in 0.0169133 seconds
Opening scene 'Assets/Scenes/options.unity'
Unloading 7 Unused Serialized files (Serialized files now loaded: 0)
Loaded scene 'Assets/Scenes/options.unity'
	Deserialize:            2.810 ms
	Integration:            18.804 ms
	Integration of assets:  0.049 ms
	Thread Wait Time:       0.122 ms
	Total Operation Time:   21.784 ms
Unloading 15 unused Assets / (450.3 KB). Loaded Objects now: 10418.
Memory consumption went from 0.67 GB to 0.67 GB.
Total: 22.581900 ms (FindLiveObjects: 1.449200 ms CreateObjectMapping: 0.305100 ms MarkObjects: 20.456000 ms  DeleteObjects: 0.074200 ms)

Importing 'GUID: 11c50fd844b7a3f489d88ed9f7b90f92 - Path: Assets/Scenes/options.unity' with importer (DefaultImporter)
Imported 'GUID: 11c50fd844b7a3f489d88ed9f7b90f92' -> (Import Result ID: 'da932895fc01223a939f71be0edc44a3') in 0.001 seconds [static dependencies only]. Details - ImportResultOutputID=01543e2f960d22bc43403d5c882849fa DependenciesID=175337264423da63629bccc15c23283e StaticDependenciesID=d1ccd5f45865c29c115689fbd606e4e2 
Asset Pipeline Refresh (id=dbd3ab03e0e9987448ae088be758101a): Total: 0.021 seconds - Initiated by StopAssetImportingV2(NoUpdateAssetOptions)
UPID Received '7b869006-e826-40a1-8a4b-fb1e0a37c8e1'.
[Licensing::Client] Successfully resolved entitlement details
[Licensing::Client] Successfully resolved entitlement details
[Licensing::Client] Successfully resolved entitlement details
Project ID request failed, Reason: The requested URL returned error: 401 (401).
Unknown Unity Connect error (400). Please contact support at support@unity.com while processing request "https://services.unity.com/api/unity/legacy/v1/projects/7b869006-e826-40a1-8a4b-fb1e0a37c8e1", HTTP error code 401
.[Licensing::Client] Successfully updated the access token
[Licensing::Module] Successfully updated access token: "F9hID7-T"... (expires: 2026-09-29T18:02:03Z)
[Licensing::Client] Successfully resolved entitlement details
[Licensing::Client] Successfully resolved entitlement details
UPID Received '7b869006-e826-40a1-8a4b-fb1e0a37c8e1'.
Asset Pipeline Refresh (id=f2a52a7ef4ac09543b2379c3e34f99b9): Total: 0.018 seconds - Initiated by RefreshV2(AllowForceSynchronousImport)
Opening scene 'Assets/Scenes/options.unity'
Unloading 4 Unused Serialized files (Serialized files now loaded: 0)
Loaded scene 'Assets/Scenes/options.unity'
	Deserialize:            3.092 ms
	Integration:            20.569 ms
	Integration of assets:  0.001 ms
	Thread Wait Time:       0.051 ms
	Total Operation Time:   23.713 ms
Unloading 166 unused Assets / (427.3 KB). Loaded Objects now: 10434.
Memory consumption went from 0.69 GB to 0.69 GB.
Total: 31.855600 ms (FindLiveObjects: 1.389700 ms CreateObjectMapping: 0.260000 ms MarkObjects: 29.293300 ms  DeleteObjects: 0.575600 ms)

[Worker0] Imported GUID: 361e28e5b458b5446a4b13356db50eac - Path: Assets/Scenes/MineShaft.unity - Importer: PreviewImporter -> (ImportResultId: 'c032b2ec0035ab2b74e803ac6f3e4412') in 0.0306419 seconds
[Worker0] Imported GUID: 744d8266e59d12a44a24480418dafa42 - Path: Assets/Scenes/MenuPrincipal.unity - Importer: PreviewImporter -> (ImportResultId: '5de7a590d16e055111b6396d19b08c41') in 0.0199688 seconds
Opening scene 'Assets/Scenes/MenuPrincipal.unity'
Unloading 7 Unused Serialized files (Serialized files now loaded: 0)
Loaded scene 'Assets/Scenes/MenuPrincipal.unity'
	Deserialize:            6.686 ms
	Integration:            17.886 ms
	Integration of assets:  0.043 ms
	Thread Wait Time:       0.115 ms
	Total Operation Time:   24.730 ms
Unloading 5 unused Assets / (88.0 KB). Loaded Objects now: 10440.
Memory consumption went from 0.69 GB to 0.69 GB.
Total: 22.766300 ms (FindLiveObjects: 1.435500 ms CreateObjectMapping: 0.280600 ms MarkObjects: 20.680300 ms  DeleteObjects: 0.068200 ms)

Reloading assemblies for play mode.
Reloading assemblies after forced synchronous recompile.
[Licensing::Client] Successfully resolved entitlement details
Begin MonoManager ReloadAssembly
Assembly reference Packages/com.unity.cinemachine/Editor/Samples/ExposeHDRPInternals/HDRP-Editor-ref.asmref has no target assembly definition
Native extension for WindowsStandalone target not found
ScheduleIndexationOnStartup MainProcess:True IndexOnStartup:True
[MODES] ModeService[none].Initialize
[MODES] ModeService[none].LoadModes
Scripting: successfully reloaded assembly
- Finished resetting the current domain, in  1.773 seconds
Domain Reload Profiling: 2567ms
	BeginReloadAssembly (505ms)
		DisableScriptedObjects (81ms)
		CreateAndSetChildDomain (257ms)
	RebuildCommonClasses (9ms)
	RebuildNativeTypeToScriptingClass (13ms)
	initialDomainReloadingComplete (54ms)
	LoadAllAssembliesAndSetupDomain (212ms)
		LoadAssemblies (136ms)
		TypeCache.Refresh (7ms)
		AnalyzeDomain (27ms)
			ResolveRequiredComponents (23ms)
	FinalizeReload (1774ms)
		SetupLoadedEditorAssemblies (0ms)
			LogAssemblyErrors (4ms)
			BeforeProcessingInitializeOnLoad (113ms)
			ProcessInitializeOnLoadAttributes (314ms)
			ProcessInitializeOnLoadMethodAttributes (110ms)
			AfterProcessingInitializeOnLoad (5ms)
		AwakeInstancesAfterBackupRestoration (722ms)

Asset Pipeline Refresh (id=ae4643414c4addc47bcce37fec9cfa29): Total: 2.778 seconds - Initiated by StopAssetImportingV2(ForceSynchronousImport | ForceDomainReload)
	(Values over 0.05ms)
	Summary:
		Imports: total=0 (actual=0, local cache=0, cache server=0)
		Asset DB Process Time: managed=0 ms, native=1894 ms
		Asset DB Callback time: managed=31 ms, native=0 ms
		Scripting: domain reloads=1, domain reload time=849 ms, compile time=2 ms, other=0 ms
		Project Asset Count: scripts=1700, non-scripts=3372
		Asset File Changes: new=0, changed=0, moved=0, deleted=0
		Scan Filter Count: 0
	InvokePackagesCallback: 1.295ms
	ApplyChangesToAssetFolders: 0.244ms
	Collect global state as custom dependencies: 2.765ms
	ProcessAssetsWithTransientArtifactChanges: 0.518ms
	CategorizeAssets: 66.148ms
	CompileScripts: 1.993ms
	ImportOutOfDateAssets: 1782.527ms (1780.061ms without children)
		CollectScriptTypesHashes: 1.020ms
		ReloadNativeAssets: 1.222ms
		UnloadImportedAssets: 0.173ms
		EnsureUptoDateAssetsAreRegisteredWithGuidPM: 0.681ms
		ImportSchedulerStart: 0.363ms
	PostProcessAllAssets: 31.273ms
		MonoPostProcessAllAssets: 31.269ms
			UniversalRenderPipelineGlobalSettingsPostprocessor.OnPostprocessAllAssets 13.658ms
			SyncVS.PostprocessSyncProject 2.817ms
			WindowAssetPostprocessingWatcher.OnPostprocessAllAssets 1.616ms
			SpeedTree9Postprocessor.OnPostprocessAllAssets 1.613ms
			RenderPipelineGlobalSettingsPostprocessor.OnPostprocessAllAssets 0.639ms
			ProjectSettingsPostprocessor.OnPostprocessAllAssets 0.630ms
			ShaderReflectionAssetPostProcessor.OnPostprocessAllAssets 0.515ms
			ConfigAssetsTracker.OnPostprocessAllAssets 0.506ms
			CinemachineSettings.OnPostprocessAllAssets 0.267ms
			EditModeScopePostprocessor.OnPostprocessAllAssets 0.257ms
			InputActionAssetPostprocessor.OnPostprocessAllAssets 0.237ms
			DomainReloadProcessor.OnPostprocessAllAssets 0.217ms
			ReferencedClipsPostProcessor.OnPostprocessAllAssets 0.214ms
			AssetChangedListener.OnPostprocessAllAssets 0.161ms
			TerrainToolbarOverlayPostProcessor.OnPostprocessAllAssets 0.126ms
			AssetDatabaseCallbacks.OnPostprocessAllAssets 0.124ms
			ShaderGraphAssetPostProcessor.OnPostprocessAllAssets 0.078ms
			AssetPostprocessor.OnPostprocessAllAssets 0.056ms
	GatherAllCurrentPrimaryImportResultRevisions: 0.242ms
	PersistCurrentRevisions: 0.149ms
	GenerateScriptTypeHashes: 3.027ms
	GenerateScriptTypeSerializationHashes: 5.268ms
	Untracked: 885.779ms

Click: DontDestroyOnLoad only works for root GameObjects or components on root GameObjects.
UnityEngine.Debug:ExtractStackTraceNoAlloc (byte*,int,string)
UnityEngine.StackTraceUtility:ExtractStackTrace ()
UnityEngine.Object:DontDestroyOnLoad (UnityEngine.Object)
SfxPlayer:Awake () (at Assets/Scripts/SfxPlayer.cs:18)

[Assets/Scripts/SfxPlayer.cs line 18]

Music: DontDestroyOnLoad only works for root GameObjects or components on root GameObjects.
UnityEngine.Debug:ExtractStackTraceNoAlloc (byte*,int,string)
UnityEngine.StackTraceUtility:ExtractStackTrace ()
UnityEngine.Object:DontDestroyOnLoad (UnityEngine.Object)
MusicPlayer:Awake () (at Assets/Scripts/Sound/MusicPlayer.cs:19)

[Assets/Scripts/Sound/MusicPlayer.cs line 19]

Loaded scene 'Temp/__Backupscenes/0.backup'
	Deserialize:            4.553 ms
	Integration:            1231.420 ms
	Integration of assets:  0.015 ms
	Thread Wait Time:       0.010 ms
	Total Operation Time:   1235.998 ms
[Licensing::Client] Successfully resolved entitlement details
[Licensing::Client] Successfully resolved entitlement details
[Licensing::Client] Successfully resolved entitlement details
Unloading 10 Unused Serialized files (Serialized files now loaded: 0)
UnloadTime: 6.356200 ms
Loaded scene 'Assets/Scenes/options.unity'
	Deserialize:            6.020 ms
	Integration:            27.843 ms
	Integration of assets:  0.055 ms
	Thread Wait Time:       5.443 ms
	Total Operation Time:   39.360 ms
Unloading 84 unused Assets / (0.7 MB). Loaded Objects now: 10510.
Memory consumption went from 0.73 GB to 0.73 GB.
Total: 22.276500 ms (FindLiveObjects: 1.391100 ms CreateObjectMapping: 0.264600 ms MarkObjects: 20.133200 ms  DeleteObjects: 0.156100 ms)

Unloading 7 Unused Serialized files (Serialized files now loaded: 0)
UnloadTime: 1.153100 ms
[FSEC] Duplicate, destroying
UnityEngine.Debug:ExtractStackTraceNoAlloc (byte*,int,string)
UnityEngine.StackTraceUtility:ExtractStackTrace ()
UnityEngine.DebugLogHandler:Internal_Log (UnityEngine.LogType,UnityEngine.LogOption,string,UnityEngine.Object)
UnityEngine.DebugLogHandler:LogFormat (UnityEngine.LogType,UnityEngine.Object,string,object[])
UnityEngine.Logger:Log (UnityEngine.LogType,object)
UnityEngine.Debug:Log (object)
FullScreenEffectController:Awake () (at Assets/Scripts/FullScreenEffectController.cs:21)

(Filename: Assets/Scripts/FullScreenEffectController.cs Line: 21)

Loaded scene 'Temp/__Backupscenes/0.backup'
	Deserialize:            4.715 ms
	Integration:            19.095 ms
	Integration of assets:  0.233 ms
	Thread Wait Time:       5.435 ms
	Total Operation Time:   29.478 ms
Unloading 6 unused Assets / (1.3 MB). Loaded Objects now: 10524.
Memory consumption went from 0.73 GB to 0.73 GB.
Total: 24.410900 ms (FindLiveObjects: 1.485600 ms CreateObjectMapping: 0.263800 ms MarkObjects: 22.225600 ms  DeleteObjects: 0.080300 ms)

Unloading 4 Unused Serialized files (Serialized files now loaded: 0)
Loaded scene 'Temp/__Backupscenes/0.backup'
	Deserialize:            1.844 ms
	Integration:            19.139 ms
	Integration of assets:  0.002 ms
	Thread Wait Time:       0.010 ms
	Total Operation Time:   20.994 ms
Unloading 0 unused Assets / (4.6 KB). Loaded Objects now: 10274.
Memory consumption went from 0.72 GB to 0.72 GB.
Total: 22.403200 ms (FindLiveObjects: 1.388000 ms CreateObjectMapping: 0.243400 ms MarkObjects: 20.424800 ms  DeleteObjects: 0.025500 ms)

[Licensing::Client] Successfully resolved entitlement details
Opening scene 'Assets/Scenes/options.unity'
Unloading 7 Unused Serialized files (Serialized files now loaded: 0)
Loaded scene 'Assets/Scenes/options.unity'
	Deserialize:            2.463 ms
	Integration:            16.713 ms
	Integration of assets:  0.037 ms
	Thread Wait Time:       0.119 ms
	Total Operation Time:   19.332 ms
Unloading 1 unused Assets / (142.8 KB). Loaded Objects now: 10423.
Memory consumption went from 0.67 GB to 0.67 GB.
Total: 22.493600 ms (FindLiveObjects: 1.771300 ms CreateObjectMapping: 0.344200 ms MarkObjects: 20.012300 ms  DeleteObjects: 0.045800 ms)

Importing 'GUID: 00000000000000009000000000000000 - Path: ProjectSettings/QualitySettings.asset' with importer (LibraryAssetImporter)
Imported 'GUID: 00000000000000009000000000000000' -> (Import Result ID: '1234d6af70f66210ce7cfda4e66e8b00') in 0.003 seconds [static dependencies only]. Details - ImportResultOutputID=2a108b3da874f726c62fbe5f12be4a8a DependenciesID=1def488656846da6ef2e03206928b0e0 StaticDependenciesID=a0cf3dfdae99c755d92b7948d1cfcae0 
Asset Pipeline Refresh (id=f0b137687f9730d4aac80c5d72427b1f): Total: 0.042 seconds - Initiated by StopAssetImportingV2(NoUpdateAssetOptions)
Importing 'GUID: 11c50fd844b7a3f489d88ed9f7b90f92 - Path: Assets/Scenes/options.unity' with importer (DefaultImporter)
Imported 'GUID: 11c50fd844b7a3f489d88ed9f7b90f92' -> (Import Result ID: '74bbd1c35816fc5ed4342b5ed16e722c') in 0.001 seconds [static dependencies only]. Details - ImportResultOutputID=01543e2f960d22bc43403d5c882849fa DependenciesID=bcbbc76727acd1d8e822b7e8456fe59d StaticDependenciesID=b31294b5954e60e69bf14d76878bf9e6 
Asset Pipeline Refresh (id=815141ee75f8be64ebc78fe61d7c7fb3): Total: 0.041 seconds - Initiated by StopAssetImportingV2(NoUpdateAssetOptions)
Importing 'GUID: 11c50fd844b7a3f489d88ed9f7b90f92 - Path: Assets/Scenes/options.unity' with importer (DefaultImporter)
Imported 'GUID: 11c50fd844b7a3f489d88ed9f7b90f92' -> (Import Result ID: '286fe91ac8d9a23d157cc1276642c9e2') in 0.001 seconds [static dependencies only]. Details - ImportResultOutputID=01543e2f960d22bc43403d5c882849fa DependenciesID=4e78282857ba48aa3b40e801443f0e59 StaticDependenciesID=69cd75ff3cbc2b9e07230b89e9f9153d 
Asset Pipeline Refresh (id=db59b9d176b04344195a97f86255f5ae): Total: 0.044 seconds - Initiated by StopAssetImportingV2(NoUpdateAssetOptions)
Reloading assemblies for play mode.
Reloading assemblies after forced synchronous recompile.
[Licensing::Client] Successfully resolved entitlement details
Begin MonoManager ReloadAssembly
Assembly reference Packages/com.unity.cinemachine/Editor/Samples/ExposeHDRPInternals/HDRP-Editor-ref.asmref has no target assembly definition
Native extension for WindowsStandalone target not found
ScheduleIndexationOnStartup MainProcess:True IndexOnStartup:True
[MODES] ModeService[none].Initialize
[MODES] ModeService[none].LoadModes
Scripting: successfully reloaded assembly
- Finished resetting the current domain, in  1.746 seconds
Domain Reload Profiling: 2485ms
	BeginReloadAssembly (457ms)
		DisableScriptedObjects (67ms)
		CreateAndSetChildDomain (238ms)
	RebuildCommonClasses (9ms)
	RebuildNativeTypeToScriptingClass (13ms)
	initialDomainReloadingComplete (52ms)
	LoadAllAssembliesAndSetupDomain (208ms)
		LoadAssemblies (123ms)
		TypeCache.Refresh (10ms)
		AnalyzeDomain (26ms)
			ResolveRequiredComponents (23ms)
	FinalizeReload (1747ms)
		SetupLoadedEditorAssemblies (0ms)
			BeforeProcessingInitializeOnLoad (114ms)
			ProcessInitializeOnLoadAttributes (299ms)
			ProcessInitializeOnLoadMethodAttributes (108ms)
			AfterProcessingInitializeOnLoad (4ms)
		AwakeInstancesAfterBackupRestoration (712ms)

Asset Pipeline Refresh (id=1a9be1fd81021fc4eba9548c2fb37b21): Total: 2.671 seconds - Initiated by StopAssetImportingV2(ForceSynchronousImport | ForceDomainReload)
	(Values over 0.05ms)
	Summary:
		Imports: total=0 (actual=0, local cache=0, cache server=0)
		Asset DB Process Time: managed=0 ms, native=1859 ms
		Asset DB Callback time: managed=27 ms, native=0 ms
		Scripting: domain reloads=1, domain reload time=781 ms, compile time=2 ms, other=0 ms
		Project Asset Count: scripts=1700, non-scripts=3372
		Asset File Changes: new=0, changed=0, moved=0, deleted=0
		Scan Filter Count: 0
	InvokePackagesCallback: 1.299ms
	ApplyChangesToAssetFolders: 0.253ms
	Collect global state as custom dependencies: 2.697ms
	ProcessAssetsWithTransientArtifactChanges: 0.176ms
	CategorizeAssets: 63.270ms
	CompileScripts: 1.782ms
	ImportOutOfDateAssets: 1754.048ms (1751.620ms without children)
		CollectScriptTypesHashes: 0.844ms
		ReloadNativeAssets: 1.184ms
		UnloadImportedAssets: 0.171ms
		EnsureUptoDateAssetsAreRegisteredWithGuidPM: 0.594ms
		ImportSchedulerStart: 0.461ms
	PostProcessAllAssets: 27.698ms
		MonoPostProcessAllAssets: 27.694ms
			UniversalRenderPipelineGlobalSettingsPostprocessor.OnPostprocessAllAssets 9.654ms
			SyncVS.PostprocessSyncProject 2.490ms
			WindowAssetPostprocessingWatcher.OnPostprocessAllAssets 1.699ms
			SpeedTree9Postprocessor.OnPostprocessAllAssets 1.556ms
			AssetChangedListener.OnPostprocessAllAssets 0.986ms
			RenderPipelineGlobalSettingsPostprocessor.OnPostprocessAllAssets 0.692ms
			ProjectSettingsPostprocessor.OnPostprocessAllAssets 0.600ms
			ShaderReflectionAssetPostProcessor.OnPostprocessAllAssets 0.544ms
			ConfigAssetsTracker.OnPostprocessAllAssets 0.460ms
			CinemachineSettings.OnPostprocessAllAssets 0.282ms
			InputActionAssetPostprocessor.OnPostprocessAllAssets 0.267ms
			EditModeScopePostprocessor.OnPostprocessAllAssets 0.265ms
			ReferencedClipsPostProcessor.OnPostprocessAllAssets 0.262ms
			DomainReloadProcessor.OnPostprocessAllAssets 0.247ms
			AssetDatabaseCallbacks.OnPostprocessAllAssets 0.148ms
			TerrainToolbarOverlayPostProcessor.OnPostprocessAllAssets 0.118ms
			ShaderGraphAssetPostProcessor.OnPostprocessAllAssets 0.074ms
			AssetPostprocessor.OnPostprocessAllAssets 0.051ms
	GatherAllCurrentPrimaryImportResultRevisions: 0.193ms
	UnloadStreamsBegin: 1.548ms
	PersistCurrentRevisions: 0.149ms
	GenerateScriptTypeHashes: 2.935ms
	GenerateScriptTypeSerializationHashes: 5.113ms
	Untracked: 812.658ms

Loaded scene 'Temp/__Backupscenes/0.backup'
	Deserialize:            3.791 ms
	Integration:            453.468 ms
	Integration of assets:  0.008 ms
	Thread Wait Time:       0.043 ms
	Total Operation Time:   457.311 ms
NullReferenceException: Object reference not set to an instance of an object
  at VolumeControl.Start () [0x0000e] in C:\Users\ALUMNOS\Documents\oleg_final_project\Assets\Scripts\Sound\VolumeControl.cs:13 
UnityEngine.StackTraceUtility:ExtractStringFromExceptionInternal(Object, String&, String&)

(Filename: Assets/Scripts/Sound/VolumeControl.cs Line: 13)

NullReferenceException: Object reference not set to an instance of an object
  at FpsCounter.Update () [0x0005b] in C:\Users\ALUMNOS\Documents\oleg_final_project\Assets\Scripts\FpsCounter.cs:49 
UnityEngine.StackTraceUtility:ExtractStringFromExceptionInternal(Object, String&, String&)

(Filename: Assets/Scripts/FpsCounter.cs Line: 49)

[Licensing::Client] Successfully resolved entitlement details
[Licensing::Client] Successfully resolved entitlement details
[Licensing::Client] Successfully resolved entitlement details
Unloading 3 Unused Serialized files (Serialized files now loaded: 0)
Loaded scene 'Temp/__Backupscenes/0.backup'
	Deserialize:            1.744 ms
	Integration:            25.596 ms
	Integration of assets:  0.001 ms
	Thread Wait Time:       0.116 ms
	Total Operation Time:   27.458 ms
Unloading 193 unused Assets / (2.8 MB). Loaded Objects now: 10428.
Memory consumption went from 0.71 GB to 0.70 GB.
Total: 22.260500 ms (FindLiveObjects: 1.559600 ms CreateObjectMapping: 0.246600 ms MarkObjects: 19.581300 ms  DeleteObjects: 0.514600 ms)

[Licensing::Client] Successfully resolved entitlement details
Asset Pipeline Refresh (id=747f7958ee53d864f89ab3b50c9b03df): Total: 0.010 seconds - Initiated by StopAssetImportingV2(ForceUpdate)
Importing 'GUID: 00000000000000009000000000000000 - Path: ProjectSettings/QualitySettings.asset' with importer (LibraryAssetImporter)
Imported 'GUID: 00000000000000009000000000000000' -> (Import Result ID: '1234d6af70f66210ce7cfda4e66e8b00') in 0.003 seconds [static dependencies only]. Details - ImportResultOutputID=2a108b3da874f726c62fbe5f12be4a8a DependenciesID=1def488656846da6ef2e03206928b0e0 StaticDependenciesID=a0cf3dfdae99c755d92b7948d1cfcae0 
Asset Pipeline Refresh (id=07b47e126c0b5c343b2a749182925677): Total: 0.045 seconds - Initiated by StopAssetImportingV2(NoUpdateAssetOptions)
Importing 'GUID: 11c50fd844b7a3f489d88ed9f7b90f92 - Path: Assets/Scenes/options.unity' with importer (DefaultImporter)
Imported 'GUID: 11c50fd844b7a3f489d88ed9f7b90f92' -> (Import Result ID: '165ed4947b7cb21b47f1372d0f8e99a9') in 0.001 seconds [static dependencies only]. Details - ImportResultOutputID=01543e2f960d22bc43403d5c882849fa DependenciesID=1c1086b726c61b8baf884a133d200237 StaticDependenciesID=766fde05d1ed8304860d95ccc4329d54 
Asset Pipeline Refresh (id=6a790bcdb3831d04296fa754af52090d): Total: 0.041 seconds - Initiated by StopAssetImportingV2(NoUpdateAssetOptions)
Importing 'GUID: 11c50fd844b7a3f489d88ed9f7b90f92 - Path: Assets/Scenes/options.unity' with importer (DefaultImporter)
Imported 'GUID: 11c50fd844b7a3f489d88ed9f7b90f92' -> (Import Result ID: '6cfa6adf26787456b35c4bee5be07f57') in 0.001 seconds [static dependencies only]. Details - ImportResultOutputID=01543e2f960d22bc43403d5c882849fa DependenciesID=80f5b4c8e8fe1c915bc60bb84976814d StaticDependenciesID=9f0bd80a3d5eb1a99cc6c7214d0d4c23 
Asset Pipeline Refresh (id=828eb55b9be45d347af0439437a5b5d5): Total: 0.042 seconds - Initiated by StopAssetImportingV2(NoUpdateAssetOptions)
Reloading assemblies for play mode.
Reloading assemblies after forced synchronous recompile.
[Licensing::Client] Successfully resolved entitlement details
Begin MonoManager ReloadAssembly
Assembly reference Packages/com.unity.cinemachine/Editor/Samples/ExposeHDRPInternals/HDRP-Editor-ref.asmref has no target assembly definition
Native extension for WindowsStandalone target not found
ScheduleIndexationOnStartup MainProcess:True IndexOnStartup:True
[MODES] ModeService[none].Initialize
[MODES] ModeService[none].LoadModes
Scripting: successfully reloaded assembly
- Finished resetting the current domain, in  1.780 seconds
Domain Reload Profiling: 2514ms
	BeginReloadAssembly (465ms)
		DisableScriptedObjects (68ms)
		CreateAndSetChildDomain (249ms)
	RebuildCommonClasses (9ms)
	RebuildNativeTypeToScriptingClass (13ms)
	initialDomainReloadingComplete (50ms)
	LoadAllAssembliesAndSetupDomain (196ms)
		LoadAssemblies (117ms)
		TypeCache.Refresh (7ms)
		AnalyzeDomain (24ms)
			ResolveRequiredComponents (21ms)
	FinalizeReload (1781ms)
		SetupLoadedEditorAssemblies (0ms)
			LogAssemblyErrors (4ms)
			BeforeProcessingInitializeOnLoad (112ms)
			ProcessInitializeOnLoadAttributes (303ms)
			ProcessInitializeOnLoadMethodAttributes (113ms)
			AfterProcessingInitializeOnLoad (4ms)
		AwakeInstancesAfterBackupRestoration (728ms)

Asset Pipeline Refresh (id=820f589aeeef25c49be49c1b2f2591f8): Total: 2.699 seconds - Initiated by StopAssetImportingV2(ForceSynchronousImport | ForceDomainReload)
	(Values over 0.05ms)
	Summary:
		Imports: total=0 (actual=0, local cache=0, cache server=0)
		Asset DB Process Time: managed=0 ms, native=1882 ms
		Asset DB Callback time: managed=26 ms, native=0 ms
		Scripting: domain reloads=1, domain reload time=788 ms, compile time=2 ms, other=0 ms
		Project Asset Count: scripts=1700, non-scripts=3372
		Asset File Changes: new=0, changed=0, moved=0, deleted=0
		Scan Filter Count: 0
	InvokePackagesCallback: 1.283ms
	ApplyChangesToAssetFolders: 0.253ms
	Collect global state as custom dependencies: 2.572ms
	ProcessAssetsWithTransientArtifactChanges: 0.184ms
	CategorizeAssets: 61.488ms
	CompileScripts: 1.823ms
	ImportOutOfDateAssets: 1787.647ms (1785.242ms without children)
		CollectScriptTypesHashes: 0.776ms
		ReloadNativeAssets: 1.309ms
		UnloadImportedAssets: 0.139ms
		EnsureUptoDateAssetsAreRegisteredWithGuidPM: 0.608ms
		ImportSchedulerStart: 0.331ms
	PostProcessAllAssets: 26.212ms
		MonoPostProcessAllAssets: 26.208ms
			UniversalRenderPipelineGlobalSettingsPostprocessor.OnPostprocessAllAssets 9.172ms
			SyncVS.PostprocessSyncProject 2.534ms
			SpeedTree9Postprocessor.OnPostprocessAllAssets 1.552ms
			WindowAssetPostprocessingWatcher.OnPostprocessAllAssets 1.541ms
			RenderPipelineGlobalSettingsPostprocessor.OnPostprocessAllAssets 0.631ms
			ProjectSettingsPostprocessor.OnPostprocessAllAssets 0.607ms
			ShaderReflectionAssetPostProcessor.OnPostprocessAllAssets 0.531ms
			ConfigAssetsTracker.OnPostprocessAllAssets 0.467ms
			CinemachineSettings.OnPostprocessAllAssets 0.261ms
			EditModeScopePostprocessor.OnPostprocessAllAssets 0.252ms
			InputActionAssetPostprocessor.OnPostprocessAllAssets 0.240ms
			ReferencedClipsPostProcessor.OnPostprocessAllAssets 0.214ms
			DomainReloadProcessor.OnPostprocessAllAssets 0.199ms
			AssetDatabaseCallbacks.OnPostprocessAllAssets 0.126ms
			TerrainToolbarOverlayPostProcessor.OnPostprocessAllAssets 0.124ms
			ShaderGraphAssetPostProcessor.OnPostprocessAllAssets 0.072ms
			AssetPostprocessor.OnPostprocessAllAssets 0.052ms
	GatherAllCurrentPrimaryImportResultRevisions: 0.193ms
	PersistCurrentRevisions: 0.162ms
	GenerateScriptTypeHashes: 2.913ms
	GenerateScriptTypeSerializationHashes: 5.073ms
	Untracked: 813.337ms

Loaded scene 'Temp/__Backupscenes/0.backup'
	Deserialize:            4.054 ms
	Integration:            463.019 ms
	Integration of assets:  0.004 ms
	Thread Wait Time:       0.070 ms
	Total Operation Time:   467.147 ms
NullReferenceException: Object reference not set to an instance of an object
  at VolumeControl.Start () [0x0000e] in C:\Users\ALUMNOS\Documents\oleg_final_project\Assets\Scripts\Sound\VolumeControl.cs:13 
UnityEngine.StackTraceUtility:ExtractStringFromExceptionInternal(Object, String&, String&)

(Filename: Assets/Scripts/Sound/VolumeControl.cs Line: 13)

[Licensing::Client] Successfully resolved entitlement details
[Licensing::Client] Successfully resolved entitlement details
[Licensing::Client] Successfully resolved entitlement details
Unloading 3 Unused Serialized files (Serialized files now loaded: 0)
Loaded scene 'Temp/__Backupscenes/0.backup'
	Deserialize:            1.663 ms
	Integration:            38.330 ms
	Integration of assets:  0.002 ms
	Thread Wait Time:       0.011 ms
	Total Operation Time:   40.006 ms
Unloading 209 unused Assets / (1.5 MB). Loaded Objects now: 10492.
Memory consumption went from 0.71 GB to 0.71 GB.
Total: 21.808900 ms (FindLiveObjects: 1.639600 ms CreateObjectMapping: 0.271800 ms MarkObjects: 19.080500 ms  DeleteObjects: 0.495200 ms)

[Licensing::Client] Successfully resolved entitlement details
Importing 'GUID: 00000000000000009000000000000000 - Path: ProjectSettings/QualitySettings.asset' with importer (LibraryAssetImporter)
Imported 'GUID: 00000000000000009000000000000000' -> (Import Result ID: '1234d6af70f66210ce7cfda4e66e8b00') in 0.003 seconds [static dependencies only]. Details - ImportResultOutputID=2a108b3da874f726c62fbe5f12be4a8a DependenciesID=1def488656846da6ef2e03206928b0e0 StaticDependenciesID=a0cf3dfdae99c755d92b7948d1cfcae0 
Asset Pipeline Refresh (id=ffd1e1ee2a3d7534282e968398e8795c): Total: 0.046 seconds - Initiated by StopAssetImportingV2(NoUpdateAssetOptions)
Importing 'GUID: 11c50fd844b7a3f489d88ed9f7b90f92 - Path: Assets/Scenes/options.unity' with importer (DefaultImporter)
Imported 'GUID: 11c50fd844b7a3f489d88ed9f7b90f92' -> (Import Result ID: '2eb3157360f62eb618fe1941749ca242') in 0.001 seconds [static dependencies only]. Details - ImportResultOutputID=01543e2f960d22bc43403d5c882849fa DependenciesID=889e3998627ac0f40b4608f80f6273ec StaticDependenciesID=b04af33934eea0bdbcdd282a44773752 
Asset Pipeline Refresh (id=ae9b1770e7426b144b7fe70645df7fa1): Total: 0.042 seconds - Initiated by StopAssetImportingV2(NoUpdateAssetOptions)
Opening scene 'Assets/Scenes/MenuPrincipal.unity'
Unloading 116 Unused Serialized files (Serialized files now loaded: 0)
Loaded scene 'Assets/Scenes/MenuPrincipal.unity'
	Deserialize:            6.451 ms
	Integration:            18.909 ms
	Integration of assets:  0.112 ms
	Thread Wait Time:       0.059 ms
	Total Operation Time:   25.531 ms
Unloading 169 unused Assets / (12.5 MB). Loaded Objects now: 10652.
Memory consumption went from 0.73 GB to 0.71 GB.
Total: 25.572600 ms (FindLiveObjects: 1.657200 ms CreateObjectMapping: 0.346800 ms MarkObjects: 22.910600 ms  DeleteObjects: 0.323100 ms)

Reloading assemblies for play mode.
Reloading assemblies after forced synchronous recompile.
Begin MonoManager ReloadAssembly
Assembly reference Packages/com.unity.cinemachine/Editor/Samples/ExposeHDRPInternals/HDRP-Editor-ref.asmref has no target assembly definition
Native extension for WindowsStandalone target not found
ScheduleIndexationOnStartup MainProcess:True IndexOnStartup:True
[MODES] ModeService[none].Initialize
[MODES] ModeService[none].LoadModes
Scripting: successfully reloaded assembly
- Finished resetting the current domain, in  1.762 seconds
Domain Reload Profiling: 2495ms
	BeginReloadAssembly (455ms)
		DisableScriptedObjects (73ms)
		CreateAndSetChildDomain (234ms)
	RebuildCommonClasses (10ms)
	RebuildNativeTypeToScriptingClass (13ms)
	initialDomainReloadingComplete (51ms)
	LoadAllAssembliesAndSetupDomain (204ms)
		LoadAssemblies (121ms)
		TypeCache.Refresh (8ms)
		AnalyzeDomain (24ms)
			ResolveRequiredComponents (21ms)
	FinalizeReload (1763ms)
		SetupLoadedEditorAssemblies (0ms)
			BeforeProcessingInitializeOnLoad (111ms)
			ProcessInitializeOnLoadAttributes (299ms)
			ProcessInitializeOnLoadMethodAttributes (112ms)
			AfterProcessingInitializeOnLoad (4ms)
		AwakeInstancesAfterBackupRestoration (721ms)

Asset Pipeline Refresh (id=49d7a7771771faa4bbd06a94d152cdf1): Total: 2.672 seconds - Initiated by StopAssetImportingV2(ForceSynchronousImport | ForceDomainReload)
	(Values over 0.05ms)
	Summary:
		Imports: total=0 (actual=0, local cache=0, cache server=0)
		Asset DB Process Time: managed=0 ms, native=1865 ms
		Asset DB Callback time: managed=30 ms, native=0 ms
		Scripting: domain reloads=1, domain reload time=772 ms, compile time=2 ms, other=0 ms
		Project Asset Count: scripts=1700, non-scripts=3372
		Asset File Changes: new=0, changed=0, moved=0, deleted=0
		Scan Filter Count: 0
	InvokePackagesCallback: 1.291ms
	ApplyChangesToAssetFolders: 0.230ms
	Collect global state as custom dependencies: 2.578ms
	ProcessAssetsWithTransientArtifactChanges: 0.176ms
	CategorizeAssets: 61.449ms
	CompileScripts: 1.964ms
	ImportOutOfDateAssets: 1771.271ms (1768.889ms without children)
		CollectScriptTypesHashes: 0.708ms
		ReloadNativeAssets: 1.214ms
		UnloadImportedAssets: 0.188ms
		EnsureUptoDateAssetsAreRegisteredWithGuidPM: 0.611ms
		ImportSchedulerStart: 0.351ms
	PostProcessAllAssets: 30.698ms
		MonoPostProcessAllAssets: 30.692ms
			UniversalRenderPipelineGlobalSettingsPostprocessor.OnPostprocessAllAssets 13.422ms
			SyncVS.PostprocessSyncProject 2.886ms
			WindowAssetPostprocessingWatcher.OnPostprocessAllAssets 1.559ms
			SpeedTree9Postprocessor.OnPostprocessAllAssets 1.522ms
			ProjectSettingsPostprocessor.OnPostprocessAllAssets 0.729ms
			RenderPipelineGlobalSettingsPostprocessor.OnPostprocessAllAssets 0.615ms
			ConfigAssetsTracker.OnPostprocessAllAssets 0.599ms
			ShaderReflectionAssetPostProcessor.OnPostprocessAllAssets 0.521ms
			InputActionAssetPostprocessor.OnPostprocessAllAssets 0.264ms
			CinemachineSettings.OnPostprocessAllAssets 0.244ms
			EditModeScopePostprocessor.OnPostprocessAllAssets 0.239ms
			ReferencedClipsPostProcessor.OnPostprocessAllAssets 0.218ms
			DomainReloadProcessor.OnPostprocessAllAssets 0.190ms
			TerrainToolbarOverlayPostProcessor.OnPostprocessAllAssets 0.156ms
			AssetChangedListener.OnPostprocessAllAssets 0.126ms
			AssetDatabaseCallbacks.OnPostprocessAllAssets 0.125ms
			ShaderGraphAssetPostProcessor.OnPostprocessAllAssets 0.064ms
			AssetPostprocessor.OnPostprocessAllAssets 0.054ms
	GatherAllCurrentPrimaryImportResultRevisions: 0.182ms
	PersistCurrentRevisions: 0.172ms
	GenerateScriptTypeHashes: 2.987ms
	GenerateScriptTypeSerializationHashes: 5.206ms
	Untracked: 797.884ms

Click: DontDestroyOnLoad only works for root GameObjects or components on root GameObjects.
UnityEngine.Debug:ExtractStackTraceNoAlloc (byte*,int,string)
UnityEngine.StackTraceUtility:ExtractStackTrace ()
UnityEngine.Object:DontDestroyOnLoad (UnityEngine.Object)
SfxPlayer:Awake () (at Assets/Scripts/SfxPlayer.cs:18)

[Assets/Scripts/SfxPlayer.cs line 18]

Music: DontDestroyOnLoad only works for root GameObjects or components on root GameObjects.
UnityEngine.Debug:ExtractStackTraceNoAlloc (byte*,int,string)
UnityEngine.StackTraceUtility:ExtractStackTrace ()
UnityEngine.Object:DontDestroyOnLoad (UnityEngine.Object)
MusicPlayer:Awake () (at Assets/Scripts/Sound/MusicPlayer.cs:19)

[Assets/Scripts/Sound/MusicPlayer.cs line 19]

Loaded scene 'Temp/__Backupscenes/0.backup'
	Deserialize:            3.254 ms
	Integration:            1075.382 ms
	Integration of assets:  0.010 ms
	Thread Wait Time:       0.026 ms
	Total Operation Time:   1078.672 ms
[Licensing::Client] Successfully resolved entitlement details
[Licensing::Client] Successfully resolved entitlement details
[Licensing::Client] Successfully resolved entitlement details
Unloading 6 Unused Serialized files (Serialized files now loaded: 0)
UnloadTime: 6.722800 ms
Loaded scene 'Assets/Scenes/options.unity'
	Deserialize:            6.150 ms
	Integration:            27.752 ms
	Integration of assets:  0.052 ms
	Thread Wait Time:       6.395 ms
	Total Operation Time:   40.349 ms
Unloading 80 unused Assets / (453.5 KB). Loaded Objects now: 10717.
Memory consumption went from 0.76 GB to 0.76 GB.
Total: 21.978700 ms (FindLiveObjects: 1.534400 ms CreateObjectMapping: 0.315500 ms MarkObjects: 19.636200 ms  DeleteObjects: 0.161800 ms)

NullReferenceException: Object reference not set to an instance of an object
  at FpsCounter.Update () [0x0005b] in C:\Users\ALUMNOS\Documents\oleg_final_project\Assets\Scripts\FpsCounter.cs:49 
UnityEngine.StackTraceUtility:ExtractStringFromExceptionInternal(Object, String&, String&)

(Filename: Assets/Scripts/FpsCounter.cs Line: 49)

Unloading 3 Unused Serialized files (Serialized files now loaded: 0)
Loaded scene 'Temp/__Backupscenes/0.backup'
	Deserialize:            5.111 ms
	Integration:            18.729 ms
	Integration of assets:  0.140 ms
	Thread Wait Time:       0.054 ms
	Total Operation Time:   24.034 ms
Unloading 4 unused Assets / (1.3 MB). Loaded Objects now: 10488.
Memory consumption went from 0.76 GB to 0.76 GB.
Total: 22.614800 ms (FindLiveObjects: 1.492700 ms CreateObjectMapping: 0.341800 ms MarkObjects: 20.315300 ms  DeleteObjects: 0.140400 ms)

Asset Pipeline Refresh (id=73973ee52e76a884682a110e7b7c7922): Total: 0.025 seconds - Initiated by RefreshV2(AllowForceSynchronousImport)
Importing 'GUID: 00000000000000009000000000000000 - Path: ProjectSettings/QualitySettings.asset' with importer (LibraryAssetImporter)
Imported 'GUID: 00000000000000009000000000000000' -> (Import Result ID: '1234d6af70f66210ce7cfda4e66e8b00') in 0.003 seconds [static dependencies only]. Details - ImportResultOutputID=2a108b3da874f726c62fbe5f12be4a8a DependenciesID=1def488656846da6ef2e03206928b0e0 StaticDependenciesID=a0cf3dfdae99c755d92b7948d1cfcae0 
Asset Pipeline Refresh (id=3c1becca280a4504cac88a61f16de946): Total: 0.038 seconds - Initiated by StopAssetImportingV2(NoUpdateAssetOptions)
Reloading assemblies for play mode.
Reloading assemblies after forced synchronous recompile.
[Licensing::Client] Successfully resolved entitlement details
Begin MonoManager ReloadAssembly
Assembly reference Packages/com.unity.cinemachine/Editor/Samples/ExposeHDRPInternals/HDRP-Editor-ref.asmref has no target assembly definition
Native extension for WindowsStandalone target not found
ScheduleIndexationOnStartup MainProcess:True IndexOnStartup:True
[MODES] ModeService[none].Initialize
[MODES] ModeService[none].LoadModes
Scripting: successfully reloaded assembly
- Finished resetting the current domain, in  1.756 seconds
Domain Reload Profiling: 2508ms
	BeginReloadAssembly (471ms)
		DisableScriptedObjects (66ms)
		CreateAndSetChildDomain (248ms)
	RebuildCommonClasses (9ms)
	RebuildNativeTypeToScriptingClass (13ms)
	initialDomainReloadingComplete (54ms)
	LoadAllAssembliesAndSetupDomain (204ms)
		LoadAssemblies (126ms)
		TypeCache.Refresh (7ms)
		AnalyzeDomain (24ms)
			ResolveRequiredComponents (22ms)
	FinalizeReload (1757ms)
		SetupLoadedEditorAssemblies (0ms)
			BeforeProcessingInitializeOnLoad (103ms)
			ProcessInitializeOnLoadAttributes (302ms)
			ProcessInitializeOnLoadMethodAttributes (113ms)
			AfterProcessingInitializeOnLoad (4ms)
		AwakeInstancesAfterBackupRestoration (717ms)

Asset Pipeline Refresh (id=fbeaa638c0822e546bee1838c688f1fa): Total: 2.690 seconds - Initiated by StopAssetImportingV2(ForceSynchronousImport | ForceDomainReload)
	(Values over 0.05ms)
	Summary:
		Imports: total=0 (actual=0, local cache=0, cache server=0)
		Asset DB Process Time: managed=0 ms, native=1861 ms
		Asset DB Callback time: managed=30 ms, native=0 ms
		Scripting: domain reloads=1, domain reload time=795 ms, compile time=2 ms, other=0 ms
		Project Asset Count: scripts=1700, non-scripts=3372
		Asset File Changes: new=0, changed=0, moved=0, deleted=0
		Scan Filter Count: 0
	InvokePackagesCallback: 1.268ms
	ApplyChangesToAssetFolders: 0.257ms
	Collect global state as custom dependencies: 2.448ms
	ProcessAssetsWithTransientArtifactChanges: 0.188ms
	CategorizeAssets: 61.238ms
	CompileScripts: 2.058ms
	ImportOutOfDateAssets: 1763.793ms (1761.485ms without children)
		CollectScriptTypesHashes: 0.728ms
		ReloadNativeAssets: 1.172ms
		UnloadImportedAssets: 0.146ms
		EnsureUptoDateAssetsAreRegisteredWithGuidPM: 0.567ms
		ImportSchedulerStart: 0.405ms
	PostProcessAllAssets: 30.803ms
		MonoPostProcessAllAssets: 30.800ms
			UniversalRenderPipelineGlobalSettingsPostprocessor.OnPostprocessAllAssets 13.584ms
			AssetChangedListener.OnPostprocessAllAssets 4.636ms
			AssetPostprocessor.OnPostprocessAllAssets 3.190ms
			SyncVS.PostprocessSyncProject 2.542ms
			WindowAssetPostprocessingWatcher.OnPostprocessAllAssets 1.718ms
			SpeedTree9Postprocessor.OnPostprocessAllAssets 1.539ms
			VFXGraphPreprocessor.OnPostprocessAllAssets 1.376ms
			ShaderGraphAssetPostProcessor.OnPostprocessAllAssets 1.286ms
			RetainedModeAssetPostprocessor.OnPostprocessAllAssets 0.976ms
			RenderPipelineGlobalSettingsPostprocessor.OnPostprocessAllAssets 0.686ms
			BuilderAssetPostprocessor.OnPostprocessAllAssets 0.679ms
			UVCSAssetPostprocessor.OnPostprocessAllAssets 0.657ms
			ProjectSettingsPostprocessor.OnPostprocessAllAssets 0.621ms
			ConfigAssetsTracker.OnPostprocessAllAssets 0.616ms
			ShaderReflectionAssetPostProcessor.OnPostprocessAllAssets 0.562ms
			MaterialPostprocessor.OnPostprocessAllAssets 0.560ms
			ArtifactBrowserPostProcessor.OnPostprocessAllAssets 0.420ms
			PostProcessor.OnPostprocessAllAssets 0.405ms
			InputActionJsonNameModifierAssetProcessor.OnPostprocessAllAssets 0.331ms
			TMPro_TexturePostProcessor.OnPostprocessAllAssets 0.306ms
			TextAssetPostProcessor.OnPostprocessAllAssets 0.291ms
			AudioMixerPostprocessor.OnPostprocessAllAssets 0.276ms
			EditModeScopePostprocessor.OnPostprocessAllAssets 0.254ms
			CinemachineSettings.OnPostprocessAllAssets 0.248ms
			InputActionAssetPostprocessor.OnPostprocessAllAssets 0.245ms
			ReferencedClipsPostProcessor.OnPostprocessAllAssets 0.224ms
			AssetEvents.OnPostprocessAllAssets 0.208ms
			DomainReloadProcessor.OnPostprocessAllAssets 0.199ms
			StyleCatalogPostProcessor.OnPostprocessAllAssets 0.188ms
			SpeedTreePostProcessor.OnPostprocessAllAssets 0.139ms
			AssetDatabaseCallbacks.OnPostprocessAllAssets 0.131ms
			TerrainToolbarOverlayPostProcessor.OnPostprocessAllAssets 0.124ms
			SamplePostprocessor.OnPostprocessAllAssets 0.117ms
			ScenarioDriftAssetsTracker.OnPostprocessAllAssets 0.106ms
			AssetReloadNotifier.OnPostprocessAllAssets 0.105ms
			ThemePostprocessor.OnPostprocessAllAssets 0.102ms
			AudioContainerPostProcessor.OnPostprocessAllAssets 0.054ms
	GatherAllCurrentPrimaryImportResultRevisions: 0.188ms
	PersistCurrentRevisions: 0.148ms
	GenerateScriptTypeHashes: 3.125ms
	GenerateScriptTypeSerializationHashes: 5.640ms
	Untracked: 822.600ms

Click: DontDestroyOnLoad only works for root GameObjects or components on root GameObjects.
UnityEngine.Debug:ExtractStackTraceNoAlloc (byte*,int,string)
UnityEngine.StackTraceUtility:ExtractStackTrace ()
UnityEngine.Object:DontDestroyOnLoad (UnityEngine.Object)
SfxPlayer:Awake () (at Assets/Scripts/SfxPlayer.cs:18)

[Assets/Scripts/SfxPlayer.cs line 18]

Music: DontDestroyOnLoad only works for root GameObjects or components on root GameObjects.
UnityEngine.Debug:ExtractStackTraceNoAlloc (byte*,int,string)
UnityEngine.StackTraceUtility:ExtractStackTrace ()
UnityEngine.Object:DontDestroyOnLoad (UnityEngine.Object)
MusicPlayer:Awake () (at Assets/Scripts/Sound/MusicPlayer.cs:19)

[Assets/Scripts/Sound/MusicPlayer.cs line 19]

Loaded scene 'Temp/__Backupscenes/0.backup'
	Deserialize:            2.842 ms
	Integration:            1086.734 ms
	Integration of assets:  0.002 ms
	Thread Wait Time:       0.085 ms
	Total Operation Time:   1089.664 ms
[Licensing::Client] Successfully resolved entitlement details
[Licensing::Client] Successfully resolved entitlement details
[Licensing::Client] Successfully resolved entitlement details
Unloading 5 Unused Serialized files (Serialized files now loaded: 0)
UnloadTime: 6.302300 ms
Loaded scene 'Assets/Scenes/options.unity'
	Deserialize:            5.539 ms
	Integration:            27.231 ms
	Integration of assets:  0.047 ms
	Thread Wait Time:       5.808 ms
	Total Operation Time:   38.626 ms
Unloading 66 unused Assets / (172.4 KB). Loaded Objects now: 10720.
Memory consumption went from 0.74 GB to 0.74 GB.
Total: 21.804600 ms (FindLiveObjects: 1.635600 ms CreateObjectMapping: 0.248900 ms MarkObjects: 19.452600 ms  DeleteObjects: 0.139500 ms)

NullReferenceException: Object reference not set to an instance of an object
  at FpsCounter.Update () [0x0005b] in C:\Users\ALUMNOS\Documents\oleg_final_project\Assets\Scripts\FpsCounter.cs:49 
UnityEngine.StackTraceUtility:ExtractStringFromExceptionInternal(Object, String&, String&)

(Filename: Assets/Scripts/FpsCounter.cs Line: 49)

Unloading 3 Unused Serialized files (Serialized files now loaded: 0)
Loaded scene 'Temp/__Backupscenes/0.backup'
	Deserialize:            4.602 ms
	Integration:            20.067 ms
	Integration of assets:  0.140 ms
	Thread Wait Time:       0.018 ms
	Total Operation Time:   24.826 ms
Unloading 4 unused Assets / (1.3 MB). Loaded Objects now: 10491.
Memory consumption went from 0.74 GB to 0.74 GB.
Total: 22.632200 ms (FindLiveObjects: 1.693200 ms CreateObjectMapping: 0.299500 ms MarkObjects: 20.253900 ms  DeleteObjects: 0.070800 ms)

[Licensing::Client] Successfully resolved entitlement details
[Licensing::Client] Successfully resolved entitlement details
Importing 'GUID: 00000000000000009000000000000000 - Path: ProjectSettings/QualitySettings.asset' with importer (LibraryAssetImporter)
Imported 'GUID: 00000000000000009000000000000000' -> (Import Result ID: '1234d6af70f66210ce7cfda4e66e8b00') in 0.003 seconds [static dependencies only]. Details - ImportResultOutputID=2a108b3da874f726c62fbe5f12be4a8a DependenciesID=1def488656846da6ef2e03206928b0e0 StaticDependenciesID=a0cf3dfdae99c755d92b7948d1cfcae0 
Asset Pipeline Refresh (id=0b1e00c79a0d32342b686656bacbffcb): Total: 0.047 seconds - Initiated by StopAssetImportingV2(NoUpdateAssetOptions)
[Worker0] Imported GUID: 11c50fd844b7a3f489d88ed9f7b90f92 - Path: Assets/Scenes/options.unity - Importer: PreviewImporter -> (ImportResultId: '2e4b4fd4f3587198e07f59a8f776d570') in 0.0166744 seconds
Opening scene 'Assets/Scenes/options.unity'
Unloading 7 Unused Serialized files (Serialized files now loaded: 0)
Loaded scene 'Assets/Scenes/options.unity'
	Deserialize:            2.921 ms
	Integration:            17.483 ms
	Integration of assets:  0.036 ms
	Thread Wait Time:       0.121 ms
	Total Operation Time:   20.561 ms
Unloading 15 unused Assets / (486.9 KB). Loaded Objects now: 10634.
Memory consumption went from 0.70 GB to 0.70 GB.
Total: 21.577600 ms (FindLiveObjects: 1.502700 ms CreateObjectMapping: 0.267600 ms MarkObjects: 19.391100 ms  DeleteObjects: 0.087200 ms)

Importing 'GUID: 11c50fd844b7a3f489d88ed9f7b90f92 - Path: Assets/Scenes/options.unity' with importer (DefaultImporter)
Imported 'GUID: 11c50fd844b7a3f489d88ed9f7b90f92' -> (Import Result ID: '46799efddb1d7fce74dc6f6628ac4344') in 0.001 seconds [static dependencies only]. Details - ImportResultOutputID=01543e2f960d22bc43403d5c882849fa DependenciesID=da60e116e6dc559c5a333a57297490a9 StaticDependenciesID=7ff7c1c18f4b35f4f8f12dedc1e2740d 
Asset Pipeline Refresh (id=d3a079a66afcd5744b4c635a136445cb): Total: 0.044 seconds - Initiated by StopAssetImportingV2(NoUpdateAssetOptions)
Reloading assemblies for play mode.
Reloading assemblies after forced synchronous recompile.
[Licensing::Client] Successfully resolved entitlement details
Begin MonoManager ReloadAssembly
Assembly reference Packages/com.unity.cinemachine/Editor/Samples/ExposeHDRPInternals/HDRP-Editor-ref.asmref has no target assembly definition
Native extension for WindowsStandalone target not found
ScheduleIndexationOnStartup MainProcess:True IndexOnStartup:True
[MODES] ModeService[none].Initialize
[MODES] ModeService[none].LoadModes
Scripting: successfully reloaded assembly
- Finished resetting the current domain, in  1.848 seconds
Domain Reload Profiling: 2607ms
	BeginReloadAssembly (479ms)
		DisableScriptedObjects (71ms)
		CreateAndSetChildDomain (252ms)
	RebuildCommonClasses (9ms)
	RebuildNativeTypeToScriptingClass (14ms)
	initialDomainReloadingComplete (54ms)
	LoadAllAssembliesAndSetupDomain (203ms)
		LoadAssemblies (125ms)
		TypeCache.Refresh (7ms)
		AnalyzeDomain (25ms)
			ResolveRequiredComponents (22ms)
	FinalizeReload (1849ms)
		SetupLoadedEditorAssemblies (0ms)
			BeforeProcessingInitializeOnLoad (113ms)
			ProcessInitializeOnLoadAttributes (307ms)
			ProcessInitializeOnLoadMethodAttributes (114ms)
			AfterProcessingInitializeOnLoad (4ms)
		AwakeInstancesAfterBackupRestoration (778ms)

Asset Pipeline Refresh (id=990a72808c7c4944b84b61178a878f30): Total: 2.790 seconds - Initiated by StopAssetImportingV2(ForceSynchronousImport | ForceDomainReload)
	(Values over 0.05ms)
	Summary:
		Imports: total=0 (actual=0, local cache=0, cache server=0)
		Asset DB Process Time: managed=0 ms, native=1953 ms
		Asset DB Callback time: managed=27 ms, native=0 ms
		Scripting: domain reloads=1, domain reload time=807 ms, compile time=2 ms, other=0 ms
		Project Asset Count: scripts=1700, non-scripts=3372
		Asset File Changes: new=0, changed=0, moved=0, deleted=0
		Scan Filter Count: 0
	InvokePackagesCallback: 1.410ms
	ApplyChangesToAssetFolders: 0.431ms
	Collect global state as custom dependencies: 2.678ms
	ProcessAssetsWithTransientArtifactChanges: 0.176ms
	CategorizeAssets: 62.691ms
	CompileScripts: 1.962ms
	ImportOutOfDateAssets: 1855.648ms (1853.247ms without children)
		CollectScriptTypesHashes: 0.733ms
		ReloadNativeAssets: 1.240ms
		UnloadImportedAssets: 0.169ms
		EnsureUptoDateAssetsAreRegisteredWithGuidPM: 0.597ms
		ImportSchedulerStart: 0.375ms
	PostProcessAllAssets: 27.226ms
		MonoPostProcessAllAssets: 27.222ms
			UniversalRenderPipelineGlobalSettingsPostprocessor.OnPostprocessAllAssets 9.458ms
			SyncVS.PostprocessSyncProject 2.691ms
			WindowAssetPostprocessingWatcher.OnPostprocessAllAssets 1.719ms
			SpeedTree9Postprocessor.OnPostprocessAllAssets 1.608ms
			ProjectSettingsPostprocessor.OnPostprocessAllAssets 0.674ms
			RenderPipelineGlobalSettingsPostprocessor.OnPostprocessAllAssets 0.619ms
			ShaderReflectionAssetPostProcessor.OnPostprocessAllAssets 0.528ms
			ConfigAssetsTracker.OnPostprocessAllAssets 0.478ms
			EditModeScopePostprocessor.OnPostprocessAllAssets 0.281ms
			CinemachineSettings.OnPostprocessAllAssets 0.274ms
			InputActionAssetPostprocessor.OnPostprocessAllAssets 0.252ms
			DomainReloadProcessor.OnPostprocessAllAssets 0.239ms
			ReferencedClipsPostProcessor.OnPostprocessAllAssets 0.223ms
			TerrainToolbarOverlayPostProcessor.OnPostprocessAllAssets 0.150ms
			AssetChangedListener.OnPostprocessAllAssets 0.138ms
			AssetDatabaseCallbacks.OnPostprocessAllAssets 0.131ms
			ShaderGraphAssetPostProcessor.OnPostprocessAllAssets 0.071ms
			AssetPostprocessor.OnPostprocessAllAssets 0.062ms
	GatherAllCurrentPrimaryImportResultRevisions: 0.182ms
	UnloadStreamsBegin: 0.131ms
	PersistCurrentRevisions: 0.153ms
	GenerateScriptTypeHashes: 3.056ms
	GenerateScriptTypeSerializationHashes: 5.356ms
	Untracked: 833.343ms

Loaded scene 'Temp/__Backupscenes/0.backup'
	Deserialize:            3.419 ms
	Integration:            480.720 ms
	Integration of assets:  0.004 ms
	Thread Wait Time:       0.057 ms
	Total Operation Time:   484.200 ms
NullReferenceException: Object reference not set to an instance of an object
  at VolumeControl.Start () [0x0000e] in C:\Users\ALUMNOS\Documents\oleg_final_project\Assets\Scripts\Sound\VolumeControl.cs:13 
UnityEngine.StackTraceUtility:ExtractStringFromExceptionInternal(Object, String&, String&)

(Filename: Assets/Scripts/Sound/VolumeControl.cs Line: 13)

[Licensing::Client] Successfully resolved entitlement details
[Licensing::Client] Successfully resolved entitlement details
[Licensing::Client] Successfully resolved entitlement details
Unloading 7 Unused Serialized files (Serialized files now loaded: 0)
Loaded scene 'Temp/__Backupscenes/0.backup'
	Deserialize:            1.621 ms
	Integration:            23.620 ms
	Integration of assets:  0.001 ms
	Thread Wait Time:       0.126 ms
	Total Operation Time:   25.369 ms
Unloading 168 unused Assets / (1.3 MB). Loaded Objects now: 10523.
Memory consumption went from 0.72 GB to 0.72 GB.
Total: 20.916200 ms (FindLiveObjects: 1.578400 ms CreateObjectMapping: 0.258900 ms MarkObjects: 18.273200 ms  DeleteObjects: 0.457400 ms)

[Licensing::Client] Successfully resolved entitlement details
Asset Pipeline Refresh (id=f785c1faa7f57cd47a80d4caf4c0eb8a): Total: 0.013 seconds - Initiated by RefreshV2(AllowForceSynchronousImport)
Importing 'GUID: 00000000000000009000000000000000 - Path: ProjectSettings/QualitySettings.asset' with importer (LibraryAssetImporter)
Imported 'GUID: 00000000000000009000000000000000' -> (Import Result ID: '1234d6af70f66210ce7cfda4e66e8b00') in 0.004 seconds [static dependencies only]. Details - ImportResultOutputID=2a108b3da874f726c62fbe5f12be4a8a DependenciesID=1def488656846da6ef2e03206928b0e0 StaticDependenciesID=a0cf3dfdae99c755d92b7948d1cfcae0 
Asset Pipeline Refresh (id=87dc006be92ff76499f89d2012f8587d): Total: 0.046 seconds - Initiated by StopAssetImportingV2(NoUpdateAssetOptions)
Reloading assemblies for play mode.
Reloading assemblies after forced synchronous recompile.
[Licensing::Client] Successfully resolved entitlement details
Begin MonoManager ReloadAssembly
Assembly reference Packages/com.unity.cinemachine/Editor/Samples/ExposeHDRPInternals/HDRP-Editor-ref.asmref has no target assembly definition
Native extension for WindowsStandalone target not found
ScheduleIndexationOnStartup MainProcess:True IndexOnStartup:True
[MODES] ModeService[none].Initialize
[MODES] ModeService[none].LoadModes
Scripting: successfully reloaded assembly
- Finished resetting the current domain, in  1.863 seconds
Domain Reload Profiling: 2618ms
	BeginReloadAssembly (466ms)
		DisableScriptedObjects (65ms)
		CreateAndSetChildDomain (246ms)
	RebuildCommonClasses (9ms)
	RebuildNativeTypeToScriptingClass (12ms)
	initialDomainReloadingComplete (53ms)
	LoadAllAssembliesAndSetupDomain (214ms)
		LoadAssemblies (127ms)
		TypeCache.Refresh (7ms)
		AnalyzeDomain (25ms)
			ResolveRequiredComponents (22ms)
	FinalizeReload (1863ms)
		SetupLoadedEditorAssemblies (0ms)
			BeforeProcessingInitializeOnLoad (119ms)
			ProcessInitializeOnLoadAttributes (314ms)
			ProcessInitializeOnLoadMethodAttributes (109ms)
			AfterProcessingInitializeOnLoad (4ms)
		AwakeInstancesAfterBackupRestoration (762ms)

Asset Pipeline Refresh (id=cccce2d1427266e4b8ed7e5880fc0ee5): Total: 2.801 seconds - Initiated by StopAssetImportingV2(ForceSynchronousImport | ForceDomainReload)
	(Values over 0.05ms)
	Summary:
		Imports: total=0 (actual=0, local cache=0, cache server=0)
		Asset DB Process Time: managed=0 ms, native=1968 ms
		Asset DB Callback time: managed=27 ms, native=0 ms
		Scripting: domain reloads=1, domain reload time=802 ms, compile time=2 ms, other=0 ms
		Project Asset Count: scripts=1700, non-scripts=3372
		Asset File Changes: new=0, changed=0, moved=0, deleted=0
		Scan Filter Count: 0
	InvokePackagesCallback: 1.283ms
	ApplyChangesToAssetFolders: 0.217ms
	Collect global state as custom dependencies: 2.772ms
	ProcessAssetsWithTransientArtifactChanges: 0.177ms
	CategorizeAssets: 61.503ms
	CompileScripts: 1.860ms
	ImportOutOfDateAssets: 1870.795ms (1868.275ms without children)
		CollectScriptTypesHashes: 0.750ms
		ReloadNativeAssets: 1.185ms
		UnloadImportedAssets: 0.201ms
		EnsureUptoDateAssetsAreRegisteredWithGuidPM: 0.644ms
		ImportSchedulerStart: 0.473ms
	PostProcessAllAssets: 27.514ms
		MonoPostProcessAllAssets: 27.510ms
			UniversalRenderPipelineGlobalSettingsPostprocessor.OnPostprocessAllAssets 9.185ms
			AssetChangedListener.OnPostprocessAllAssets 5.699ms
			BuilderAssetPostprocessor.OnPostprocessAllAssets 5.370ms
			AssetPostprocessor.OnPostprocessAllAssets 3.781ms
			SyncVS.PostprocessSyncProject 2.553ms
			WindowAssetPostprocessingWatcher.OnPostprocessAllAssets 2.037ms
			ShaderGraphAssetPostProcessor.OnPostprocessAllAssets 1.626ms
			SpeedTree9Postprocessor.OnPostprocessAllAssets 1.497ms
			VFXGraphPreprocessor.OnPostprocessAllAssets 1.476ms
			RetainedModeAssetPostprocessor.OnPostprocessAllAssets 0.978ms
			ProjectSettingsPostprocessor.OnPostprocessAllAssets 0.637ms
			ConfigAssetsTracker.OnPostprocessAllAssets 0.631ms
			RenderPipelineGlobalSettingsPostprocessor.OnPostprocessAllAssets 0.629ms
			ShaderReflectionAssetPostProcessor.OnPostprocessAllAssets 0.626ms
			ArtifactBrowserPostProcessor.OnPostprocessAllAssets 0.593ms
			UVCSAssetPostprocessor.OnPostprocessAllAssets 0.525ms
			MaterialPostprocessor.OnPostprocessAllAssets 0.497ms
			CinemachineSettings.OnPostprocessAllAssets 0.368ms
			EditModeScopePostprocessor.OnPostprocessAllAssets 0.347ms
			AudioMixerPostprocessor.OnPostprocessAllAssets 0.316ms
			PostProcessor.OnPostprocessAllAssets 0.300ms
			TMPro_TexturePostProcessor.OnPostprocessAllAssets 0.297ms
			TextAssetPostProcessor.OnPostprocessAllAssets 0.295ms
			InputActionJsonNameModifierAssetProcessor.OnPostprocessAllAssets 0.268ms
			StyleCatalogPostProcessor.OnPostprocessAllAssets 0.256ms
			InputActionAssetPostprocessor.OnPostprocessAllAssets 0.245ms
			ReferencedClipsPostProcessor.OnPostprocessAllAssets 0.229ms
			DomainReloadProcessor.OnPostprocessAllAssets 0.210ms
			AssetEvents.OnPostprocessAllAssets 0.198ms
			AssetDatabaseCallbacks.OnPostprocessAllAssets 0.189ms
			SpeedTreePostProcessor.OnPostprocessAllAssets 0.144ms
			SamplePostprocessor.OnPostprocessAllAssets 0.142ms
			ThemePostprocessor.OnPostprocessAllAssets 0.130ms
			TerrainToolbarOverlayPostProcessor.OnPostprocessAllAssets 0.119ms
			AssetReloadNotifier.OnPostprocessAllAssets 0.115ms
			ScenarioDriftAssetsTracker.OnPostprocessAllAssets 0.113ms
			AudioContainerPostProcessor.OnPostprocessAllAssets 0.065ms
	GatherAllCurrentPrimaryImportResultRevisions: 0.174ms
	PersistCurrentRevisions: 0.161ms
	GenerateScriptTypeHashes: 2.852ms
	GenerateScriptTypeSerializationHashes: 4.952ms
	Untracked: 829.497ms

Loaded scene 'Temp/__Backupscenes/0.backup'
	Deserialize:            3.930 ms
	Integration:            474.565 ms
	Integration of assets:  0.004 ms
	Thread Wait Time:       0.049 ms
	Total Operation Time:   478.549 ms
NullReferenceException: Object reference not set to an instance of an object
  at VolumeControl.Start () [0x0000e] in C:\Users\ALUMNOS\Documents\oleg_final_project\Assets\Scripts\Sound\VolumeControl.cs:13 
UnityEngine.StackTraceUtility:ExtractStringFromExceptionInternal(Object, String&, String&)

(Filename: Assets/Scripts/Sound/VolumeControl.cs Line: 13)

[Licensing::Client] Successfully resolved entitlement details
[Licensing::Client] Successfully resolved entitlement details
[Licensing::Client] Successfully resolved entitlement details
Unloading 7 Unused Serialized files (Serialized files now loaded: 0)
Loaded scene 'Temp/__Backupscenes/0.backup'
	Deserialize:            1.712 ms
	Integration:            25.936 ms
	Integration of assets:  0.001 ms
	Thread Wait Time:       0.119 ms
	Total Operation Time:   27.769 ms
Unloading 13 unused Assets / (239.5 KB). Loaded Objects now: 10527.
Memory consumption went from 0.72 GB to 0.72 GB.
Total: 23.059100 ms (FindLiveObjects: 1.434900 ms CreateObjectMapping: 0.253500 ms MarkObjects: 20.996600 ms  DeleteObjects: 0.042000 ms)

[Licensing::Client] Successfully resolved entitlement details
Importing 'GUID: 00000000000000009000000000000000 - Path: ProjectSettings/QualitySettings.asset' with importer (LibraryAssetImporter)
Imported 'GUID: 00000000000000009000000000000000' -> (Import Result ID: '1234d6af70f66210ce7cfda4e66e8b00') in 0.004 seconds [static dependencies only]. Details - ImportResultOutputID=2a108b3da874f726c62fbe5f12be4a8a DependenciesID=1def488656846da6ef2e03206928b0e0 StaticDependenciesID=a0cf3dfdae99c755d92b7948d1cfcae0 
Asset Pipeline Refresh (id=a1abba9a4835c304abe2e6f15fedfd67): Total: 0.049 seconds - Initiated by StopAssetImportingV2(NoUpdateAssetOptions)
Asset Pipeline Refresh (id=c218a1aea53f4cf4093a94a0c21f5116): Total: 0.005 seconds - Initiated by RefreshV2(AllowForceSynchronousImport)
Opening scene 'Assets/Scenes/MenuPrincipal.unity'
Unloading 6 Unused Serialized files (Serialized files now loaded: 0)
Loaded scene 'Assets/Scenes/MenuPrincipal.unity'
	Deserialize:            6.319 ms
	Integration:            20.171 ms
	Integration of assets:  0.124 ms
	Thread Wait Time:       0.122 ms
	Total Operation Time:   26.736 ms
Unloading 13 unused Assets / (24.2 MB). Loaded Objects now: 10670.
Memory consumption went from 0.75 GB to 0.72 GB.
Total: 21.536100 ms (FindLiveObjects: 1.543900 ms CreateObjectMapping: 0.322600 ms MarkObjects: 19.295500 ms  DeleteObjects: 0.048400 ms)

Reloading assemblies for play mode.
Reloading assemblies after forced synchronous recompile.
Begin MonoManager ReloadAssembly
Assembly reference Packages/com.unity.cinemachine/Editor/Samples/ExposeHDRPInternals/HDRP-Editor-ref.asmref has no target assembly definition
Native extension for WindowsStandalone target not found
ScheduleIndexationOnStartup MainProcess:True IndexOnStartup:True
[MODES] ModeService[none].Initialize
[MODES] ModeService[none].LoadModes
Scripting: successfully reloaded assembly
- Finished resetting the current domain, in  1.769 seconds
Domain Reload Profiling: 2515ms
	BeginReloadAssembly (470ms)
		DisableScriptedObjects (67ms)
		CreateAndSetChildDomain (253ms)
	RebuildCommonClasses (9ms)
	RebuildNativeTypeToScriptingClass (14ms)
	initialDomainReloadingComplete (49ms)
	LoadAllAssembliesAndSetupDomain (204ms)
		LoadAssemblies (120ms)
		TypeCache.Refresh (9ms)
		AnalyzeDomain (25ms)
			ResolveRequiredComponents (22ms)
	FinalizeReload (1770ms)
		SetupLoadedEditorAssemblies (0ms)
			BeforeProcessingInitializeOnLoad (110ms)
			ProcessInitializeOnLoadAttributes (300ms)
			ProcessInitializeOnLoadMethodAttributes (111ms)
			AfterProcessingInitializeOnLoad (4ms)
		AwakeInstancesAfterBackupRestoration (728ms)

Asset Pipeline Refresh (id=342b2953ff7dd3144a58ee84542de6b8): Total: 2.696 seconds - Initiated by StopAssetImportingV2(ForceSynchronousImport | ForceDomainReload)
	(Values over 0.05ms)
	Summary:
		Imports: total=0 (actual=0, local cache=0, cache server=0)
		Asset DB Process Time: managed=0 ms, native=1878 ms
		Asset DB Callback time: managed=31 ms, native=0 ms
		Scripting: domain reloads=1, domain reload time=783 ms, compile time=2 ms, other=0 ms
		Project Asset Count: scripts=1700, non-scripts=3372
		Asset File Changes: new=0, changed=0, moved=0, deleted=0
		Scan Filter Count: 0
	InvokePackagesCallback: 1.328ms
	ApplyChangesToAssetFolders: 0.248ms
	Collect global state as custom dependencies: 2.765ms
	ProcessAssetsWithTransientArtifactChanges: 0.182ms
	CategorizeAssets: 61.916ms
	CompileScripts: 1.742ms
	ImportOutOfDateAssets: 1778.475ms (1776.055ms without children)
		CollectScriptTypesHashes: 0.832ms
		ReloadNativeAssets: 1.210ms
		UnloadImportedAssets: 0.185ms
		EnsureUptoDateAssetsAreRegisteredWithGuidPM: 0.611ms
		ImportSchedulerStart: 0.396ms
	PostProcessAllAssets: 31.366ms
		MonoPostProcessAllAssets: 31.362ms
			UniversalRenderPipelineGlobalSettingsPostprocessor.OnPostprocessAllAssets 13.897ms
			AssetChangedListener.OnPostprocessAllAssets 5.351ms
			BuilderAssetPostprocessor.OnPostprocessAllAssets 5.215ms
			AssetPostprocessor.OnPostprocessAllAssets 4.117ms
			SyncVS.PostprocessSyncProject 2.621ms
			ShaderGraphAssetPostProcessor.OnPostprocessAllAssets 1.775ms
			WindowAssetPostprocessingWatcher.OnPostprocessAllAssets 1.630ms
			VFXGraphPreprocessor.OnPostprocessAllAssets 1.525ms
			SpeedTree9Postprocessor.OnPostprocessAllAssets 1.518ms
			RetainedModeAssetPostprocessor.OnPostprocessAllAssets 1.137ms
			RenderPipelineGlobalSettingsPostprocessor.OnPostprocessAllAssets 0.660ms
			ProjectSettingsPostprocessor.OnPostprocessAllAssets 0.623ms
			ConfigAssetsTracker.OnPostprocessAllAssets 0.609ms
			UVCSAssetPostprocessor.OnPostprocessAllAssets 0.570ms
			ShaderReflectionAssetPostProcessor.OnPostprocessAllAssets 0.536ms
			ArtifactBrowserPostProcessor.OnPostprocessAllAssets 0.509ms
			MaterialPostprocessor.OnPostprocessAllAssets 0.488ms
			ScenarioDriftAssetsTracker.OnPostprocessAllAssets 0.307ms
			TMPro_TexturePostProcessor.OnPostprocessAllAssets 0.293ms
			TextAssetPostProcessor.OnPostprocessAllAssets 0.290ms
			AudioMixerPostprocessor.OnPostprocessAllAssets 0.285ms
			InputActionJsonNameModifierAssetProcessor.OnPostprocessAllAssets 0.265ms
			EditModeScopePostprocessor.OnPostprocessAllAssets 0.263ms
			InputActionAssetPostprocessor.OnPostprocessAllAssets 0.257ms
			CinemachineSettings.OnPostprocessAllAssets 0.255ms
			ReferencedClipsPostProcessor.OnPostprocessAllAssets 0.236ms
			AssetEvents.OnPostprocessAllAssets 0.206ms
			StyleCatalogPostProcessor.OnPostprocessAllAssets 0.202ms
			DomainReloadProcessor.OnPostprocessAllAssets 0.201ms
			PostProcessor.OnPostprocessAllAssets 0.196ms
			SpeedTreePostProcessor.OnPostprocessAllAssets 0.157ms
			AssetDatabaseCallbacks.OnPostprocessAllAssets 0.141ms
			SamplePostprocessor.OnPostprocessAllAssets 0.139ms
			TerrainToolbarOverlayPostProcessor.OnPostprocessAllAssets 0.125ms
			ThemePostprocessor.OnPostprocessAllAssets 0.125ms
			AssetReloadNotifier.OnPostprocessAllAssets 0.111ms
			AudioContainerPostProcessor.OnPostprocessAllAssets 0.057ms
	GatherAllCurrentPrimaryImportResultRevisions: 0.188ms
	PersistCurrentRevisions: 0.227ms
	GenerateScriptTypeHashes: 2.877ms
	GenerateScriptTypeSerializationHashes: 4.997ms
	Untracked: 813.014ms

Click: DontDestroyOnLoad only works for root GameObjects or components on root GameObjects.
UnityEngine.Debug:ExtractStackTraceNoAlloc (byte*,int,string)
UnityEngine.StackTraceUtility:ExtractStackTrace ()
UnityEngine.Object:DontDestroyOnLoad (UnityEngine.Object)
SfxPlayer:Awake () (at Assets/Scripts/SfxPlayer.cs:18)

[Assets/Scripts/SfxPlayer.cs line 18]

Music: DontDestroyOnLoad only works for root GameObjects or components on root GameObjects.
UnityEngine.Debug:ExtractStackTraceNoAlloc (byte*,int,string)
UnityEngine.StackTraceUtility:ExtractStackTrace ()
UnityEngine.Object:DontDestroyOnLoad (UnityEngine.Object)
MusicPlayer:Awake () (at Assets/Scripts/Sound/MusicPlayer.cs:19)

[Assets/Scripts/Sound/MusicPlayer.cs line 19]

Loaded scene 'Temp/__Backupscenes/0.backup'
	Deserialize:            2.832 ms
	Integration:            1073.573 ms
	Integration of assets:  0.014 ms
	Thread Wait Time:       0.117 ms
	Total Operation Time:   1076.536 ms
[Licensing::Client] Successfully resolved entitlement details
[Licensing::Client] Successfully resolved entitlement details
[Licensing::Client] Successfully resolved entitlement details
Unloading 7 Unused Serialized files (Serialized files now loaded: 0)
Loaded scene 'Temp/__Backupscenes/0.backup'
	Deserialize:            1.796 ms
	Integration:            20.087 ms
	Integration of assets:  0.001 ms
	Thread Wait Time:       0.047 ms
	Total Operation Time:   21.931 ms
Unloading 28 unused Assets / (369.8 KB). Loaded Objects now: 10505.
Memory consumption went from 0.76 GB to 0.76 GB.
Total: 21.517200 ms (FindLiveObjects: 1.527000 ms CreateObjectMapping: 0.280800 ms MarkObjects: 19.303400 ms  DeleteObjects: 0.098300 ms)

Asset Pipeline Refresh (id=3bb0a8b29cd0373499e8e12b82491eab): Total: 0.007 seconds - Initiated by RefreshV2(AllowForceSynchronousImport)
Importing 'GUID: 00000000000000009000000000000000 - Path: ProjectSettings/QualitySettings.asset' with importer (LibraryAssetImporter)
Imported 'GUID: 00000000000000009000000000000000' -> (Import Result ID: '1234d6af70f66210ce7cfda4e66e8b00') in 0.005 seconds [static dependencies only]. Details - ImportResultOutputID=2a108b3da874f726c62fbe5f12be4a8a DependenciesID=1def488656846da6ef2e03206928b0e0 StaticDependenciesID=a0cf3dfdae99c755d92b7948d1cfcae0 
Asset Pipeline Refresh (id=c2a8d5c6fa20e78418f57dd423f02816): Total: 0.049 seconds - Initiated by StopAssetImportingV2(NoUpdateAssetOptions)
[Worker0] Imported GUID: 11c50fd844b7a3f489d88ed9f7b90f92 - Path: Assets/Scenes/options.unity - Importer: PreviewImporter -> (ImportResultId: '495654b7a54630f95c2517157395537f') in 0.0291051 seconds
Opening scene 'Assets/Scenes/options.unity'
Unloading 7 Unused Serialized files (Serialized files now loaded: 0)
Loaded scene 'Assets/Scenes/options.unity'
	Deserialize:            4.297 ms
	Integration:            20.832 ms
	Integration of assets:  0.038 ms
	Thread Wait Time:       0.107 ms
	Total Operation Time:   25.274 ms
Unloading 15 unused Assets / (425.3 KB). Loaded Objects now: 10667.
Memory consumption went from 0.71 GB to 0.71 GB.
Total: 25.004500 ms (FindLiveObjects: 1.685500 ms CreateObjectMapping: 0.252000 ms MarkObjects: 22.666900 ms  DeleteObjects: 0.072600 ms)

MonoPathRemapper: Attempts to remap: 61967; Successful remaps: 22876
Serialized file version minimum: 22, current 23
[LAYOUT] About to save layout C:\Users\ALUMNOS\Documents\oleg_final_project\UserSettings\Layouts\default-6000.dwlt
[LAYOUT] About to save layout C:/Users/ALUMNOS/AppData/Roaming/Unity/Editor-5.x/Preferences\Layouts\current\default-6000.dwlt
Input System module state changed to: ShutdownInProgress.
Input Polling Thread exited.
Input System module state changed to: Shutdown.
[Physics::Module] Cleanup current backend.
[Physics::Module] Id: 0xf2b8ea05
[Licensing::IpcConnector] LicenseClient-ALUMNOS-6000.6.0-notifications channel disconnected successfully.
[Licensing::IpcConnector] LicenseClient-ALUMNOS-6000.6.0 channel disconnected successfully.
Lingering sessions upon destruction of worker manager
Unity Data Store service was successfully shut down
UDS shutting down local client system
Shut down UDS service system complete
AcceleratorClientConnectionCallback - disconnected - :0
Cleanup mono
CodeReloadManager destroyed
abort_threads: Failed aborting id: 0000000000004A48, mono_thread_manage will ignore it

abort_threads: Failed aborting id: 0000000000004A48, mono_thread_manage will ignore it

debugger-agent: Unable to listen on 4636
Checking for leaked weakptr:
  Found no leaked weakptrs.
[Package Manager] Server process was shutdown
##utp:{"type":"MemoryLeaks","version":2,"phase":"Immediate","time":1790701435043,"processId":28900,"allocatedMemory":17430229,"memoryLabels":[{"Default":308849},{"Permanent":15516},{"NewDelete":99265},{"Thread":4208160},{"Manager":824200},{"VertexData":8},{"Geometry":816},{"Shader":875658},{"Material":24},{"TextureCache":304},{"GfxDevice":84928},{"GfxThread":7680},{"Animation":952},{"FreeType":8},{"FontEngine":736},{"Physics":1970},{"Physics2D":16},{"Serialization":302024},{"Input":45280},{"JobScheduler":256},{"TextLib":33085},{"Mono":48},{"MonoCode":128},{"ScriptingNativeRuntime":1467808},{"BaseObject":49232},{"Resource":1208},{"Renderer":2376},{"Transform":4685},{"File":233325},{"WebCam":616},{"Culling":32},{"Terrain":11442},{"Wind":24},{"STL":40},{"String":543500},{"StaticString":3808},{"Utility":2675549},{"Curl":48},{"PoolAlloc":2408},{"AI":80},{"TypeTree":14869},{"ScriptManager":75840},{"CodeReload":448},{"RuntimeInitializeOnLoadManager":64},{"Sprites":102},{"SpriteAtlas":120},{"GI":7816},{"Director":8296},{"CloudService":7296},{"WebRequest":10303},{"VR":49650},{"SceneManager":608},{"Video":208},{"LazyScriptCache":32},{"NativeArray":5940},{"Camera":729},{"Secure":265},{"SerializationCache":9256},{"APIUpdating":10320},{"Subsystems":336},{"VirtualTexturing":57888},{"StaticSafetyDebugInfo":278528},{"Analytics":960},{"Hierarchy":1188},{"UIElements":40},{"CoreStats":14456},{"Identifiers":7152},{"Gui":474},{"EditorUtility":160043},{"VersionControl":8},{"Undo":931},{"AssetDatabase":4964887},{"AssetImporter":40},{"EditorGi":328},{"UnityConnect":36881},{"Upm":1988},{"UpmDiagnostics":8},{"AssetCompliance":96},{"DrivenProperties":72},{"LocalIPC":282},{"ProfilerEditor":9746},{"CoreBusinessMetrics":3604},{"Windowing":456},{"Licensing":1295},{"AssetReference":32},{"IPCStream":32}]}
