VBCSCompilerPreWarmer: pre-warm launched (dotnet PID 2300)
VBCSCompiler prewarm took 6.07 ms
[Licensing::Module] Trying to connect to existing licensing client channel...
[Licensing::IpcConnector] Successfully connected to: "LicenseClient-ALUMNOS" at "2026-09-28T14:05:40.8491146Z"
Built from '6000.6/respin/6000.6.0f1-fa21a270ab12' branch; Version is '6000.6.0f1 (f7f8ed4d1e24) revision 16251117'; Using compiler version '194234433'; Build Type 'Release'
OS: 'Windows 11  (10.0.26200) Professional' Language: 'es' Physical Memory: 32472 MB
BatchMode: 0, IsHumanControllingUs: 1, StartBugReporterOnCrash: 1, Is64bit: 1
System  architecture: x64
Process architecture: x64
Date: 2026-09-28T14:05:40Z

COMMAND LINE ARGUMENTS:
C:\Program Files\Unity\Hub\Editor\6000.6.0f1\Editor\Unity.exe
-projectpath
C:\Users\ALUMNOS\Documents\oleg_final_project
-acceptSoftwareTermsForThisRunOnly
-useHub
-hubIPC
-cloudEnvironment
production
-licensingIpc
LicenseClient-ALUMNOS
-hubSessionId
61e060f7-d85d-408c-8517-c45ded27a38d
-accessToken
B6ktyNuO3he8LJjtEHhIAtKmFiXX-Ew2XUoJVwRjerk006f
Successfully changed project path to: C:\Users\ALUMNOS\Documents\oleg_final_project
C:/Users/ALUMNOS/Documents/oleg_final_project
[UnityMemory] Configuration Parameters - Can be set up in boot.config
    "memorysetup-temp-allocator-size-gi-baking-worker=262144"
    "memorysetup-temp-allocator-size-gi-baking-worker=262144"
    "memorysetup-temp-allocator-size-gi-baking-worker=262144"
    "memorysetup-temp-allocator-size-gi-baking-worker=262144"
    "memorysetup-temp-allocator-size-gi-baking-worker=262144"
    "memorysetup-temp-allocator-size-nav-mesh-worker=65536"
    "memorysetup-temp-allocator-size-audio-worker=65536"
    "memorysetup-temp-allocator-size-cloud-worker=32768"
    "memorysetup-temp-allocator-size-gfx=262144"
    "memorysetup-remapper-allocator-initial-capacity=32768"
    "memorysetup-temp-allocator-size-preload-manager=33554432"
    "memorysetup-allocator-temp-initial-block-size-main=262144"
    "memorysetup-allocator-temp-initial-block-size-worker=262144"
    "memorysetup-temp-allocator-size-job-worker=262144"
    "memorysetup-temp-allocator-size-background-worker=32768"
    "memorysetup-bucket-allocator-granularity=16"
    "memorysetup-bucket-allocator-bucket-count=8"
    "memorysetup-bucket-allocator-block-size=33554432"
    "memorysetup-bucket-allocator-block-count=8"
    "memorysetup-main-allocator-block-size=16777216"
    "memorysetup-thread-allocator-block-size=16777216"
    "memorysetup-main-allocator-mimalloc-enabled=1"
    "memorysetup-gfx-main-allocator-block-size=16777216"
    "memorysetup-gfx-thread-allocator-block-size=16777216"
    "memorysetup-cache-allocator-block-size=4194304"
    "memorysetup-typetree-allocator-block-size=2097152"
    "memorysetup-profiler-bucket-allocator-granularity=16"
    "memorysetup-profiler-bucket-allocator-bucket-count=8"
    "memorysetup-profiler-bucket-allocator-block-size=33554432"
    "memorysetup-profiler-bucket-allocator-block-count=8"
    "memorysetup-profiler-allocator-block-size=16777216"
    "memorysetup-profiler-editor-allocator-block-size=1048576"
    "memorysetup-temp-allocator-size-main=16777216"
    "memorysetup-job-temp-allocator-block-size=2097152"
    "memorysetup-job-temp-allocator-block-size-background=1048576"
    "memorysetup-job-temp-allocator-reduction-small-platforms=262144"
Player connection [29568]  Target information:

Player connection [29568]  * "[IP] 192.168.56.1 [Port] 55504 [Flags] 2 [Guid] 3408801610 [EditorId] 3408801610 [Version] 1048832 [Id] WindowsEditor(7,AULA11-2) [Debug] 1 [PackageName] WindowsEditor [ProjectName] Editor" 

Player connection [29568]  * "[IP] 192.168.2.17 [Port] 55504 [Flags] 2 [Guid] 3408801610 [EditorId] 3408801610 [Version] 1048832 [Id] WindowsEditor(7,AULA11-2) [Debug] 1 [PackageName] WindowsEditor [ProjectName] Editor" 

Player connection [29568] Host joined multi-casting on [225.0.0.222:54997]...
Player connection [29568] Host joined alternative multi-casting on [225.0.0.222:34997]...
Input System module state changed to: Initialized.
[Physics::Module] Initialized fallback backend.
[Physics::Module] Id: 0xdecafbad
[Package Manager] Connected to IPC stream "Upm-20512" after 0.3 seconds.
[Licensing::Module] Licensing is not yet initialized.
[Licensing::Client] Error: HandshakeResponse reported an error:
	ResponseCode: 505
	ResponseStatus: Unsupported protocol version '1.18.3'.
[Licensing::Module] Error: Failed to handshake to channel: "LicenseClient-ALUMNOS"
[Licensing::IpcConnector] LicenseClient-ALUMNOS channel disconnected successfully.
[Licensing::IpcConnector] Channel LicenseClient-ALUMNOS-6000.6.0 doesn't exist
[Licensing::Module] Successfully launched the LicensingClient (PId: 29500)
Starting IPC server.
Waiting for clients to connect on \\.\pipe\Unity-LicenseClient-ALUMNOS-6000.6.0, press Ctrl-C to exit.
[Licensing::IpcConnector] Successfully connected to: "LicenseClient-ALUMNOS-6000.6.0" at "2026-09-28T14:05:42.1682809Z"
[Licensing::Client] Code 10 while verifying Licensing Client signature (process Id: 29500, path: "C:/Program Files/Unity/Hub/Editor/6000.6.0f1/Editor/Data/Resources/Licensing/Client/Unity.Licensing.Client.exe")
[Licensing::Module] LicensingClient has failed validation; ignoring
[Licensing::Client] Handshaking with LicensingClient:
  Version:                 1.18.3+d7ffd15
  Session Id:              04b0bfe2f13e4e70bad99831daae2f7f
  Correlation Id:          520c63779a967459d2ee3278cb6d6d0c
  External correlation Id: 5593435284093323011
  Machine Id:              40UgVQrz1fkwWDhtNn0/Xoc4+KU=
[Licensing::Module] Successfully connected to LicensingClient on channel: "LicenseClient-ALUMNOS-6000.6.0" (connect: 0.37s, validation: 0.05s, handshake: 0.01s)
[Licensing::IpcConnector] Successfully connected to: "LicenseClient-ALUMNOS-6000.6.0-notifications" at "2026-09-28T14:05:42.2320426Z"
[Licensing::Module] Connected to LicensingClient (PId: 29500, launch time: 0.01, total connection time: 0.44s)
[Licensing::Client] Successfully updated the access token
[Licensing::Module] Successfully updated the access token B6ktyNuO3h...
[Licensing::Client] Successfully resolved entitlement details
[Licensing::Module] License group:
  Id: 6872860262671-UnityPersXXXX
  Product: Unity Personal
  Type: Assigned
  Expiration: Unlimited
[Licensing::Client] Successfully updated license, isAsync: True, time: 0.01
[Licensing::Client] Successfully resolved entitlement details
[Licensing::Module] Licensing Background thread has ended after 1.41s
[Licensing::Module] Licensing is initialized (took 0.95s).
[Licensing::Client] Successfully resolved entitlement details
Library Redirect Path: Library/
Initialising UDS system complete:
  - System type: Client
  - Resource namespace: 07dd15e55a3c312114eaec025544b185
  - Shared memory size: 1073741824
  - Command buffer id: 1052576
  - Command buffer size: 8192
  - Hashmap size: 4194304
  - Service connected: false
Launching Unity Data Store - C:/Program Files/Unity/Hub/Editor/6000.6.0f1/Editor/Data/Tools/Unity.DataStore.exe 
Unity Data Store artifact dir = Library/DataStore, working dir = C:/Users/ALUMNOS/Documents/oleg_final_project[Physics::Module] Selected backend.
[Physics::Module] Name: PhysX
[Physics::Module] Id: 0xf2b8ea05
[Physics::Module] SDK Version: 4.1.2
[Physics::Module] Integration Version: 1.0.0
[Physics::Module] Threading Mode: Multi-Threaded
Unity Data Store running and initialised
Initialize engine version: 6000.6.0f1 (f7f8ed4d1e24)
[EntityIdStore] init: VM path (explicit commit), pageSize=4096, blockCount=1048576, entitiesPerBlock=256, slots reserved=4294967296 bytes
[Subsystems] Discovering subsystems at path C:/Program Files/Unity/Hub/Editor/6000.6.0f1/Editor/Data/Resources/UnitySubsystems
[Subsystems] Discovering subsystems at path C:/Users/ALUMNOS/Documents/oleg_final_project/Assets
[D3D12 Device Filter] Vendor Name: NVIDIA
[D3D12 Device Filter] Device Name: NVIDIA GeForce RTX 3060 Laptop GPU
[D3D12 Device Filter] Driver Version: 32.0.15.6590
[D3D12 Device Filter] Feature Level: 12.2
[D3D12 Device Filter] Graphics Memory: 5996 MB
[D3D12 Device Filter] Processor Count: 20
[D3D12 Device Filter] Device Type: Discrete
GfxDevice: creating device client; kGfxThreadingModeSplitJobs
d3d12: failed to query info queue interface (0x80004002).
Direct3D:
    Version:         Direct3D 12 [level 12.2]
    Renderer:        NVIDIA GeForce RTX 3060 Laptop GPU (ID=0x2520)
    Vendor:          NVIDIA
    VRAM:            5996 MB
    App VRAM Budget: 5228 MB
    Driver:          32.0.15.6590
Initialize mono
Mono path[0] = 'C:/Program Files/Unity/Hub/Editor/6000.6.0f1/Editor/Data/Managed'
Mono path[1] = 'C:/Program Files/Unity/Hub/Editor/6000.6.0f1/Editor/Data/BCLExtensions/runtime/netstandard2.1'
Mono path[2] = 'C:/Program Files/Unity/Hub/Editor/6000.6.0f1/Editor/Data/MonoBleedingEdge/lib/mono/unityjit-win32'
Mono config path = 'C:/Program Files/Unity/Hub/Editor/6000.6.0f1/Editor/Data/MonoBleedingEdge/etc'
Using monoOptions --debugger-agent=transport=dt_socket,embedding=1,server=y,suspend=n,address=127.0.0.1:56512
CodeReloadManager initialized
ImportWorker Server TCP listen port: 0
AcceleratorClientConnectionCallback - disconnected - :0
Begin MonoManager ReloadAssembly
Registering precompiled unity dll's ...
Register platform support module: C:/Program Files/Unity/Hub/Editor/6000.6.0f1/Editor/Data/PlaybackEngines/WindowsStandaloneSupport/UnityEditor.WindowsStandalone.Extensions.dll
Registered in 0.001745 seconds.
Native extension for WindowsStandalone target not found
Package Manager log level set to [2]
ScheduleIndexationOnStartup MainProcess:False IndexOnStartup:True
Scripting: successfully reloaded assembly
- Finished resetting the current domain, in  0.731 seconds
Domain Reload Profiling: 1249ms
	BeginReloadAssembly (123ms)
		CreateAndSetChildDomain (6ms)
	RebuildCommonClasses (5ms)
	RebuildNativeTypeToScriptingClass (15ms)
	initialDomainReloadingComplete (58ms)
	LoadAllAssembliesAndSetupDomain (316ms)
		LoadAssemblies (115ms)
		TypeCache.Refresh (216ms)
			TypeCache.ScanAssembly (203ms)
		AnalyzeDomain (1ms)
	FinalizeReload (733ms)
		SetupLoadedEditorAssemblies (0ms)
			InitializePlatformSupportModulesInManaged (3ms)
			BeforeProcessingInitializeOnLoad (104ms)
			ProcessInitializeOnLoadAttributes (143ms)
			ProcessInitializeOnLoadMethodAttributes (247ms)
[Licensing::Client] Successfully resolved entitlement details
Application.AssetDatabase Initial Refresh Start
[Package Manager] Restoring resolved packages state from cache
[Licensing::Client] Successfully resolved entitlement details
[Package Manager] Registered 65 packages:
  Packages from [https://packages.unity.com]:
    com.unity.ai.navigation@2.0.14 (location: C:\Users\ALUMNOS\Documents\oleg_final_project\Library\PackageCache\com.unity.ai.navigation@134dd6a3b97b)
    com.unity.collab-proxy@2.13.6 (location: C:\Users\ALUMNOS\Documents\oleg_final_project\Library\PackageCache\com.unity.collab-proxy@4628d2ba6ea4)
    com.unity.ide.rider@3.0.38 (location: C:\Users\ALUMNOS\Documents\oleg_final_project\Library\PackageCache\com.unity.ide.rider@1f60b3138684)
    com.unity.ide.visualstudio@2.0.26 (location: C:\Users\ALUMNOS\Documents\oleg_final_project\Library\PackageCache\com.unity.ide.visualstudio@a99d56dec63f)
    com.unity.inputsystem@1.20.0 (location: C:\Users\ALUMNOS\Documents\oleg_final_project\Library\PackageCache\com.unity.inputsystem@7a4e1a2a8194)
    com.unity.visualscripting@1.9.12 (location: C:\Users\ALUMNOS\Documents\oleg_final_project\Library\PackageCache\com.unity.visualscripting@4edfcc09512f)
    com.unity.splines@2.9.0 (location: C:\Users\ALUMNOS\Documents\oleg_final_project\Library\PackageCache\com.unity.splines@e6e1d5900acc)
    com.unity.profiling.core@1.0.3 (location: C:\Users\ALUMNOS\Documents\oleg_final_project\Library\PackageCache\com.unity.profiling.core@8a49f7027d06)
    com.unity.searcher@4.9.5 (location: C:\Users\ALUMNOS\Documents\oleg_final_project\Library\PackageCache\com.unity.searcher@a463122f2c00)
    com.unity.settings-manager@2.1.1 (location: C:\Users\ALUMNOS\Documents\oleg_final_project\Library\PackageCache\com.unity.settings-manager@0b8638c5ce86)
    com.unity.nuget.mono-cecil@1.11.6 (location: C:\Users\ALUMNOS\Documents\oleg_final_project\Library\PackageCache\com.unity.nuget.mono-cecil@ecb9724e46ff)
  Built-in packages:
    com.unity.cinemachine@6.6.0 (location: C:\Users\ALUMNOS\Documents\oleg_final_project\Library\PackageCache\com.unity.cinemachine@f53aa49b3acc)
    com.unity.multiplayer.center@2.0.1 (location: C:\Users\ALUMNOS\Documents\oleg_final_project\Library\PackageCache\com.unity.multiplayer.center@549886182930)
    com.unity.render-pipelines.universal@17.6.0 (location: C:\Users\ALUMNOS\Documents\oleg_final_project\Library\PackageCache\com.unity.render-pipelines.universal@8457e85b8184)
    com.unity.test-framework@1.8.0 (location: C:\Users\ALUMNOS\Documents\oleg_final_project\Library\PackageCache\com.unity.test-framework@7a3849e09bd0)
    com.unity.timeline@6.6.0 (location: C:\Users\ALUMNOS\Documents\oleg_final_project\Library\PackageCache\com.unity.timeline@281d5f7e7d7d)
    com.unity.ugui@2.6.0 (location: C:\Users\ALUMNOS\Documents\oleg_final_project\Library\PackageCache\com.unity.ugui@23caec89ae27)
    com.unity.visualeffectgraph@17.6.0 (location: C:\Users\ALUMNOS\Documents\oleg_final_project\Library\PackageCache\com.unity.visualeffectgraph@47051adff7cc)
    com.unity.modules.accessibility@1.0.0 (location: C:\Users\ALUMNOS\Documents\oleg_final_project\Library\PackageCache\com.unity.modules.accessibility)
    com.unity.modules.adaptiveperformance@1.0.0 (location: C:\Users\ALUMNOS\Documents\oleg_final_project\Library\PackageCache\com.unity.modules.adaptiveperformance)
    com.unity.modules.ai@1.0.0 (location: C:\Users\ALUMNOS\Documents\oleg_final_project\Library\PackageCache\com.unity.modules.ai)
    com.unity.modules.androidjni@1.0.0 (location: C:\Users\ALUMNOS\Documents\oleg_final_project\Library\PackageCache\com.unity.modules.androidjni)
    com.unity.modules.animation@1.0.0 (location: C:\Users\ALUMNOS\Documents\oleg_final_project\Library\PackageCache\com.unity.modules.animation)
    com.unity.modules.assetbundle@1.0.0 (location: C:\Users\ALUMNOS\Documents\oleg_final_project\Library\PackageCache\com.unity.modules.assetbundle)
    com.unity.modules.audio@1.0.0 (location: C:\Users\ALUMNOS\Documents\oleg_final_project\Library\PackageCache\com.unity.modules.audio)
    com.unity.modules.cloth@1.0.0 (location: C:\Users\ALUMNOS\Documents\oleg_final_project\Library\PackageCache\com.unity.modules.cloth)
    com.unity.modules.director@1.0.0 (location: C:\Users\ALUMNOS\Documents\oleg_final_project\Library\PackageCache\com.unity.modules.director)
    com.unity.modules.imageconversion@1.0.0 (location: C:\Users\ALUMNOS\Documents\oleg_final_project\Library\PackageCache\com.unity.modules.imageconversion)
    com.unity.modules.imgui@1.0.0 (location: C:\Users\ALUMNOS\Documents\oleg_final_project\Library\PackageCache\com.unity.modules.imgui)
    com.unity.modules.jsonserialize@1.0.0 (location: C:\Users\ALUMNOS\Documents\oleg_final_project\Library\PackageCache\com.unity.modules.jsonserialize)
    com.unity.modules.particlesystem@1.0.0 (location: C:\Users\ALUMNOS\Documents\oleg_final_project\Library\PackageCache\com.unity.modules.particlesystem)
    com.unity.modules.physics@1.0.0 (location: C:\Users\ALUMNOS\Documents\oleg_final_project\Library\PackageCache\com.unity.modules.physics)
    com.unity.modules.physics2d@1.0.0 (location: C:\Users\ALUMNOS\Documents\oleg_final_project\Library\PackageCache\com.unity.modules.physics2d)
    com.unity.modules.physicscore2d@1.0.0 (location: C:\Users\ALUMNOS\Documents\oleg_final_project\Library\PackageCache\com.unity.modules.physicscore2d)
    com.unity.modules.screencapture@1.0.0 (location: C:\Users\ALUMNOS\Documents\oleg_final_project\Library\PackageCache\com.unity.modules.screencapture)
    com.unity.modules.terrain@1.0.0 (location: C:\Users\ALUMNOS\Documents\oleg_final_project\Library\PackageCache\com.unity.modules.terrain)
    com.unity.modules.terrainphysics@1.0.0 (location: C:\Users\ALUMNOS\Documents\oleg_final_project\Library\PackageCache\com.unity.modules.terrainphysics)
    com.unity.modules.tetgen@1.0.0 (location: C:\Users\ALUMNOS\Documents\oleg_final_project\Library\PackageCache\com.unity.modules.tetgen)
    com.unity.modules.tilemap@1.0.0 (location: C:\Users\ALUMNOS\Documents\oleg_final_project\Library\PackageCache\com.unity.modules.tilemap)
    com.unity.modules.ui@1.0.0 (location: C:\Users\ALUMNOS\Documents\oleg_final_project\Library\PackageCache\com.unity.modules.ui)
    com.unity.modules.uielements@1.0.0 (location: C:\Users\ALUMNOS\Documents\oleg_final_project\Library\PackageCache\com.unity.modules.uielements)
    com.unity.modules.umbra@1.0.0 (location: C:\Users\ALUMNOS\Documents\oleg_final_project\Library\PackageCache\com.unity.modules.umbra)
    com.unity.modules.unityanalytics@1.0.0 (location: C:\Users\ALUMNOS\Documents\oleg_final_project\Library\PackageCache\com.unity.modules.unityanalytics)
    com.unity.modules.unitywebrequest@1.0.0 (location: C:\Users\ALUMNOS\Documents\oleg_final_project\Library\PackageCache\com.unity.modules.unitywebrequest)
    com.unity.modules.unitywebrequestassetbundle@1.0.0 (location: C:\Users\ALUMNOS\Documents\oleg_final_project\Library\PackageCache\com.unity.modules.unitywebrequestassetbundle)
    com.unity.modules.unitywebrequestaudio@1.0.0 (location: C:\Users\ALUMNOS\Documents\oleg_final_project\Library\PackageCache\com.unity.modules.unitywebrequestaudio)
    com.unity.modules.unitywebrequesttexture@1.0.0 (location: C:\Users\ALUMNOS\Documents\oleg_final_project\Library\PackageCache\com.unity.modules.unitywebrequesttexture)
    com.unity.modules.unitywebrequestwww@1.0.0 (location: C:\Users\ALUMNOS\Documents\oleg_final_project\Library\PackageCache\com.unity.modules.unitywebrequestwww)
    com.unity.modules.vectorgraphics@1.0.0 (location: C:\Users\ALUMNOS\Documents\oleg_final_project\Library\PackageCache\com.unity.modules.vectorgraphics)
    com.unity.modules.vehicles@1.0.0 (location: C:\Users\ALUMNOS\Documents\oleg_final_project\Library\PackageCache\com.unity.modules.vehicles)
    com.unity.modules.video@1.0.0 (location: C:\Users\ALUMNOS\Documents\oleg_final_project\Library\PackageCache\com.unity.modules.video)
    com.unity.modules.wind@1.0.0 (location: C:\Users\ALUMNOS\Documents\oleg_final_project\Library\PackageCache\com.unity.modules.wind)
    com.unity.modules.xr@1.0.0 (location: C:\Users\ALUMNOS\Documents\oleg_final_project\Library\PackageCache\com.unity.modules.xr)
    com.unity.modules.subsystems@1.0.0 (location: C:\Users\ALUMNOS\Documents\oleg_final_project\Library\PackageCache\com.unity.modules.subsystems)
    com.unity.modules.hierarchycore@1.0.0 (location: C:\Users\ALUMNOS\Documents\oleg_final_project\Library\PackageCache\com.unity.modules.hierarchycore)
    com.unity.shadergraph@17.6.0 (location: C:\Users\ALUMNOS\Documents\oleg_final_project\Library\PackageCache\com.unity.shadergraph@ef6135652377)
    com.unity.render-pipelines.core@17.6.0 (location: C:\Users\ALUMNOS\Documents\oleg_final_project\Library\PackageCache\com.unity.render-pipelines.core@2d66c71e606e)
    com.unity.ext.nunit@2.1.0 (location: C:\Users\ALUMNOS\Documents\oleg_final_project\Library\PackageCache\com.unity.ext.nunit@0198eae3b53e)
    com.unity.render-pipelines.universal-config@17.6.0 (location: C:\Users\ALUMNOS\Documents\oleg_final_project\Library\PackageCache\com.unity.render-pipelines.universal-config@561422b74439)
    com.unity.burst@2.0.0 (location: C:\Users\ALUMNOS\Documents\oleg_final_project\Library\PackageCache\com.unity.burst@626e66ab421b)
    com.unity.collections@6.6.0 (location: C:\Users\ALUMNOS\Documents\oleg_final_project\Library\PackageCache\com.unity.collections@10fff0607388)
    com.unity.graph-authoring@1.0.0 (location: C:\Users\ALUMNOS\Documents\oleg_final_project\Library\PackageCache\com.unity.graph-authoring@cfd2588851ee)
    com.unity.mathematics@1.4.0 (location: C:\Users\ALUMNOS\Documents\oleg_final_project\Library\PackageCache\com.unity.mathematics@8306a64d0cd6)
    com.unity.test-framework.performance@6.6.0 (location: C:\Users\ALUMNOS\Documents\oleg_final_project\Library\PackageCache\com.unity.test-framework.performance@0a60b857a52e)
  Git packages:
    com.cqf.urpvolumetricfog@https://github.com/CristianQiu/Unity-URP-Volumetric-Light.git (location: C:\Users\ALUMNOS\Documents\oleg_final_project\Library\PackageCache\com.cqf.urpvolumetricfog@354ebc5b6ed3)
[Subsystems] No new subsystems found in resolved package list.
[Package Manager] Done registering packages in 0.03 seconds
AcceleratorClientConnectionCallback - disconnected - :0
Assembly reference Packages/com.unity.cinemachine/Editor/Samples/ExposeHDRPInternals/HDRP-Editor-ref.asmref has no target assembly definition
Assembly reference Packages/com.unity.cinemachine/Editor/Samples/ExposeHDRPInternals/HDRP-Editor-ref.asmref has no target assembly definition
[ScriptCompilation] Requested script compilation because: AssetDatabase observed changes in script compilation related files
Starting: C:\Program Files\Unity\Hub\Editor\6000.6.0f1\Editor\Data\Tools\BuildPipeline\bee_backend.exe --ipc --defer-dag-verification --dagfile="Library/Bee/1900b0aE.dag" --continue-on-failure --profile="Library/Bee/backend1.traceevents" ScriptAssemblies
WorkingDir: C:/Users/ALUMNOS/Documents/oleg_final_project
warn: Unity.ILPP.Runner.PostProcessingAssemblyLoadContext[0]
      Assembly system.runtime.interopservices.windowsruntime has duplicate hint path. Ignoring "C:\Program Files\Unity\Hub\Editor\6000.6.0f1\Editor\Data\UnityReferenceAssemblies\unity-4.8-api\Facades\System.Runtime.InteropServices.WindowsRuntime.dll" in favor of "C:\Program Files\Unity\Hub\Editor\6000.6.0f1\Editor\Data\NetStandard\Extensions\2.0.0\System.Runtime.InteropServices.WindowsRuntime.dll"
warn: Unity.ILPP.Runner.PostProcessingAssemblyLoadContext[0]
      Assembly system.componentmodel.composition has duplicate hint path. Ignoring "C:\Program Files\Unity\Hub\Editor\6000.6.0f1\Editor\Data\UnityReferenceAssemblies\unity-4.8-api\System.ComponentModel.Composition.dll" in favor of "C:\Program Files\Unity\Hub\Editor\6000.6.0f1\Editor\Data\NetStandard\compat\2.1.0\shims\netfx\System.ComponentModel.Composition.dll"
ExitCode: 4 Duration: 0s391ms
Rebuilding DAG because FileSignature timestamp changed: Library/Bee/1900b0aE-inputdata.json
[ 847/1099  0s] ILPP-Configuration Library/ilpp-configuration.nevergeneratedoutput
*** Tundra requires additional run (0.35 seconds), 2 items updated, 846 evaluated
Starting: C:\Program Files\Unity\Hub\Editor\6000.6.0f1\Editor\Data\DotNetSdk\dotnet.exe "C:\Program Files\Unity\Hub\Editor\6000.6.0f1\Editor\Data\Tools\BuildPipeline\ScriptCompilationBuildProgram.exe" "Library/Bee/1900b0aE.dag.json" "Library/Bee/1900b0aE-inputdata.json" "Library\Bee\buildprogram0.traceevents"
WorkingDir: C:/Users/ALUMNOS/Documents/oleg_final_project
ExitCode: 0 Duration: 1s256ms
Starting: C:\Program Files\Unity\Hub\Editor\6000.6.0f1\Editor\Data\Tools\BuildPipeline\bee_backend.exe --ipc --defer-dag-verification --dagfile="Library/Bee/1900b0aE.dag" --continue-on-failure --dagfilejson="Library\Bee\1900b0aE.dag.json" --profile="Library/Bee/backend2.traceevents" ScriptAssemblies
WorkingDir: C:/Users/ALUMNOS/Documents/oleg_final_project
ExitCode: 0 Duration: 2s493ms
Finished compiling graph: 1103 nodes, 22442 flattened edges (18758 ToBuild, 172 ToUse), maximum node priority 1237
[ 597/1099  0s] WriteText Library/Bee/artifacts/1900b0aE.dag/Assembly-CSharp.rsp
[ 847/1099  0s] ILPP-Configuration Library/ilpp-configuration.nevergeneratedoutput
[1091/1099  0s] Csc Library/Bee/artifacts/1900b0aE.dag/Assembly-CSharp.dll (+2 others)
[1092/1099  0s] Csc Library/Bee/artifacts/1900b0aE.dag/Assembly-CSharp-Editor.dll (+2 others)
[1093/1099  0s] ILPostProcess Library/Bee/artifacts/1900b0aE.dag/post-processed/Assembly-CSharp-Editor.dll (+pdb)
Processing assembly Library/Bee/artifacts/1900b0aE.dag/Assembly-CSharp-Editor.dll, with 150 defines and 385 references

processors: Unity.Jobs.CodeGen.JobsILPostProcessor, zzzUnity.Burst.CodeGen.BurstILPostProcessor

1 processor(s) skipped this assembly

running Unity.Jobs.CodeGen.JobsILPostProcessor
[1094/1099  1s] ILPostProcess Library/Bee/artifacts/1900b0aE.dag/post-processed/Assembly-CSharp.dll (+pdb)
Processing assembly Library/Bee/artifacts/1900b0aE.dag/Assembly-CSharp.dll, with 152 defines and 362 references

processors: Unity.Jobs.CodeGen.JobsILPostProcessor, zzzUnity.Burst.CodeGen.BurstILPostProcessor

1 processor(s) skipped this assembly

running Unity.Jobs.CodeGen.JobsILPostProcessor
[1095/1099  0s] CopyFiles Library/ScriptAssemblies/Assembly-CSharp.pdb
[1096/1099  0s] CopyFiles Library/ScriptAssemblies/Assembly-CSharp-Editor.pdb
[1097/1099  0s] CopyFiles Library/ScriptAssemblies/Assembly-CSharp-Editor.dll
[1098/1099  0s] CopyFiles Library/ScriptAssemblies/Assembly-CSharp.dll
*** Tundra build success (2.47 seconds), 10 items updated, 1099 evaluated
AssetDatabase: script compilation time: 4.711239s
Begin MonoManager ReloadAssembly
Assembly reference Packages/com.unity.cinemachine/Editor/Samples/ExposeHDRPInternals/HDRP-Editor-ref.asmref has no target assembly definition
'Packages/com.unity.render-pipelines.core/Editor/Deprecated.cs' contains partial class of Unity.Object, exactly 1 of the partial classes needs to be in a file with the same filename. This is to know the one that can be referenced from ie. GameObjects
'Packages/com.unity.render-pipelines.core/Editor/Deprecated.cs' contains partial class of Unity.Object, exactly 1 of the partial classes needs to be in a file with the same filename. This is to know the one that can be referenced from ie. GameObjects
'Packages/com.unity.cinemachine/Editor/Editors/CinemachineVirtualCameraBaseEditor.cs' contains partial class of Unity.Object, exactly 1 of the partial classes needs to be in a file with the same filename. This is to know the one that can be referenced from ie. GameObjects
'Packages/com.unity.cinemachine/Editor/Obsolete/CinemachineVirtualCameraBaseEditor.cs' contains partial class of Unity.Object, exactly 1 of the partial classes needs to be in a file with the same filename. This is to know the one that can be referenced from ie. GameObjects
Importing 'GUID: 00000000000000003000000000000000 - Path: ProjectSettings/TagManager.asset' with importer (LibraryAssetImporter)
Imported 'GUID: 00000000000000003000000000000000' -> (Import Result ID: '171f14ddd7162095ec15f0b5be45e72e') in 0.012 seconds [static dependencies only]. Details - ImportResultOutputID=f000288eab4d423778547d37d97a06b9 DependenciesID=91192067fa9c8bcaa64e298cd38413f1 StaticDependenciesID=786f59a2a1ce9d575b912c0d5db02b1b 
Importing 'GUID: 8116667a559b011448195e062e2515df - Path: Assets/Scripts/Sound' with importer (DefaultImporter)
Imported 'GUID: 8116667a559b011448195e062e2515df' -> (Import Result ID: '50529da6f32332b4fd29c1661352c696') in 0.001 seconds [static dependencies only]. Details - ImportResultOutputID=e8d9de23dd555bbe9ccbf0bb65ed6bb3 DependenciesID=3d3fa87b4eb8274087b84abf5ef36c86 StaticDependenciesID=d0b382392fa1a94e6ded61d81e6c1ca6 
Importing 'GUID: a5579f15bef37da409ad067572dd21ab - Path: Assets/Scripts/UI' with importer (DefaultImporter)
Imported 'GUID: a5579f15bef37da409ad067572dd21ab' -> (Import Result ID: '4a30dbed2099ed92a2a17c3d8eb8286f') in 0.001 seconds [static dependencies only]. Details - ImportResultOutputID=c46ab895a0beb43033beba74e8eb9f86 DependenciesID=7820f5d571dcf0ef0637507f06de0001 StaticDependenciesID=ceb267e854cc8777519275976c381dbb 
Importing 'GUID: e8a60aea2b2de3d42862337174b5be25 - Path: Assets/Assets/Dash_assets/Terrain' with importer (DefaultImporter)
Imported 'GUID: e8a60aea2b2de3d42862337174b5be25' -> (Import Result ID: '0b8daa2877b44f00cc07f9a264be877a') in 0.000 seconds [static dependencies only]. Details - ImportResultOutputID=1846b2be7d84d5756e1b5a1e40fd8760 DependenciesID=aa9f7f98f2a99431b22e4cc9456bfd06 StaticDependenciesID=23b015cb7724cbeb24c9f2b1dab26b81 
Importing 'GUID: 22bd066f4808d3d4b8c92339e362317f - Path: Assets/Assets/Dash_assets/Materials/Mitrovica_material' with importer (DefaultImporter)
Imported 'GUID: 22bd066f4808d3d4b8c92339e362317f' -> (Import Result ID: 'ec350e8c598d5da11bc743838e27d21f') in 0.000 seconds [static dependencies only]. Details - ImportResultOutputID=ef0c3c8117c0ac9d9890c6bce7744e75 DependenciesID=4059277440bcf85240d2d9c9d2056a87 StaticDependenciesID=923aa00375b20b1697ed6856d190085a 
Importing 'GUID: 5824e4f312910c7499c21598d919f6d4 - Path: Assets/Assets/Dash_assets/Models/Ascensor' with importer (DefaultImporter)
Imported 'GUID: 5824e4f312910c7499c21598d919f6d4' -> (Import Result ID: '4429ec7dd3207f833fa888e6a903795c') in 0.000 seconds [static dependencies only]. Details - ImportResultOutputID=7b285288361626c0701ed82f3fd5fbc2 DependenciesID=9ab26c1431521f609c6f2dc1d8c7b9cf StaticDependenciesID=494b5247787ba93241f15e201a01c786 
Importing 'GUID: 099f29cdf65b0f14991b1e22f5ccb1d1 - Path: Assets/Assets/Dash_assets/Materials/Ascensor_textures' with importer (DefaultImporter)
Imported 'GUID: 099f29cdf65b0f14991b1e22f5ccb1d1' -> (Import Result ID: '27b39701cd9aeb888f591831c17353fc') in 0.000 seconds [static dependencies only]. Details - ImportResultOutputID=c36ccce2159703806a866c73c2736c3e DependenciesID=29c4d11bd7017ebc717e5bcc9ab6d7e6 StaticDependenciesID=291de5b0582467239f9e2ceee130be69 
Importing 'GUID: 8ec98b8a4de479046aca6a2e3c7a530b - Path: Assets/Assets/Dash_assets/Materials/Mitrovica_tunnel' with importer (DefaultImporter)
Imported 'GUID: 8ec98b8a4de479046aca6a2e3c7a530b' -> (Import Result ID: 'c14923d3b3c0aa6d69c406ef737d450d') in 0.000 seconds [static dependencies only]. Details - ImportResultOutputID=d33c68f2d9e21806ec988d5b2638ed2b DependenciesID=2420450b8f3eb6083e4c8962d8a64ac9 StaticDependenciesID=f59e77d8a94033c34af734891e025a54 
Importing 'GUID: 84b16585236622b4fb4bdc760009eb8e - Path: Assets/Assets/Dash_assets/Materials/Ascensor_textures/Carcas' with importer (DefaultImporter)
Imported 'GUID: 84b16585236622b4fb4bdc760009eb8e' -> (Import Result ID: '1b81b6cb66fd301d6d9b076d849f75b7') in 0.000 seconds [static dependencies only]. Details - ImportResultOutputID=f80455aaca4f0a987a706be07c0a7a9e DependenciesID=50ca3fdbcb20bc05978813016553dc64 StaticDependenciesID=64b540dad5f755fa89fd4bbbf4608769 
Importing 'GUID: 153aa4bab5191304e9038b59b3acda02 - Path: Assets/Assets/Dash_assets/Materials/Ascensor_textures/Plataforma' with importer (DefaultImporter)
Imported 'GUID: 153aa4bab5191304e9038b59b3acda02' -> (Import Result ID: '4ec439f47db98be89b707623afcb9fa5') in 0.000 seconds [static dependencies only]. Details - ImportResultOutputID=b7e9451e68c10ad0fbea1efae519961e DependenciesID=291eb48ce5b975f5424e4eb28442d840 StaticDependenciesID=6f7b33c73b0a8b3ca7108d3ac1d307f1 
Importing 'GUID: a986d505761bbeb479a93c1c0dd09ee5 - Path: Assets/Assets/Dash_assets/Materials/Ascensor_textures/Mechanismo' with importer (DefaultImporter)
Imported 'GUID: a986d505761bbeb479a93c1c0dd09ee5' -> (Import Result ID: '4097a1ddcc4cd9edbbb80f730fefb65c') in 0.001 seconds [static dependencies only]. Details - ImportResultOutputID=50963a9c96f450453b611a61cd51dd2e DependenciesID=ff78f3b8645df6449d121b7c71b0a259 StaticDependenciesID=d64dea6de353d6e4e3a960eb156332ed 
Importing 'GUID: 3ae9d57174b500c4fa232f23a168ddd3 - Path: Assets/Assets/Dash_assets/Models/Mines/mine_60k' with importer (DefaultImporter)
Imported 'GUID: 3ae9d57174b500c4fa232f23a168ddd3' -> (Import Result ID: '0d6c8de6a6bef72b1c962d93822d9b7f') in 0.000 seconds [static dependencies only]. Details - ImportResultOutputID=e8dc89d4327a78f82eca6ab23d8e89ce DependenciesID=a84832cd3b9b944250aa9338cda457fe StaticDependenciesID=6003a2de7355ee4f8f630eb34c542c74 
Importing 'GUID: 5b63ee1e883f7f04c928ba53f7eaa538 - Path: Assets/Assets/Dash_assets/Materials/Ascensor_textures/Vidrio' with importer (DefaultImporter)
Imported 'GUID: 5b63ee1e883f7f04c928ba53f7eaa538' -> (Import Result ID: 'f0ca3ad6ea669a5cd89ce1faed4d6499') in 0.000 seconds [static dependencies only]. Details - ImportResultOutputID=cf8ca8efd32a3d7bed807243821ceb27 DependenciesID=0ca64f4c951ae074d6c977609bc8a2f6 StaticDependenciesID=a61798eaa89bd2ee0e6758cf70283be7 
Importing 'GUID: 4d278e58078b07a4db9fc971b3194d0b - Path: Assets/Assets/Dash_assets/Materials/Ascensor_textures/Ceiling' with importer (DefaultImporter)
Imported 'GUID: 4d278e58078b07a4db9fc971b3194d0b' -> (Import Result ID: '4a464c16140f3e6aabd460cf7295db11') in 0.000 seconds [static dependencies only]. Details - ImportResultOutputID=cb9ed1e51010487ab5dff647aaa5264a DependenciesID=b281315572811dcf1dfe2e9f096b44ea StaticDependenciesID=5497a4cd554874c31117e0f25b1a46e2 
Native extension for WindowsStandalone target not found
ScheduleIndexationOnStartup MainProcess:True IndexOnStartup:True
Scripting: successfully reloaded assembly
- Finished resetting the current domain, in  0.966 seconds
Domain Reload Profiling: 1998ms
	BeginReloadAssembly (329ms)
		DisableScriptedObjects (27ms)
		CreateAndSetChildDomain (146ms)
	RebuildCommonClasses (9ms)
	RebuildNativeTypeToScriptingClass (15ms)
	initialDomainReloadingComplete (51ms)
	LoadAllAssembliesAndSetupDomain (628ms)
		LoadAssemblies (330ms)
		TypeCache.Refresh (182ms)
			TypeCache.ScanAssembly (170ms)
		AnalyzeDomain (85ms)
			BuildScriptInfoCaches (75ms)
			ResolveRequiredComponents (8ms)
	FinalizeReload (967ms)
		SetupLoadedEditorAssemblies (0ms)
			BeforeProcessingInitializeOnLoad (108ms)
			ProcessInitializeOnLoadAttributes (335ms)
			ProcessInitializeOnLoadMethodAttributes (109ms)
			AfterProcessingInitializeOnLoad (5ms)
		AwakeInstancesAfterBackupRestoration (28ms)
Starting new worker id: 0 with log in C:/Users/ALUMNOS/Documents/oleg_final_project/Logs/AssetImportWorkerHW0.log
Importing 'GUID: 80707010fd47f544f9517690d9495d07 - Path: Assets/_Recovery/0 (3).unity' with importer (DefaultImporter)
Imported 'GUID: 80707010fd47f544f9517690d9495d07' -> (Import Result ID: 'affb50c9e9eee004ff50d6e71bc3547b') in 0.001 seconds [static dependencies only]. Details - ImportResultOutputID=5e112fe2641acd49daa8148a0646b78e DependenciesID=9a90a0522b154675f846ae07e34c3629 StaticDependenciesID=9a558bba05fb982384c6eba72673f0e8 
Importing 'GUID: 11c50fd844b7a3f489d88ed9f7b90f92 - Path: Assets/Scenes/options.unity' with importer (DefaultImporter)
Imported 'GUID: 11c50fd844b7a3f489d88ed9f7b90f92' -> (Import Result ID: 'ec7f3ad6976ebe6f8d8c482c976de452') in 0.001 seconds [static dependencies only]. Details - ImportResultOutputID=01543e2f960d22bc43403d5c882849fa DependenciesID=3b16269cccfda4f9effec0243042752d StaticDependenciesID=c31733e0e176de57898ffae7655a096d 
Importing 'GUID: 744d8266e59d12a44a24480418dafa42 - Path: Assets/Scenes/MenuPrincipal.unity' with importer (DefaultImporter)
Imported 'GUID: 744d8266e59d12a44a24480418dafa42' -> (Import Result ID: '760303a251dfad8fbae9191af9495f69') in 0.001 seconds [static dependencies only]. Details - ImportResultOutputID=d7a4d4d68adff5253c5ebfc7114e6786 DependenciesID=57b5c9e06b3ba9342314db7a8837215e StaticDependenciesID=1fb192103b4cde6bf8b73fed45c71536 
Importing 'GUID: 361e28e5b458b5446a4b13356db50eac - Path: Assets/Scenes/MineShaft.unity' with importer (DefaultImporter)
Imported 'GUID: 361e28e5b458b5446a4b13356db50eac' -> (Import Result ID: 'dd45851ff4fe02fe2adcc45271f435d3') in 0.001 seconds [static dependencies only]. Details - ImportResultOutputID=dfc99a82a10d3f5d42803a4f4ad2cf4c DependenciesID=f23ddc067cf673e516d513931f09e62d StaticDependenciesID=8df2cfab0d83acaaf0576bb5b3846d4a 
Importing 'GUID: ccf6bcef629c598468d0998490661c0f - Path: Assets/_Recovery/0 (4).unity' with importer (DefaultImporter)
Imported 'GUID: ccf6bcef629c598468d0998490661c0f' -> (Import Result ID: 'bb0ee9a0b1d4e3a269c12ec8b8658236') in 0.000 seconds [static dependencies only]. Details - ImportResultOutputID=591cab40bbfd3b090392aa3dbac401f1 DependenciesID=8f6fda1ae22e3aef43ec95cf5b29b101 StaticDependenciesID=aa1932527a07ee1b44329b7ec47675ef 
Importing 'GUID: d03aa85b32235f649b6cdf6344fd7748 - Path: Assets/Assets/Dash_assets/Models/Mines/mine_60k/building construction_Height.png' with importer (TextureImporter)
Imported 'GUID: d03aa85b32235f649b6cdf6344fd7748' -> (Import Result ID: 'd29340c6b5c27ff7471c1d8271b989d0') in 0.322 seconds [static and dynamic dependencies]. Details - ImportResultOutputID=ebe7ccf83430263b676a6ea54ab1afcc DependenciesID=4827c066fd60b9c25cb823a056d6f0b0 StaticDependenciesID=020fc4ce2c0e1d998b73c2bcb039d5c6 
Importing 'GUID: 310065ea20b15d748b63a06da25e13bc - Path: Assets/Assets/Dash_assets/Materials/Mitrovica_tunnel/AO.png' with importer (TextureImporter)
Imported 'GUID: 310065ea20b15d748b63a06da25e13bc' -> (Import Result ID: '818d63146b6723ec4d7133bf20981ac1') in 0.063 seconds [static and dynamic dependencies]. Details - ImportResultOutputID=04dd8a4b5b0940ac3fff087d73138e39 DependenciesID=a664787ae3668906caf7fbb20c9ce1b7 StaticDependenciesID=5447bf91944725186387e8c22a90ce4a 
Importing 'GUID: 81b86ead9e4646747a729f2e30bbd614 - Path: Assets/Assets/Dash_assets/Materials/Ascensor_textures/Mechanismo/AO.png' with importer (TextureImporter)
Imported 'GUID: 81b86ead9e4646747a729f2e30bbd614' -> (Import Result ID: '993c835664cf4f91dcc9cb0d2eed34d2') in 0.051 seconds [static and dynamic dependencies]. Details - ImportResultOutputID=8ef17badde93697ae289ef012a544d3f DependenciesID=9e438ff70fa5b637fbfcb6b917fcfe7b StaticDependenciesID=87f96881090f30c93993883c6e3f59a9 
Importing 'GUID: d1e6f73fb9189804ab4d88247633975a - Path: Assets/Assets/Dash_assets/Materials/Mitrovica_tunnel/mitrovica tunnel_openPBR_shader1_Normal.png' with importer (TextureImporter)
Imported 'GUID: d1e6f73fb9189804ab4d88247633975a' -> (Import Result ID: 'd1cd54595703b10b6de33e99ed6b5764') in 0.103 seconds [static and dynamic dependencies]. Details - ImportResultOutputID=ce40ef7c3d9a220c6192f286157ae935 DependenciesID=bde76ad7c9ee6a60b390a1a1a56e0d99 StaticDependenciesID=e43e33e504468ecda637736b44e245e6 
Importing 'GUID: b2494aafd72aecd47ad7426d3443838e - Path: Assets/Assets/Dash_assets/Materials/Mitrovica_material/mitrovica monument_openPBR_shader1_AlbedoTransparency.png' with importer (TextureImporter)
Imported 'GUID: b2494aafd72aecd47ad7426d3443838e' -> (Import Result ID: 'ed18495ba1cf17eef26183d32dc55ff3') in 0.105 seconds [static and dynamic dependencies]. Details - ImportResultOutputID=08e6b05017e469d62dc6e7b37045a6f2 DependenciesID=646e9bb2c981442917ba81da8ed301ef StaticDependenciesID=4a8e86843171af6c7f2ef8d43dc0ece3 
Importing 'GUID: 0345a518fb560eb42974d7b7d3427bbb - Path: Assets/Assets/Dash_assets/Materials/Mitrovica_tunnel/mitrovica tunnel_openPBR_shader1_AlbedoTransparency.png' with importer (TextureImporter)
Imported 'GUID: 0345a518fb560eb42974d7b7d3427bbb' -> (Import Result ID: '37590cecd523b5aec993231abd41d668') in 0.107 seconds [static and dynamic dependencies]. Details - ImportResultOutputID=4313e6c97189a26f4120240484db336e DependenciesID=953006304f54c0e6a2b84bebaa296717 StaticDependenciesID=6c7e5d962ae22b7c20786488028903cf 
Importing 'GUID: 53ade44fb0534f64680f9624d68ad469 - Path: Assets/Assets/Dash_assets/Materials/Ascensor_textures/Carcas/ascensor_carcas_openPBR_shader1_MetallicSmoothness.png' with importer (TextureImporter)
Imported 'GUID: 53ade44fb0534f64680f9624d68ad469' -> (Import Result ID: 'd00f1ba5486da737a7f49d6be1a573c8') in 0.113 seconds [static and dynamic dependencies]. Details - ImportResultOutputID=57101e8ffcab3dcb69109e1e6aa44ec3 DependenciesID=14759b4e7d1fab1f4a37c60628a031fc StaticDependenciesID=48c7d85e43fabb4b5a66bdca26d23400 
Importing 'GUID: 73d516fe1a183fc448af7bd7d9dfe95b - Path: Assets/Assets/Dash_assets/Materials/Mitrovica_material/mitrovica monument_openPBR_shader1_MetallicSmoothness.png' with importer (TextureImporter)
Imported 'GUID: 73d516fe1a183fc448af7bd7d9dfe95b' -> (Import Result ID: 'de5bc24fcf09045db9fa58ec505498c5') in 0.080 seconds [static and dynamic dependencies]. Details - ImportResultOutputID=a4198653eab7389e0c733f22725cd7fe DependenciesID=9c2b844ef63bf9fa88e5a47adf869205 StaticDependenciesID=313359436174c5b73be043ae4d8802a1 
Importing 'GUID: 93d59f7679d1771429e8b2812fe4ef9b - Path: Assets/Assets/Dash_assets/Materials/Ascensor_textures/Plataforma/ascensor_plataforma_openPBR_shader1_Normal.png' with importer (TextureImporter)
Imported 'GUID: 93d59f7679d1771429e8b2812fe4ef9b' -> (Import Result ID: 'e1f0041a3c4c4ac9a1193b777897f2b3') in 0.067 seconds [static and dynamic dependencies]. Details - ImportResultOutputID=42167029c98856d82f0f49d5f037b7c2 DependenciesID=08baeb603ddce97e658c9abd5f730e41 StaticDependenciesID=c74e658ca3ceb99872c1b842abeacd9d 
Importing 'GUID: f3ca65690559e1941aebb6bb4592b256 - Path: Assets/Assets/Dash_assets/Materials/Ascensor_textures/Plataforma/ascensor_plataforma_openPBR_shader1_AlbedoTransparency.png' with importer (TextureImporter)
Imported 'GUID: f3ca65690559e1941aebb6bb4592b256' -> (Import Result ID: '2b26f8334d8e0e93614cad0c927173c4') in 0.089 seconds [static and dynamic dependencies]. Details - ImportResultOutputID=f3be1425b4c0f15518db7041ad780b9f DependenciesID=07a69187dac267b0927a0ad2228166a2 StaticDependenciesID=a2ef51db834ec2d040aa3f6f71cc4c0c 
Importing 'GUID: 049bd14fcb7f3b54190ca9415da48a54 - Path: Assets/Assets/Dash_assets/Materials/Ascensor_textures/Ceiling/ascensor_suelo_openPBR_shader1_AlbedoTransparency.png' with importer (TextureImporter)
Imported 'GUID: 049bd14fcb7f3b54190ca9415da48a54' -> (Import Result ID: 'f925e33fa4f781f591e24c9dfef2c321') in 0.088 seconds [static and dynamic dependencies]. Details - ImportResultOutputID=3244f1fdbca32ae98fba883b7f16ed8f DependenciesID=f44d8ff1fe4e30ca3eca575d31a56774 StaticDependenciesID=84a29ce21427afa100379dd1dae74edd 
Importing 'GUID: d4930abbb6d49784ea72af39c63c4566 - Path: Assets/Assets/Dash_assets/Models/Mines/mine_60k/building construction_Mixed_AO.png' with importer (TextureImporter)
Imported 'GUID: d4930abbb6d49784ea72af39c63c4566' -> (Import Result ID: 'ed89fdfefbcc8b13645f28219d033039') in 0.220 seconds [static and dynamic dependencies]. Details - ImportResultOutputID=7d880c8a4e27136c90abf7423f6fd29a DependenciesID=aee2742b86d0ff189cab7593f8affa5f StaticDependenciesID=19e37c4bc9b502a5805e02ff481984fd 
Importing 'GUID: 9596b54838a1a6945a604783e42035ab - Path: Assets/Assets/Dash_assets/Materials/Ascensor_textures/Mechanismo/ascensor_mechanismo_openPBR_shader1_MetallicSmoothness.png' with importer (TextureImporter)
Imported 'GUID: 9596b54838a1a6945a604783e42035ab' -> (Import Result ID: 'fa0e5772eff4c577eba0ed8817b768b1') in 0.084 seconds [static and dynamic dependencies]. Details - ImportResultOutputID=6a998112896cb18bf5afd6790fd0b3ac DependenciesID=e50d8abe30346051d14df25712cbdf9d StaticDependenciesID=d306839e194f409dc18ac3850a8b3bc0 
Importing 'GUID: e5925c4526a60af4fb057a8a194adcb1 - Path: Assets/Assets/Dash_assets/Models/Mines/mine_60k/building construction_Metallic.png' with importer (TextureImporter)
Imported 'GUID: e5925c4526a60af4fb057a8a194adcb1' -> (Import Result ID: 'fa18c5967ca85c317b44ef564029fa6d') in 0.211 seconds [static and dynamic dependencies]. Details - ImportResultOutputID=e3933c23fd7796d86294a7f635f07617 DependenciesID=043d3392f0cf7ad0fd8e931ba54c8997 StaticDependenciesID=0bdacbf6705e9ac6b40978bf198dd3c2 
Importing 'GUID: 47338036a98491243b433f8bd5da9fe2 - Path: Assets/Assets/Dash_assets/Models/Mines/mine_60k/building construction_Normal.png' with importer (TextureImporter)
Worker ready: AssetImportWorkerHW0 0
Imported 'GUID: 47338036a98491243b433f8bd5da9fe2' -> (Import Result ID: 'a96aba8c913772264cd7eb063c431934') in 0.714 seconds [static and dynamic dependencies]. Details - ImportResultOutputID=58b01749aee0ced36104166bd951b33e DependenciesID=6d23383ab7c4acaa58664a577b85e644 StaticDependenciesID=b325ecb03e47516c4de72fd2d95b6e41 
Importing 'GUID: 77de362e084feea4ca1c85c0cffae777 - Path: Assets/Assets/Dash_assets/Materials/Ascensor_textures/Ceiling/ascensor_suelo_openPBR_shader1_MetallicSmoothness.png' with importer (TextureImporter)
Imported 'GUID: 77de362e084feea4ca1c85c0cffae777' -> (Import Result ID: 'dd0f3f1690624b557c60b2f24876ff5e') in 0.076 seconds [static and dynamic dependencies]. Details - ImportResultOutputID=53d5616c1916bafa614bfb3e6383bc85 DependenciesID=21a605b11e7a4dd07be4465ae0a5420e StaticDependenciesID=c63b1a558a387c6c653f15545bd99596 
Importing 'GUID: e7b0e1e4f6cda1d4ea05d9673d217398 - Path: Assets/Assets/Dash_assets/Shaders/032_Stone.png' with importer (TextureImporter)
Imported 'GUID: e7b0e1e4f6cda1d4ea05d9673d217398' -> (Import Result ID: '88dd3fa41ee64ed2b089c28593c63bda') in 0.033 seconds [static and dynamic dependencies]. Details - ImportResultOutputID=55a36e6a33798221e8e7fa6b86f4875a DependenciesID=8a40362685920e8eaca9577565e62bdd StaticDependenciesID=0635e02cbc7b3ed6736b6bdc5043f937 
Importing 'GUID: 0824c8b42291af941a69e3a82df709f7 - Path: Assets/Assets/Dash_assets/Shaders/pngtree-rock-abstract-texture-background-png-image_17189548.png' with importer (TextureImporter)
Imported 'GUID: 0824c8b42291af941a69e3a82df709f7' -> (Import Result ID: 'd0ad0ab00217a478a5d87bd02e5d50a6') in 0.051 seconds [static and dynamic dependencies]. Details - ImportResultOutputID=1d1b3d437771b381598a2ee303ec6f36 DependenciesID=4c1cf0d1890494432645ca5df065bced StaticDependenciesID=562746df63cc029e155508de4a52bda7 
Importing 'GUID: c8ed9eee8028b0e44b898854e73569bf - Path: Assets/Assets/Dash_assets/Materials/Mitrovica_tunnel/HEIGHT.png' with importer (TextureImporter)
Imported 'GUID: c8ed9eee8028b0e44b898854e73569bf' -> (Import Result ID: '1b0a7f82bf5cb7d998de44c51ae5e3c1') in 0.067 seconds [static and dynamic dependencies]. Details - ImportResultOutputID=701d820e730f38ae5c28a648a8e84536 DependenciesID=18ea1b3b0290fca0bbed4220ca0e501c StaticDependenciesID=a739f54ea9bee682bc49362dac9b50cf 
Importing 'GUID: f84e717f229e63c46aab595beb1c6e15 - Path: Assets/Assets/Dash_assets/Shaders/turbulence 2 - 512x512.png' with importer (TextureImporter)
Imported 'GUID: f84e717f229e63c46aab595beb1c6e15' -> (Import Result ID: '73103fdd5c989873124a872c2f5cb43c') in 0.010 seconds [static and dynamic dependencies]. Details - ImportResultOutputID=aca87b70b0d2af35635b79077538e1af DependenciesID=2e10bb3ad377c5cf968d0b0898a76142 StaticDependenciesID=6f05d819901b2099c4b4beced8553330 
Importing 'GUID: 69609b211c34c874f843f0d6f418dd83 - Path: Assets/Assets/Dash_assets/Materials/Ascensor_textures/Carcas/ascensor_carcas_openPBR_shader1_Normal.png' with importer (TextureImporter)
Imported 'GUID: 69609b211c34c874f843f0d6f418dd83' -> (Import Result ID: 'afbb1d6edef6505ce760b077d30b26e0') in 0.086 seconds [static and dynamic dependencies]. Details - ImportResultOutputID=cd061d67da1619c671a6668f0c2b1767 DependenciesID=cc174d59f7ca857532b8e148ff013970 StaticDependenciesID=7fce46c280424bce0ec3e068c1b58fed 
Importing 'GUID: 99bde3193bba50545856c3d9231cd2a1 - Path: Assets/Assets/Dash_assets/Materials/Ascensor_textures/Vidrio/ascensor_vidrio_openPBR_shader1_AlbedoTransparency.png' with importer (TextureImporter)
Imported 'GUID: 99bde3193bba50545856c3d9231cd2a1' -> (Import Result ID: '7c8ee0ea5654de7291096fb64a31a88e') in 0.071 seconds [static and dynamic dependencies]. Details - ImportResultOutputID=301941fafc62a4f6e94f7e9e62a460b1 DependenciesID=d95f318793bc0c0eac505288ecd2226c StaticDependenciesID=676812b8c87f233c72c3fc319af5df38 
Importing 'GUID: 0a792b1eb2428884e83007e9a6bda1c0 - Path: Assets/Assets/Dash_assets/Models/Mines/mine_60k/building construction_Base_color.png' with importer (TextureImporter)
Imported 'GUID: 0a792b1eb2428884e83007e9a6bda1c0' -> (Import Result ID: 'd7ae5ece1e584257c08993a15a1b0d2b') in 0.399 seconds [static and dynamic dependencies]. Details - ImportResultOutputID=13ed16e8da1cbedff8a4dc95f57d4d9d DependenciesID=c216fb9f392b937bbcbfd825395f7e21 StaticDependenciesID=e74880fe68a30c1a7ec94cc2fd439708 
Importing 'GUID: 5a665d75388cad348897064865e509b9 - Path: Assets/Assets/Dash_assets/Materials/Ascensor_textures/Carcas/AO.png' with importer (TextureImporter)
Imported 'GUID: 5a665d75388cad348897064865e509b9' -> (Import Result ID: '9bd55e421792c00d20b0cb7717ba9552') in 0.066 seconds [static and dynamic dependencies]. Details - ImportResultOutputID=2850e716b4678a45033d93bff949bfcc DependenciesID=497c940cc9dfa91fd65e5222ce0ea478 StaticDependenciesID=b62338dccde48c39d634683b435bfcaf 
Importing 'GUID: 5a2a63d1b57a2124fb9f3a890912ab85 - Path: Assets/Assets/Dash_assets/Materials/Ascensor_textures/Plataforma/ascensor_plataforma_openPBR_shader1_Emission.png' with importer (TextureImporter)
Imported 'GUID: 5a2a63d1b57a2124fb9f3a890912ab85' -> (Import Result ID: '62c0fd5adc57604ccc583a6e1a4ae2de') in 0.044 seconds [static and dynamic dependencies]. Details - ImportResultOutputID=3807b717c9e7e590c947e796e173fd02 DependenciesID=9a9266809ba098aacbda7988bf619fd6 StaticDependenciesID=97f7b5a1074030886a001424f56ca71f 
Importing 'GUID: 8aa696b8332607941bb4faf66388d73a - Path: Assets/Assets/Dash_assets/Materials/Ascensor_textures/Carcas/HEIGHT.png' with importer (TextureImporter)
Imported 'GUID: 8aa696b8332607941bb4faf66388d73a' -> (Import Result ID: 'd4cc3a2f838366919608f4bd25d98542') in 0.055 seconds [static and dynamic dependencies]. Details - ImportResultOutputID=2deac41b8847b0ddbc1b1e2d909cb6e2 DependenciesID=d5b0426890bbab6f7d009b75734564ed StaticDependenciesID=f3d5dc487ec592937abdd3ca4a592a95 
Importing 'GUID: 9a2cfb04c5d936745af9dda36e74e596 - Path: Assets/Assets/Dash_assets/Materials/Ascensor_textures/Ceiling/HEIGHT.png' with importer (TextureImporter)
Imported 'GUID: 9a2cfb04c5d936745af9dda36e74e596' -> (Import Result ID: 'd8fa916c9fbbc4f767a62bba122fdeb7') in 0.048 seconds [static and dynamic dependencies]. Details - ImportResultOutputID=b5c8c7c51a156159a1af4ee9458d058d DependenciesID=e9139ff04a33f9dbfe270a9f912bb14c StaticDependenciesID=31b0423c7d58430e36c443c722262b12 
Importing 'GUID: ea260c52295ac264b8f9d6e0e376da0e - Path: Assets/Assets/Dash_assets/Materials/Ascensor_textures/Vidrio/Opacity.png' with importer (TextureImporter)
Imported 'GUID: ea260c52295ac264b8f9d6e0e376da0e' -> (Import Result ID: 'ced7b5d740cb70d8bc552d70843af9bd') in 0.051 seconds [static and dynamic dependencies]. Details - ImportResultOutputID=6f0f771a7c616552b8238bdb2717d8d7 DependenciesID=bd8fe3dc89202d3fd94e56f12582643c StaticDependenciesID=c1b4507fdcf5cad0a7bbb57d91286774 
Importing 'GUID: 7b549c98c7233294cabde9438d00afc1 - Path: Assets/Assets/Dash_assets/Materials/Ascensor_textures/Plataforma/ascensor_plataforma_openPBR_shader1_MetallicSmoothness.png' with importer (TextureImporter)
Imported 'GUID: 7b549c98c7233294cabde9438d00afc1' -> (Import Result ID: '3023c9893098b14079c3ba6bec4cf990') in 0.086 seconds [static and dynamic dependencies]. Details - ImportResultOutputID=4b1f3104f9d5ef93a45d95132ba31df4 DependenciesID=c6f55b36a55b42ebb3848633074620e1 StaticDependenciesID=0fdec33c8439b735b9c8eb57ae7fe6e6 
Importing 'GUID: db5784f2f99792d47b6a8c05b8f73ad6 - Path: Assets/Assets/Dash_assets/Materials/Ascensor_textures/Mechanismo/Height.png' with importer (TextureImporter)
Imported 'GUID: db5784f2f99792d47b6a8c05b8f73ad6' -> (Import Result ID: 'e2c84c9ed5d19d60ca4d08fcb8180e08') in 0.047 seconds [static and dynamic dependencies]. Details - ImportResultOutputID=3a4ab0e7daf035d00369174e7dee45b3 DependenciesID=2784f76617aaa7fd746a413d405b0768 StaticDependenciesID=1f84da4b3137f41f5741fe6b4f536e63 
Importing 'GUID: 2cd94fe52b4bdfe45ae7f014cbb8606c - Path: Assets/Assets/Dash_assets/Materials/Ascensor_textures/Ceiling/AO.png' with importer (TextureImporter)
Imported 'GUID: 2cd94fe52b4bdfe45ae7f014cbb8606c' -> (Import Result ID: '418c744d2e94b4f719b6ca893a8abe9c') in 0.052 seconds [static and dynamic dependencies]. Details - ImportResultOutputID=6fdcfa8c41b36c47aaf464c899576c24 DependenciesID=ed8c08219edfbf9de9b9f0a9ad1c4cd5 StaticDependenciesID=643c9063b61c511b2c08b5146215f620 
Importing 'GUID: acd514dc9f9faa145bcc84184abe9e18 - Path: Assets/Assets/Dash_assets/Materials/Mitrovica_material/Height.png' with importer (TextureImporter)
Imported 'GUID: acd514dc9f9faa145bcc84184abe9e18' -> (Import Result ID: '331cf5e6aa14244d69e28baa5323d73d') in 0.061 seconds [static and dynamic dependencies]. Details - ImportResultOutputID=8d35db86bc1e1f9a04480a9e27dcef56 DependenciesID=7139feafa7ac7a33705704935cb4dd0a StaticDependenciesID=6c413a0ab3d66b370a546d50a7ece040 
Importing 'GUID: ccbe17c18750ad648803cdc99e4bda72 - Path: Assets/Assets/Dash_assets/Materials/Ascensor_textures/Mechanismo/ascensor_mechanismo_openPBR_shader1_AlbedoTransparency.png' with importer (TextureImporter)
Imported 'GUID: ccbe17c18750ad648803cdc99e4bda72' -> (Import Result ID: 'eaaa4259ac57770fcfe1cb0806695199') in 0.079 seconds [static and dynamic dependencies]. Details - ImportResultOutputID=cbb1bb9bc40f335e72b609001cd63987 DependenciesID=5b5ef99291b204926a6cd4214377ac36 StaticDependenciesID=3491fb7f12e9470abf238e3b30782f43 
Importing 'GUID: 3dbea4dd59d515e46b0b43597b3ced87 - Path: Assets/Assets/Dash_assets/Materials/Ascensor_textures/Mechanismo/ascensor_mechanismo_openPBR_shader1_Normal.png' with importer (TextureImporter)
Imported 'GUID: 3dbea4dd59d515e46b0b43597b3ced87' -> (Import Result ID: '51ea61d973bde2897cd7fdf614472dbb') in 0.066 seconds [static and dynamic dependencies]. Details - ImportResultOutputID=93b581f4056b0840f1cbcf950ad2690c DependenciesID=256f58ae4f2e643c1e726e6f0bf80bb5 StaticDependenciesID=03c126f511385a345b29085044697a67 
Importing 'GUID: 5dda14fd5a3c50e408b6a9f80a5c1094 - Path: Assets/Assets/Dash_assets/Materials/Mitrovica_material/AO.png' with importer (TextureImporter)
Imported 'GUID: 5dda14fd5a3c50e408b6a9f80a5c1094' -> (Import Result ID: '826f29ec91d2658a84babf1665b78f75') in 0.062 seconds [static and dynamic dependencies]. Details - ImportResultOutputID=0b9acc317c0ad0c677483b213541bf7c DependenciesID=cf8f8bfba1ca5c41ba7262e9bc772d2e StaticDependenciesID=c4a7c63d6d839da2a11b0e89981f1f65 
Importing 'GUID: 7d1280d55d5b0f347ba5c039f47e0114 - Path: Assets/Assets/Dash_assets/Materials/Mitrovica_material/mitrovica monument_openPBR_shader1_Normal.png' with importer (TextureImporter)
Imported 'GUID: 7d1280d55d5b0f347ba5c039f47e0114' -> (Import Result ID: '6992554f5caed5389199a12d01c6d696') in 0.074 seconds [static and dynamic dependencies]. Details - ImportResultOutputID=2dab7801de24a2b471f9830c56ae76ee DependenciesID=18251b9e8bc367d78180743d3b448283 StaticDependenciesID=e84067bac45ccf17c786753d6e034937 
Importing 'GUID: ed07c706c2d3d364fa2416aed02fbc10 - Path: Assets/Assets/Dash_assets/Materials/Mitrovica_tunnel/mitrovica tunnel_openPBR_shader1_MetallicSmoothness.png' with importer (TextureImporter)
Imported 'GUID: ed07c706c2d3d364fa2416aed02fbc10' -> (Import Result ID: '0e1c279df63f7c948f7d03334b257f6a') in 0.082 seconds [static and dynamic dependencies]. Details - ImportResultOutputID=8e903ad64d928206f631a7cdf3cf74e3 DependenciesID=91fb5c29e22ce2c7947f76b96769dce4 StaticDependenciesID=c300f47baa1caaf0c44f63b4ce110071 
Importing 'GUID: fd5b229b162fbc94a9ea782d9aa2dfd1 - Path: Assets/Assets/Dash_assets/Shaders/1520113829437.jpg' with importer (TextureImporter)
Imported 'GUID: fd5b229b162fbc94a9ea782d9aa2dfd1' -> (Import Result ID: 'e719b5186380a3dabd3f360e6214c041') in 0.030 seconds [static and dynamic dependencies]. Details - ImportResultOutputID=b3992beb3d74134039f117daf30d7578 DependenciesID=9a87bb38f9721a0da26eea6ca5e1cd72 StaticDependenciesID=4b2d5dc2dae5295d80376ba1e0f0b2f1 
Importing 'GUID: 6e080ae54f5386e44b688b72f3b317c7 - Path: Assets/Assets/Dash_assets/Materials/Ascensor_textures/Vidrio/ascensor_vidrio_openPBR_shader1_SpecularSmoothness.png' with importer (TextureImporter)
Imported 'GUID: 6e080ae54f5386e44b688b72f3b317c7' -> (Import Result ID: '0b096bbffc8c1f3c370635a1b6b14289') in 0.070 seconds [static and dynamic dependencies]. Details - ImportResultOutputID=ae2f850d893cc01891f467081b0fee46 DependenciesID=fdf7be29e27dd7545948fbeeb7a4e38f StaticDependenciesID=2ff819aa036749fc86e1d65cab8c9b76 
Importing 'GUID: fe4c0c9be234baf45ba5d1cd9260b7e8 - Path: Assets/Assets/Dash_assets/Materials/Ascensor_textures/Carcas/ascensor_carcas_openPBR_shader1_AlbedoTransparency.png' with importer (TextureImporter)
Imported 'GUID: fe4c0c9be234baf45ba5d1cd9260b7e8' -> (Import Result ID: 'bf7cfa62ff0fc35bef9ea270f667bc98') in 0.087 seconds [static and dynamic dependencies]. Details - ImportResultOutputID=9b914e22966987505e00cd3194c29895 DependenciesID=1ebeff8a4ff223194cd544d51853ac99 StaticDependenciesID=39fa204e6023bb60ef1d557147d6cdeb 
Importing 'GUID: 1fcf7ba7188701a40a68343cda13bc59 - Path: Assets/Assets/Dash_assets/Materials/Ascensor_textures/Ceiling/ascensor_suelo_openPBR_shader1_Normal.png' with importer (TextureImporter)
Imported 'GUID: 1fcf7ba7188701a40a68343cda13bc59' -> (Import Result ID: '0a069f414bfc4cf5ac1b9d73354fd3af') in 0.076 seconds [static and dynamic dependencies]. Details - ImportResultOutputID=8a909ce7743e4855a4d829f6a1fae7ab DependenciesID=a691cbbe3b64dc8975a82bf6a2558175 StaticDependenciesID=f841d089d7b279c17a25ae2dccda583a 
Importing 'GUID: bf8b86c35c406fe40bf21f860caf4c7e - Path: Assets/Assets/Dash_assets/Models/Mines/mine_60k/building construction_Roughness.png' with importer (TextureImporter)
Imported 'GUID: bf8b86c35c406fe40bf21f860caf4c7e' -> (Import Result ID: '1071ddfc20fafbe8d782bc422b4ffc2c') in 0.233 seconds [static and dynamic dependencies]. Details - ImportResultOutputID=4cbcb49773ff611eaa1c90b179f7f486 DependenciesID=787af3f6cc69550ea89aebeba989631a StaticDependenciesID=68c0f8c1dec2ce3fed82099ae1e8f0dc 
Importing 'GUID: f2cef0ebd87998541ad6bfbd5cadcaa5 - Path: Assets/Assets/Dash_assets/Materials/Mitrovica_material/Mitrovica_material.mat' with importer (NativeFormatImporter)
Imported 'GUID: f2cef0ebd87998541ad6bfbd5cadcaa5' -> (Import Result ID: '624405b2b867baf0d22b558aecdbb52e') in 0.002 seconds [static dependencies only]. Details - ImportResultOutputID=28e8b24368988dfd0c9bd739e10a05dd DependenciesID=d916e631424904a4942b292487619842 StaticDependenciesID=082b7ff17050afe0ac278028a49c9267 
Importing 'GUID: 63db882bcdc435546925c6a16dd8328c - Path: Assets/Assets/Dash_assets/Models/Mines/mine_60k/building construction.mat' with importer (NativeFormatImporter)
Imported 'GUID: 63db882bcdc435546925c6a16dd8328c' -> (Import Result ID: 'cecaf231d9123bc8d5ad7c60ecc9d7ab') in 0.001 seconds [static dependencies only]. Details - ImportResultOutputID=961843cdc70351bbf56686240dcdb33d DependenciesID=1ea795f92be5615e701d24c04a6a7b75 StaticDependenciesID=ad7962087d01a5cfe995893249169358 
Importing 'GUID: 743577bbc2a798e42ba3d0287b9a0d09 - Path: Assets/Assets/Dash_assets/Materials/Ascensor_textures/Mechanismo/Mechanismo.mat' with importer (NativeFormatImporter)
Imported 'GUID: 743577bbc2a798e42ba3d0287b9a0d09' -> (Import Result ID: '1936357bbdcf37f6a46e432927eadab6') in 0.001 seconds [static dependencies only]. Details - ImportResultOutputID=9ac6dd6c993c468fb3c9f7aa9aab297d DependenciesID=6d0dab387c4a684e6c7eac634b81f557 StaticDependenciesID=c9c4a0ceadcd0d3c31c2bfc24bd686ad 
Importing 'GUID: 75a7344a956063f4db4df7260ef472a6 - Path: Assets/Animations/Idle.anim' with importer (NativeFormatImporter)
Imported 'GUID: 75a7344a956063f4db4df7260ef472a6' -> (Import Result ID: '2bde7a5f1c65179cc723d31d3340bb11') in 0.025 seconds [static dependencies only]. Details - ImportResultOutputID=6dead8d54285d70e8c521f12f79f1e5a DependenciesID=ab5e6b5dfe48123b552f90ae83b6b42d StaticDependenciesID=56f5116c0acc7da6ee310cbaad7f63ff 
Importing 'GUID: 07edf2cee72e318428c19095132bbc87 - Path: Assets/Assets/Dash_assets/Models/trigger.mat' with importer (NativeFormatImporter)
Imported 'GUID: 07edf2cee72e318428c19095132bbc87' -> (Import Result ID: '655f33651b5d03308bd7100b97c36bec') in 0.001 seconds [static dependencies only]. Details - ImportResultOutputID=10a9693bfdc9467f69442366dcf267e7 DependenciesID=473dfbf53a5ce44f09440e4a48d5595b StaticDependenciesID=0700129862fd4b5d8022ce28a31d321d 
Importing 'GUID: b77cb6e60d695c843826ce8414f9b8a8 - Path: Assets/Assets/Dash_assets/Materials/Ascensor_textures/Ceiling/Ceiling & suelo.mat' with importer (NativeFormatImporter)
Imported 'GUID: b77cb6e60d695c843826ce8414f9b8a8' -> (Import Result ID: 'd33535c118b0d0b15290867dea7e7b41') in 0.001 seconds [static dependencies only]. Details - ImportResultOutputID=849bc973e696f3ddc88e768191192858 DependenciesID=f8d5cd72e586d615291c2bfd7292ff07 StaticDependenciesID=09521b4782a33e1f43f42b0be0809c21 
Importing 'GUID: f730eff8f60b50145aff868837dc2357 - Path: Assets/Assets/Dash_assets/Shaders/FullScreen material.mat' with importer (NativeFormatImporter)
Imported 'GUID: f730eff8f60b50145aff868837dc2357' -> (Import Result ID: 'f035a2cb4162012c73427a0cccbf5613') in 0.000 seconds [static dependencies only]. Details - ImportResultOutputID=b8073bfeb87475867ab4373d97efb7cf DependenciesID=97ada9e1e0ad24b62e896f1c7d3decae StaticDependenciesID=592446ace9b45fc9b7f24a7b82830c93 
Importing 'GUID: 6a459aac0c390114f99b95ecc8a25ff2 - Path: Assets/Scripts/New Material.mat' with importer (NativeFormatImporter)
Imported 'GUID: 6a459aac0c390114f99b95ecc8a25ff2' -> (Import Result ID: '3fbce0046ab2a448b8ee0455b6d1b22f') in 0.001 seconds [static dependencies only]. Details - ImportResultOutputID=fdfe13f518bd4f1232a49ab172f1ba0b DependenciesID=25033569a1f2758fdd4f3fe553fc5f2e StaticDependenciesID=1f49a5f3886bdaf4dde318cc22519828 
Importing 'GUID: faf96e7aca43e44418b1886ff6aab4f4 - Path: Assets/Assets/Dash_assets/Materials/Ascensor_textures/Vidrio/Vidrio.mat' with importer (NativeFormatImporter)
Imported 'GUID: faf96e7aca43e44418b1886ff6aab4f4' -> (Import Result ID: '87d8a9a588ec0dd73794c41d1f703c81') in 0.001 seconds [static dependencies only]. Details - ImportResultOutputID=22b7f947a3884d193b6f81c8ed1ed531 DependenciesID=6b3ffcac00e7be5244bb2df1c77cd23b StaticDependenciesID=dd9e5cd5ebdb88e6d61850034a3540bf 
Importing 'GUID: 6ba55ee1a7944ee459bd1d2403e2406f - Path: Assets/Assets/Dash_assets/Materials/Ascensor_textures/Plataforma/Plataforma.mat' with importer (NativeFormatImporter)
Imported 'GUID: 6ba55ee1a7944ee459bd1d2403e2406f' -> (Import Result ID: 'd5a51e040a05bc93d7263d708875fae2') in 0.001 seconds [static dependencies only]. Details - ImportResultOutputID=73bc99804dbcf8e1c521a4e8c733c8ee DependenciesID=48092e2bcca73782747b62047b513b6e StaticDependenciesID=1faabe1c2f83132ce8b8edf2f72b7894 
Importing 'GUID: 9b77bee3a7de0da4dab1287cd91a46fa - Path: Assets/Assets/Dash_assets/Models/openPBR_shader1.mat' with importer (NativeFormatImporter)
Imported 'GUID: 9b77bee3a7de0da4dab1287cd91a46fa' -> (Import Result ID: '2882b0509e64033e9f7becab86d512b0') in 0.001 seconds [static dependencies only]. Details - ImportResultOutputID=cb762da701f6accfe411b3cb0ca23ca8 DependenciesID=572cba523e0016542c5d7e8e263832ce StaticDependenciesID=330e1d752a92504a47934eccec791fda 
Importing 'GUID: bb9d500a8eba1a84aa86afc48de2506e - Path: Assets/Animations/Swinging.anim' with importer (NativeFormatImporter)
Imported 'GUID: bb9d500a8eba1a84aa86afc48de2506e' -> (Import Result ID: 'a82bbfaa9368bb363642cc9cd8db1342') in 0.008 seconds [static dependencies only]. Details - ImportResultOutputID=da3d2c56081e5d3a5a08d4be8a98641e DependenciesID=61e5f8ffa923a4365ec4c9461d67afed StaticDependenciesID=df9da9b18006d12119f2c7a9e3ad22d2 
Importing 'GUID: 3d9f50bed27a1cc4e996ddb86f0e7876 - Path: Assets/Assets/Dash_assets/Materials/Mitrovica_tunnel/Mitrovica_tunnel.mat' with importer (NativeFormatImporter)
Imported 'GUID: 3d9f50bed27a1cc4e996ddb86f0e7876' -> (Import Result ID: 'f6e931b1ed9a98bee24f9ff2d548d062') in 0.001 seconds [static dependencies only]. Details - ImportResultOutputID=d91f6e4fc5c1849075827bfc238fb080 DependenciesID=b249ef9d8904213072715ddb92531057 StaticDependenciesID=f77d11955be41cb73eec21d2833f7688 
Importing 'GUID: 8de7525c5fad2524aaa2233bc1ff41de - Path: Assets/Assets/Dash_assets/Materials/Ascensor_textures/Carcas/Carcas.mat' with importer (NativeFormatImporter)
Imported 'GUID: 8de7525c5fad2524aaa2233bc1ff41de' -> (Import Result ID: 'c89a1af477145b05910b3878bd3cb84f') in 0.001 seconds [static dependencies only]. Details - ImportResultOutputID=bc520258cb078c32f12f717b41aaf943 DependenciesID=54b54cd475bb039f39940d71d5a3c168 StaticDependenciesID=ee1a385fc94db9daede4e434653f2eeb 
Importing 'GUID: 00eb35df9cd43f9459c9cafdbc3f519a - Path: Assets/Assets/Dash_assets/Shaders/FullScreenPassRendererFeature.shadergraph' with importer (ScriptedImporter : Unity.ShaderGraph.Editor:UnityEditor.ShaderGraph:ShaderGraphImporter)
Launched and connected shader compiler UnityShaderCompiler.exe after 0.01 seconds
Imported 'GUID: 00eb35df9cd43f9459c9cafdbc3f519a' -> (Import Result ID: '2b446ef2ef1bd5852a55223351337e66') in 0.329 seconds [static and dynamic dependencies]. Details - ImportResultOutputID=28fec8548b6c98ccf587b4c8250c5662 DependenciesID=4288c474aea82350b29d9b18a1bd91b5 StaticDependenciesID=0572404b86f65c74c2b88d669c28aa77 
Importing 'GUID: 1124acaa2e2669346b0c5625c8cee7af - Path: Assets/Scripts/LightPath.shadergraph' with importer (ScriptedImporter : Unity.ShaderGraph.Editor:UnityEditor.ShaderGraph:ShaderGraphImporter)
Imported 'GUID: 1124acaa2e2669346b0c5625c8cee7af' -> (Import Result ID: '8a862831a779343d4f9b9ce4de67736a') in 0.137 seconds [static and dynamic dependencies]. Details - ImportResultOutputID=bda9a7f7ebe966e4d159aa2a47bd95bb DependenciesID=f0a907f7cdee19100e704708fe2ec1e0 StaticDependenciesID=61877ecbdd7fa3c52b1ae6a15261caab 
Importing 'GUID: d7df19ba19d3ae8438c1560c1c226107 - Path: Assets/Assets/Dash_assets/Terrain/New Shader Graph.shadergraph' with importer (ScriptedImporter : Unity.ShaderGraph.Editor:UnityEditor.ShaderGraph:ShaderGraphImporter)
Imported 'GUID: d7df19ba19d3ae8438c1560c1c226107' -> (Import Result ID: '95eb7d102fb3f3672968b5932baad251') in 0.069 seconds [static and dynamic dependencies]. Details - ImportResultOutputID=91a3d265955aef83e02a444ed55e7d82 DependenciesID=1e8772df8f58c197dd6a4afe9c766976 StaticDependenciesID=8877e736a4825ac58273e07e05f22cae 
Importing 'GUID: 100eebb80d7d1d744a28d5d1a9efba93 - Path: Assets/Assets/Dash_assets/Models/Ascensor/ascensor_suelo.fbx' with importer (FBXImporter)
Imported 'GUID: 100eebb80d7d1d744a28d5d1a9efba93' -> (Import Result ID: '7f78f9818a7197359fc63f964a7ea87c') in 0.056 seconds [static and dynamic dependencies]. Details - ImportResultOutputID=0306caa2654a296f3d7f071570d49d23 DependenciesID=762fd4da8cdf57d289a31b87eab55d9c StaticDependenciesID=5aa296d840667195fd73ac5a6be7e80e 
Importing 'GUID: 917a4d0773b8f414ea6c1b95c10c55fd - Path: Assets/Assets/Dash_assets/Models/mitrovica monument.fbx' with importer (FBXImporter)
Imported 'GUID: 917a4d0773b8f414ea6c1b95c10c55fd' -> (Import Result ID: '50d157716ab40f315cc17879264d1d9f') in 0.017 seconds [static and dynamic dependencies]. Details - ImportResultOutputID=380a8114cc3406265483f8c1dad60d82 DependenciesID=310014f60337f23139d732e4f09a02b7 StaticDependenciesID=ccc609c472ab3dee552206b1e0d8faea 
Importing 'GUID: f47d7c252f54a384b8eb000dc845bf2b - Path: Assets/Assets/Dash_assets/Models/Ascensor/ascensor_carcas.fbx' with importer (FBXImporter)
Imported 'GUID: f47d7c252f54a384b8eb000dc845bf2b' -> (Import Result ID: '7c62f01c5943cabba1e08c9342146714') in 0.014 seconds [static and dynamic dependencies]. Details - ImportResultOutputID=9663f31eade7daad7d9472b44f546143 DependenciesID=f8db1ade1c4e1e5d11090410c56b5f30 StaticDependenciesID=51f2cef500764cdc3bf3fcb015d86ace 
Importing 'GUID: 962b5dc45f48b6842ac18864f333fc13 - Path: Assets/Assets/Dash_assets/Models/trigger.fbx' with importer (FBXImporter)
Imported 'GUID: 962b5dc45f48b6842ac18864f333fc13' -> (Import Result ID: '19c625b6dd54df416f077af2b5b5cc0e') in 0.012 seconds [static dependencies only]. Details - ImportResultOutputID=e7b65744532f6037839da1913d6431c2 DependenciesID=dc7142d76734e2877891e683d074c398 StaticDependenciesID=b55738c8abdda7f89f8c35d3c1a5e457 
Importing 'GUID: b7ff3aafbbb33f24a84661be0c668bed - Path: Assets/Assets/Dash_assets/Models/mitrovica tunnel.fbx' with importer (FBXImporter)
Imported 'GUID: b7ff3aafbbb33f24a84661be0c668bed' -> (Import Result ID: '3d111ce56652a78d057457fddef698d8') in 0.012 seconds [static and dynamic dependencies]. Details - ImportResultOutputID=aad3f00ec9b51643be8a618a2d4319f3 DependenciesID=b35e7596492aa129b90017fe64df2ba6 StaticDependenciesID=8e5fa6894c7d375259255243d6acc0cf 
Importing 'GUID: 687209b2bf6893e42aea01b92d5b8a49 - Path: Assets/Assets/Dash_assets/Models/Mines/mine_60k/mine_60k.fbx' with importer (FBXImporter)
Imported 'GUID: 687209b2bf6893e42aea01b92d5b8a49' -> (Import Result ID: 'a92d7589290b0c80a3537bf9a3bdeedb') in 0.259 seconds [static dependencies only]. Details - ImportResultOutputID=f6d67ae6aa7b9a033aad010b0ed64634 DependenciesID=937473232924243ef6f732054a7cd5fa StaticDependenciesID=8181c65e2e5b4cc841028effcea2aacc 
Importing 'GUID: eabc9f0fa5090af43813e62ef5d228cb - Path: Assets/Assets/Dash_assets/Models/Ascensor/ascensor_mechanismo.fbx' with importer (FBXImporter)
Imported 'GUID: eabc9f0fa5090af43813e62ef5d228cb' -> (Import Result ID: '6edb82738d0cf3335984b95040391d73') in 0.012 seconds [static and dynamic dependencies]. Details - ImportResultOutputID=899aedf4b743abffaab7000830336f09 DependenciesID=c69923e1f81e75e4045714522a3bd1c2 StaticDependenciesID=dc55d55474dba68bb0c72d04973c2456 
Importing 'GUID: 8e184b621da033448b5d1be6795682fd - Path: Assets/Assets/Dash_assets/Models/Ascensor/ascensor_plataforma.fbx' with importer (FBXImporter)
Imported 'GUID: 8e184b621da033448b5d1be6795682fd' -> (Import Result ID: '2fff78a628e54b126fde746ac56ca392') in 0.012 seconds [static and dynamic dependencies]. Details - ImportResultOutputID=6fdb597d557276dd1c82d473b4644e6e DependenciesID=1c37d70fab8f4311fc82c84f813b1c93 StaticDependenciesID=899983b84e6ce1687884a83f812db5d2 
Importing 'GUID: ff94c47184904d742864c81ea503d22f - Path: Assets/Assets/Dash_assets/Models/Ascensor/ascensor_vidrio.fbx' with importer (FBXImporter)
Imported 'GUID: ff94c47184904d742864c81ea503d22f' -> (Import Result ID: 'c3614f2e9ccb3fa92918a77aa6980f7c') in 0.012 seconds [static and dynamic dependencies]. Details - ImportResultOutputID=c4a3309c6bb34ad7af71d7a231ef4626 DependenciesID=9bf7fa81b550799640630bea5116b3c6 StaticDependenciesID=b9dce105a39c45074ce2798270bbe3d5 
Importing 'GUID: 208277a6ac8e15748851c0db077e5523 - Path: Assets/Assets/Dash_assets/Characters/Controller.controller' with importer (NativeFormatImporter)
Imported 'GUID: 208277a6ac8e15748851c0db077e5523' -> (Import Result ID: 'f80a9e5e463f09159b55d370d5225ac3') in 0.033 seconds [static dependencies only]. Details - ImportResultOutputID=9fa09df0345a8b0275f44acf35323cfd DependenciesID=6eeb566f078eabc973a72b7f71949a90 StaticDependenciesID=6e98c2bc41716e0fd7a03ca6cb08323e 
Importing 'GUID: e2670774d85f3ad43a97685062fdae60 - Path: Assets/Assets/Dash_assets/Shaders/Interactive_particle.vfx' with importer (VisualEffectImporter)
Imported 'GUID: e2670774d85f3ad43a97685062fdae60' -> (Import Result ID: 'e6ee87c7cc8ed3a240d8a674bf190d6d') in 0.396 seconds [static and dynamic dependencies]. Details - ImportResultOutputID=c396a33de3e3b7ad630de0dbd7af311c DependenciesID=7dae569788ef5195f22274b14996a9c6 StaticDependenciesID=20e6c9201875200188ab9da0fcec01f4 
Importing 'GUID: f288ae1f4751b564a96ac7587541f7a2 - Path: Assets/Settings/PC_Renderer.asset' with importer (NativeFormatImporter)
Imported 'GUID: f288ae1f4751b564a96ac7587541f7a2' -> (Import Result ID: 'b5016fd9c4b1f52a58c2849ec35fe4b9') in 0.001 seconds [static dependencies only]. Details - ImportResultOutputID=6784ee3b5df1f2dd9e9804287b1fd892 DependenciesID=d4bee5aab919877d1312e32f6d314299 StaticDependenciesID=d7f6e1f1e26c7f84fca5e77b2a173d67 
Importing 'GUID: 77800aec9e832eb49a50fcef173c2a60 - Path: Assets/Fonts/TCHeadlinerPrint-CondRegular-PERSONALUSEONLY SDF.asset' with importer (NativeFormatImporter)
Imported 'GUID: 77800aec9e832eb49a50fcef173c2a60' -> (Import Result ID: 'c5d902aca299d624e215676469dcc74b') in 0.008 seconds [static dependencies only]. Details - ImportResultOutputID=b9bf2821983c8550fecef24cd059a955 DependenciesID=a24757f429b2cba82a79b6d48d11acdb StaticDependenciesID=4ebe221d96125ea2f6b3eebce1736bda 
Importing 'GUID: da282ffb2bef19c4ca718dadfaf20099 - Path: Assets/Scenes/Turret_sewer/Global Volume Profile.asset' with importer (NativeFormatImporter)
Imported 'GUID: da282ffb2bef19c4ca718dadfaf20099' -> (Import Result ID: '5621cd99d52d1b7ba68ed8335061e0fb') in 0.002 seconds [static dependencies only]. Details - ImportResultOutputID=c1de481cd2ed527bd534588bd1b1cf28 DependenciesID=7b02826351983c48420224ff55fd33d8 StaticDependenciesID=046d900a7459b6f73941229a5330befe 
Importing 'GUID: 0d8a371c2410bf149afcd3956c4a3345 - Path: Assets/Fonts/BebasNeue-Regular SDF.asset' with importer (NativeFormatImporter)
Imported 'GUID: 0d8a371c2410bf149afcd3956c4a3345' -> (Import Result ID: '35c19c642531b3e8623dda164a05d6b9') in 0.002 seconds [static dependencies only]. Details - ImportResultOutputID=9b4a0400a8869867a9aa4425848a0ec4 DependenciesID=22d00c2fb9f2a6ba4793cbd731efb351 StaticDependenciesID=091f672c570a14f87fcc02c52a6b6f5c 
Importing 'GUID: 8e012e046dd4331468f0b6c7bb378475 - Path: Assets/Assets/Dash_assets/Music/Shlohmo - Apathy.mp3' with importer (AudioImporter)
Imported 'GUID: 8e012e046dd4331468f0b6c7bb378475' -> (Import Result ID: '7b6e387ec27e1e6969a4af1e9c674192') in 4.561 seconds [static and dynamic dependencies]. Details - ImportResultOutputID=5b4e77da1ee2646b9cbf4ebec05abe8b DependenciesID=d48b0c5018ea5cda13aabd60d3172121 StaticDependenciesID=f0940e3359999b4bb6a6eb50d07b8e8b 

Asset Pipeline Refresh (id=f6f34ea34812c4f429369c91bb21ff82): Total: 18.631 seconds - Initiated by InitialRefreshV2(ForceSynchronousImport)
	(Values over 0.05ms)
	Summary:
		Imports: total=94 (actual=94, local cache=0, cache server=0)
		Asset DB Process Time: managed=35 ms, native=12321 ms
		Asset DB Callback time: managed=301 ms, native=117 ms
		Scripting: domain reloads=1, domain reload time=1078 ms, compile time=4713 ms, other=63 ms
		Project Asset Count: scripts=1700, non-scripts=3370
		Asset File Changes: new=88, changed=103, moved=41, deleted=10
		Scan Filter Count: 0
	InvokePackagesCallback: 36.994ms
	ApplyChangesToAssetFolders: 0.604ms
	Scan: 203.931ms
	Collect global state as custom dependencies: 19.340ms
	OnSourceAssetsModified: 1.838ms
	CategorizeScriptCompilationAssets: 51.826ms
	ProcessAssetsWithTransientArtifactChanges: 99.757ms
	CategorizeAssets: 63.318ms
	CompileScripts: 4713.263ms
	ImportOutOfDateAssets: 11792.794ms (978.655ms without children)
		ImportManagerImport: 10790.800ms (178.791ms without children)
			UpdateCategorizedAssets: 1.234ms
		UnloadImportedAssets: 0.691ms
		EnsureUptoDateAssetsAreRegisteredWithGuidPM: 0.711ms
		ImportSchedulerStart: 21.894ms
	PostProcessAllAssets: 378.082ms
		ShaderAssetModifiedCallback 53.923ms
		ComputeShaderImportPostprocess 1.728ms
		VersionControlSettings.HiddenFilePostprocess 1.342ms
		VCAutoAddAssetPostprocess 0.959ms
		XRBuildSystem.XRAssetImported 0.339ms
		PostProcessCallbackCreateDeferredMaterials 0.265ms
		RaytracingShaderImportPostprocess 0.166ms
		SpeedTreeImporter.PostprocessAllAssets 0.107ms
		LocalizationDatabase.AssetDatabasePostprocessCallback 0.106ms
		AssemblyValidation.PostprocessAllAssets 0.097ms
		BlockShaderImporter.PostprocessAllAssets 0.071ms
		MonoPostProcessAllAssets: 300.270ms
			SyncVS.PostprocessSyncProject 211.168ms
			AssetPostprocessor.OnPostprocessAllAssets 20.297ms
			StyleCatalogPostProcessor.OnPostprocessAllAssets 12.813ms
			UniversalRenderPipelineGlobalSettingsPostprocessor.OnPostprocessAllAssets 8.184ms
			ShaderGraphAssetPostProcessor.OnPostprocessAllAssets 7.207ms
			BuilderAssetPostprocessor.OnPostprocessAllAssets 5.665ms
			AssetChangedListener.OnPostprocessAllAssets 5.202ms
			MaterialPostprocessor.OnPostprocessAllAssets 1.924ms
			SpeedTree9Postprocessor.OnPostprocessAllAssets 1.628ms
			VFXGraphPreprocessor.OnPostprocessAllAssets 1.616ms
			TextAssetPostProcessor.OnPostprocessAllAssets 1.560ms
			WindowAssetPostprocessingWatcher.OnPostprocessAllAssets 1.419ms
			PostProcessor.OnPostprocessAllAssets 1.170ms
			RetainedModeAssetPostprocessor.OnPostprocessAllAssets 1.090ms
			InputActionJsonNameModifierAssetProcessor.OnPostprocessAllAssets 0.791ms
			EditModeScopePostprocessor.OnPostprocessAllAssets 0.734ms
			InputActionAssetPostprocessor.OnPostprocessAllAssets 0.733ms
			RenderPipelineGlobalSettingsPostprocessor.OnPostprocessAllAssets 0.708ms
			ShaderReflectionAssetPostProcessor.OnPostprocessAllAssets 0.447ms
			ArtifactBrowserPostProcessor.OnPostprocessAllAssets 0.382ms
			UVCSAssetPostprocessor.OnPostprocessAllAssets 0.365ms
			AudioMixerPostprocessor.OnPostprocessAllAssets 0.261ms
			ReferencedClipsPostProcessor.OnPostprocessAllAssets 0.232ms
			TMPro_TexturePostProcessor.OnPostprocessAllAssets 0.214ms
			CinemachineSettings.OnPostprocessAllAssets 0.208ms
			AssetEvents.OnPostprocessAllAssets 0.182ms
			DomainReloadProcessor.OnPostprocessAllAssets 0.181ms
			TerrainToolbarOverlayPostProcessor.OnPostprocessAllAssets 0.178ms
			ProjectSettingsPostprocessor.OnPostprocessAllAssets 0.159ms
			AssetDatabaseCallbacks.OnPostprocessAllAssets 0.152ms
			SpeedTreePostProcessor.OnPostprocessAllAssets 0.143ms
			SamplePostprocessor.OnPostprocessAllAssets 0.125ms
			ThemePostprocessor.OnPostprocessAllAssets 0.115ms
			ConfigAssetsTracker.OnPostprocessAllAssets 0.114ms
			ScenarioDriftAssetsTracker.OnPostprocessAllAssets 0.093ms
			AssetReloadNotifier.OnPostprocessAllAssets 0.085ms
			AudioContainerPostProcessor.OnPostprocessAllAssets 0.069ms
	PostAssetChangesProfiler: 4.086ms
	UnloadStreamsBegin: 2.010ms
	PersistCurrentRevisions: 0.540ms
	UnloadStreamsEnd: 0.130ms
	GenerateScriptTypeHashes: 2.063ms
	GenerateScriptTypeSerializationHashes: 3.627ms
	Untracked: 1257.940ms

Application.AssetDatabase Initial Refresh End
Scanning for USB devices : 2.949ms
Initializing Unity extensions:
[MODES] ModeService[none].Initialize
[MODES] ModeService[none].LoadModes
[MODES] Loading mode Default (0) for mode-current-id-Oleg_T_final_project
Unloading 82 Unused Serialized files (Serialized files now loaded: 0)
Loaded scene 'Assets/Scenes/MenuPrincipal.unity'
	Deserialize:            19.138 ms
	Integration:            58.301 ms
	Integration of assets:  3.386 ms
	Thread Wait Time:       3.083 ms
	Total Operation Time:   83.908 ms
Unloading 7856 unused Assets / (11.1 MB). Loaded Objects now: 8984.
Memory consumption went from 0.50 GB to 505.6 MB.
Total: 12.164300 ms (FindLiveObjects: 0.723700 ms CreateObjectMapping: 0.362600 ms MarkObjects: 6.800400 ms  DeleteObjects: 3.963100 ms)

[LAYOUT] About to load UserSettings\Layouts\default-6000.dwlt, keepMainWindow=False
[LAYOUT] About to save layout C:\Users\ALUMNOS\Documents\oleg_final_project\UserSettings\Layouts\default-6000.dwlt
[LAYOUT] About to save layout C:/Users/ALUMNOS/AppData/Roaming/Unity/Editor-5.x/Preferences\Layouts\current\default-6000.dwlt
[MODES] ModeService[default].InitializeCurrentMode
[MODES] ModeService[default].RaiseModeChanged(default, default)
<RI> Initializing input.
Using Windows.Gaming.Input
[Project] Loading completed in 24.962 seconds
	Project init time: 				23.583 seconds
		Template init time: 		0.000 seconds
		Package Manager init time: 		1.220 seconds
		Asset Database init time: 		0.449 seconds
		Global illumination init time: 	0.003 seconds
		Assemblies load time: 			1.288 seconds
		Unity extensions init time: 	0.022 seconds
		Asset Database refresh time: 	18.631 seconds
	Scene opening time: 			1.188 seconds
##utp:{"type":"ProjectInfo","version":2,"phase":"Immediate","time":1790604365794,"processId":20512,"projectLoad":24.9619003,"projectInit":23.5833524,"templateInit":0.0,"packageManagerInit":1.2200007,"assetDatabaseInit":0.4494442,"globalIlluminationInit":0.0026211,"assembliesLoad":1.2875694,"unityExtensionsInit":0.0215116,"assetDatabaseRefresh":18.6313951,"sceneOpening":1.188179}
##utp:{"type":"EditorInfo","version":2,"phase":"Immediate","time":1790604365794,"processId":20512,"editorVersion":"6000.6.0f1 (f7f8ed4d1e24)","branch":"6000.6/respin/6000.6.0f1-fa21a270ab12","buildType":"Release","platform":"Windows"}
Asset Pipeline Refresh (id=75bb229fae8ca4e4c8860346794a8039): Total: 0.076 seconds - Initiated by RefreshV2(AllowForceSynchronousImport)
Launched and connected shader compiler UnityShaderCompiler.exe after 0.01 seconds
Launched and connected shader compiler UnityShaderCompiler.exe after 0.01 seconds
Start Indexing on Editor startup
[Indexing] Starting Initial Indexing for Assets
Created GICache directory at C:/Users/ALUMNOS/AppData/LocalLow/Unity/Caches/GiCache. Took: 0.010s, timestamps: [26.611 - 26.621]
[Licensing::Client] Successfully resolved entitlement details
[Licensing::Client] Successfully resolved entitlement details
[Licensing::Client] Successfully resolved entitlement details
[Licensing::Client] Successfully resolved entitlement details
[Licensing::Client] Successfully updated the access token
[Licensing::Module] Successfully updated access token: "B6ktyNuO"... (expires: 2026-09-28T16:02:31Z)
Starting new worker id: 1 with log in C:/Users/ALUMNOS/Documents/oleg_final_project/Logs/AssetImportWorkerHW1.log
[Worker0] Imported GUID: e8a60aea2b2de3d42862337174b5be25 - Path: Assets/Assets/Dash_assets/Terrain - Importer: ScriptedImporter/UnityEditor.QuickSearchModule:UnityEditor.Search:ASIAI0B -> (ImportResultId: 'd3bd3594e22041508af338b463d28679') in 0.0711678 seconds
Starting new worker id: 2 with log in C:/Users/ALUMNOS/Documents/oleg_final_project/Logs/AssetImportWorkerHW2.log
[Worker0] Imported GUID: 64f8f8e65801152409c4e6e6e84f09c7 - Path: Assets/Scripts/PlayerAnimatorController.cs - Importer: ScriptedImporter/UnityEditor.QuickSearchModule:UnityEditor.Search:ASIAI0B -> (ImportResultId: '52bcf6ac5cbf80d68e16328293f7b15e') in 0.0556464 seconds
[Worker0] Imported GUID: db5784f2f99792d47b6a8c05b8f73ad6 - Path: Assets/Assets/Dash_assets/Materials/Ascensor_textures/Mechanismo/Height.png - Importer: ScriptedImporter/UnityEditor.QuickSearchModule:UnityEditor.Search:ASIAI0B -> (ImportResultId: 'dbfdc3efc97f188c6e5f9e1b99ebaceb') in 0.070439 seconds
[Worker0] Imported GUID: 2cd94fe52b4bdfe45ae7f014cbb8606c - Path: Assets/Assets/Dash_assets/Materials/Ascensor_textures/Ceiling/AO.png - Importer: ScriptedImporter/UnityEditor.QuickSearchModule:UnityEditor.Search:ASIAI0B -> (ImportResultId: '7c43b590b15d593bb779e55a73b9a5b2') in 0.0277177 seconds
[Worker0] Imported GUID: 99bde3193bba50545856c3d9231cd2a1 - Path: Assets/Assets/Dash_assets/Materials/Ascensor_textures/Vidrio/ascensor_vidrio_openPBR_shader1_AlbedoTransparency.png - Importer: ScriptedImporter/UnityEditor.QuickSearchModule:UnityEditor.Search:ASIAI0B -> (ImportResultId: 'c47c90f121a6525c7655d02944ce5336') in 0.0289849 seconds
[Worker0] Imported GUID: e7b0e1e4f6cda1d4ea05d9673d217398 - Path: Assets/Assets/Dash_assets/Shaders/032_Stone.png - Importer: ScriptedImporter/UnityEditor.QuickSearchModule:UnityEditor.Search:ASIAI0B -> (ImportResultId: '1c2c3e13c99780860ce9a8d156c27fa8') in 0.0213267 seconds
[Worker0] Imported GUID: 64a8e5f300d6f4b42889c3621e9dec1c - Path: Assets/Scripts/PathMaskBaker.cs - Importer: ScriptedImporter/UnityEditor.QuickSearchModule:UnityEditor.Search:ASIAI0B -> (ImportResultId: '3e568da30eec1edad1b20ab0027e1f7b') in 0.0160552 seconds
[Worker0] Imported GUID: 8d4dc615b27aabb48b9463c83a3ebc92 - Path: Assets/Scripts/Sound/MusicPlayer.cs - Importer: ScriptedImporter/UnityEditor.QuickSearchModule:UnityEditor.Search:ASIAI0B -> (ImportResultId: 'eeca402775df0d6518b49b0cc5d802eb') in 0.0191336 seconds
[Worker0] Imported GUID: ff94c47184904d742864c81ea503d22f - Path: Assets/Assets/Dash_assets/Models/Ascensor/ascensor_vidrio.fbx - Importer: ScriptedImporter/UnityEditor.QuickSearchModule:UnityEditor.Search:ASIAI0B -> (ImportResultId: 'a493a15869d0e826665ea8d3ec7f4320') in 0.0685548 seconds
[Worker0] Imported GUID: b7ff3aafbbb33f24a84661be0c668bed - Path: Assets/Assets/Dash_assets/Models/mitrovica tunnel.fbx - Importer: ScriptedImporter/UnityEditor.QuickSearchModule:UnityEditor.Search:ASIAI0B -> (ImportResultId: '492573421f1977d5675cd3aabcc92dce') in 0.0487129 seconds
[Worker0] Imported GUID: 5824e4f312910c7499c21598d919f6d4 - Path: Assets/Assets/Dash_assets/Models/Ascensor - Importer: ScriptedImporter/UnityEditor.QuickSearchModule:UnityEditor.Search:ASIAI0B -> (ImportResultId: 'f19a064db2c780882f9817a3402418fc') in 0.0171254 seconds
[Worker0] Imported GUID: f2cef0ebd87998541ad6bfbd5cadcaa5 - Path: Assets/Assets/Dash_assets/Materials/Mitrovica_material/Mitrovica_material.mat - Importer: ScriptedImporter/UnityEditor.QuickSearchModule:UnityEditor.Search:ASIAI0B -> (ImportResultId: '777d75a8d99b196aad9335742936d10d') in 0.0453825 seconds
[Worker0] Imported GUID: ccf6bcef629c598468d0998490661c0f - Path: Assets/_Recovery/0 (4).unity - Importer: ScriptedImporter/UnityEditor.QuickSearchModule:UnityEditor.Search:ASIAI0B -> (ImportResultId: 'f5efe3ab233d20620e0820a68133ce96') in 0.023912 seconds
[Worker0] Imported GUID: 743577bbc2a798e42ba3d0287b9a0d09 - Path: Assets/Assets/Dash_assets/Materials/Ascensor_textures/Mechanismo/Mechanismo.mat - Importer: ScriptedImporter/UnityEditor.QuickSearchModule:UnityEditor.Search:ASIAI0B -> (ImportResultId: '3dfb6651fb4c793a4bbdacbb75df5026') in 0.0396655 seconds
[Worker0] Imported GUID: 9a2cfb04c5d936745af9dda36e74e596 - Path: Assets/Assets/Dash_assets/Materials/Ascensor_textures/Ceiling/HEIGHT.png - Importer: ScriptedImporter/UnityEditor.QuickSearchModule:UnityEditor.Search:ASIAI0B -> (ImportResultId: '20f6ec5652f48a03ba7e494a1b3dc418') in 0.0218784 seconds
[Worker0] Imported GUID: 5b63ee1e883f7f04c928ba53f7eaa538 - Path: Assets/Assets/Dash_assets/Materials/Ascensor_textures/Vidrio - Importer: ScriptedImporter/UnityEditor.QuickSearchModule:UnityEditor.Search:ASIAI0B -> (ImportResultId: 'cb12a3d6b4bd7a4f77babd0ef84b5d6e') in 0.0194632 seconds
[Worker0] Imported GUID: 9596b54838a1a6945a604783e42035ab - Path: Assets/Assets/Dash_assets/Materials/Ascensor_textures/Mechanismo/ascensor_mechanismo_openPBR_shader1_MetallicSmoothness.png - Importer: ScriptedImporter/UnityEditor.QuickSearchModule:UnityEditor.Search:ASIAI0B -> (ImportResultId: 'efc446fd1ef93157a4754d390d32ca67') in 0.0276846 seconds
[Worker0] Imported GUID: 0d8a371c2410bf149afcd3956c4a3345 - Path: Assets/Fonts/BebasNeue-Regular SDF.asset - Importer: ScriptedImporter/UnityEditor.QuickSearchModule:UnityEditor.Search:ASIAI0B -> (ImportResultId: 'a656ab663baca644a452c639737dd232') in 0.0617857 seconds
[Worker0] Imported GUID: ea260c52295ac264b8f9d6e0e376da0e - Path: Assets/Assets/Dash_assets/Materials/Ascensor_textures/Vidrio/Opacity.png - Importer: ScriptedImporter/UnityEditor.QuickSearchModule:UnityEditor.Search:ASIAI0B -> (ImportResultId: '1946206e2194327a1ff1d945edd327e9') in 0.023696 seconds
[Worker0] Imported GUID: 53ade44fb0534f64680f9624d68ad469 - Path: Assets/Assets/Dash_assets/Materials/Ascensor_textures/Carcas/ascensor_carcas_openPBR_shader1_MetallicSmoothness.png - Importer: ScriptedImporter/UnityEditor.QuickSearchModule:UnityEditor.Search:ASIAI0B -> (ImportResultId: '8e7784208ad5bdd09220d85a09e98a33') in 0.0236628 seconds
UPID Received '7b869006-e826-40a1-8a4b-fb1e0a37c8e1'.
[Worker0] Imported GUID: acd514dc9f9faa145bcc84184abe9e18 - Path: Assets/Assets/Dash_assets/Materials/Mitrovica_material/Height.png - Importer: ScriptedImporter/UnityEditor.QuickSearchModule:UnityEditor.Search:ASIAI0B -> (ImportResultId: 'eff7ea5477c48e7c0411318731002648') in 0.0269656 seconds
[Worker0] Imported GUID: fe4c0c9be234baf45ba5d1cd9260b7e8 - Path: Assets/Assets/Dash_assets/Materials/Ascensor_textures/Carcas/ascensor_carcas_openPBR_shader1_AlbedoTransparency.png - Importer: ScriptedImporter/UnityEditor.QuickSearchModule:UnityEditor.Search:ASIAI0B -> (ImportResultId: '92f4ca25e0685e1f4c9acc40e89a9c1d') in 0.0229701 seconds
[Worker0] Imported GUID: 84b16585236622b4fb4bdc760009eb8e - Path: Assets/Assets/Dash_assets/Materials/Ascensor_textures/Carcas - Importer: ScriptedImporter/UnityEditor.QuickSearchModule:UnityEditor.Search:ASIAI0B -> (ImportResultId: 'a6c9580770812a2db1fb181a0c87e9b5') in 0.0172414 seconds
[Worker0] Imported GUID: 310065ea20b15d748b63a06da25e13bc - Path: Assets/Assets/Dash_assets/Materials/Mitrovica_tunnel/AO.png - Importer: ScriptedImporter/UnityEditor.QuickSearchModule:UnityEditor.Search:ASIAI0B -> (ImportResultId: 'bedf1064877211f2b64d0bac54b4a7cd') in 0.0222596 seconds
[Worker0] Imported GUID: 361e28e5b458b5446a4b13356db50eac - Path: Assets/Scenes/MineShaft.unity - Importer: ScriptedImporter/UnityEditor.QuickSearchModule:UnityEditor.Search:ASIAI0B -> (ImportResultId: '8af04df151333a4a4f845c3f7181ce37') in 0.0226704 seconds
[Worker0] Imported GUID: 148c2f2fb47831c4a896ac3e5d7f7dc7 - Path: Assets/Assets/Dash_assets/Shaders/Tunnels - Importer: ScriptedImporter/UnityEditor.QuickSearchModule:UnityEditor.Search:ASIAI0B -> (ImportResultId: 'd4475afed36a2aeca470ced55f6b9284') in 0.0192865 seconds
[Worker0] Imported GUID: a06ac6cfd2c27c04b98129f3bb74083c - Path: Assets/Assets/Dash_assets/Shaders/Tunnels/Modular_mine_tunnels - Importer: ScriptedImporter/UnityEditor.QuickSearchModule:UnityEditor.Search:ASIAI0B -> (ImportResultId: '438d7b5a9f678a38c9c3ec65eff650c2') in 0.0193749 seconds
[Worker0] Imported GUID: 6a459aac0c390114f99b95ecc8a25ff2 - Path: Assets/Scripts/New Material.mat - Importer: ScriptedImporter/UnityEditor.QuickSearchModule:UnityEditor.Search:ASIAI0B -> (ImportResultId: 'ae1fce98239e10a62ecadd4355010935') in 0.0244597 seconds
[Worker0] Imported GUID: b2494aafd72aecd47ad7426d3443838e - Path: Assets/Assets/Dash_assets/Materials/Mitrovica_material/mitrovica monument_openPBR_shader1_AlbedoTransparency.png - Importer: ScriptedImporter/UnityEditor.QuickSearchModule:UnityEditor.Search:ASIAI0B -> (ImportResultId: 'd054fa8ac11489353ce59142a318d8a8') in 0.0252931 seconds
[Worker0] Imported GUID: 81b86ead9e4646747a729f2e30bbd614 - Path: Assets/Assets/Dash_assets/Materials/Ascensor_textures/Mechanismo/AO.png - Importer: ScriptedImporter/UnityEditor.QuickSearchModule:UnityEditor.Search:ASIAI0B -> (ImportResultId: 'c564248713e19d3cb15fe2d128835ab3') in 0.024806 seconds
[Worker0] Imported GUID: e2670774d85f3ad43a97685062fdae60 - Path: Assets/Assets/Dash_assets/Shaders/Interactive_particle.vfx - Importer: ScriptedImporter/UnityEditor.QuickSearchModule:UnityEditor.Search:ASIAI0B -> (ImportResultId: 'dc049b3afb6064d8709133c37c995efb') in 0.0296721 seconds
[Worker0] Imported GUID: 22bd066f4808d3d4b8c92339e362317f - Path: Assets/Assets/Dash_assets/Materials/Mitrovica_material - Importer: ScriptedImporter/UnityEditor.QuickSearchModule:UnityEditor.Search:ASIAI0B -> (ImportResultId: '311f8f878bb207cf5d18baf4bdff2c44') in 0.0160069 seconds
[Worker0] Imported GUID: d7df19ba19d3ae8438c1560c1c226107 - Path: Assets/Assets/Dash_assets/Terrain/New Shader Graph.shadergraph - Importer: ScriptedImporter/UnityEditor.QuickSearchModule:UnityEditor.Search:ASIAI0B -> (ImportResultId: '153b0b26daaba1eb328b413dc5d6a716') in 0.0386108 seconds
[Worker0] Imported GUID: 1fcf7ba7188701a40a68343cda13bc59 - Path: Assets/Assets/Dash_assets/Materials/Ascensor_textures/Ceiling/ascensor_suelo_openPBR_shader1_Normal.png - Importer: ScriptedImporter/UnityEditor.QuickSearchModule:UnityEditor.Search:ASIAI0B -> (ImportResultId: '4de3f363996683734cce73a398a5e04a') in 0.0233639 seconds
[Worker0] Imported GUID: 3d9f50bed27a1cc4e996ddb86f0e7876 - Path: Assets/Assets/Dash_assets/Materials/Mitrovica_tunnel/Mitrovica_tunnel.mat - Importer: ScriptedImporter/UnityEditor.QuickSearchModule:UnityEditor.Search:ASIAI0B -> (ImportResultId: 'c1321ff7e0a6d97eda312252410e080f') in 0.0380017 seconds
[Worker0] Imported GUID: 7d1280d55d5b0f347ba5c039f47e0114 - Path: Assets/Assets/Dash_assets/Materials/Mitrovica_material/mitrovica monument_openPBR_shader1_Normal.png - Importer: ScriptedImporter/UnityEditor.QuickSearchModule:UnityEditor.Search:ASIAI0B -> (ImportResultId: '7a5c178aad601612782c63ae63b9b000') in 0.0251989 seconds
[Worker0] Imported GUID: 744d8266e59d12a44a24480418dafa42 - Path: Assets/Scenes/MenuPrincipal.unity - Importer: ScriptedImporter/UnityEditor.QuickSearchModule:UnityEditor.Search:ASIAI0B -> (ImportResultId: 'bf2820bb321f7f91a3efbab53c20432b') in 0.0196308 seconds
[Worker0] Imported GUID: 153aa4bab5191304e9038b59b3acda02 - Path: Assets/Assets/Dash_assets/Materials/Ascensor_textures/Plataforma - Importer: ScriptedImporter/UnityEditor.QuickSearchModule:UnityEditor.Search:ASIAI0B -> (ImportResultId: '5360b36de85d94d973ca4f497aaaff36') in 0.0203555 seconds
[Worker0] Imported GUID: 962b5dc45f48b6842ac18864f333fc13 - Path: Assets/Assets/Dash_assets/Models/trigger.fbx - Importer: ScriptedImporter/UnityEditor.QuickSearchModule:UnityEditor.Search:ASIAI0B -> (ImportResultId: 'a1a840f49513e03663e162f3df318a8f') in 0.0267263 seconds
[Worker0] Imported GUID: 93d59f7679d1771429e8b2812fe4ef9b - Path: Assets/Assets/Dash_assets/Materials/Ascensor_textures/Plataforma/ascensor_plataforma_openPBR_shader1_Normal.png - Importer: ScriptedImporter/UnityEditor.QuickSearchModule:UnityEditor.Search:ASIAI0B -> (ImportResultId: '2510cbf0bb7fe876de77aec4c810b951') in 0.0294995 seconds
[Worker0] Imported GUID: 63db882bcdc435546925c6a16dd8328c - Path: Assets/Assets/Dash_assets/Models/Mines/mine_60k/building construction.mat - Importer: ScriptedImporter/UnityEditor.QuickSearchModule:UnityEditor.Search:ASIAI0B -> (ImportResultId: '8e0b98d8e81f62d99813eefa5f1d47b5') in 0.03572 seconds
[Worker0] Imported GUID: 8e184b621da033448b5d1be6795682fd - Path: Assets/Assets/Dash_assets/Models/Ascensor/ascensor_plataforma.fbx - Importer: ScriptedImporter/UnityEditor.QuickSearchModule:UnityEditor.Search:ASIAI0B -> (ImportResultId: 'b1cde13e7c4e9fc74034c91a94243d73') in 0.0247365 seconds
[Worker0] Imported GUID: 8aa696b8332607941bb4faf66388d73a - Path: Assets/Assets/Dash_assets/Materials/Ascensor_textures/Carcas/HEIGHT.png - Importer: ScriptedImporter/UnityEditor.QuickSearchModule:UnityEditor.Search:ASIAI0B -> (ImportResultId: '9eb0339549473dd6959b3108422b7150') in 0.0208282 seconds
[Worker0] Imported GUID: f3ca65690559e1941aebb6bb4592b256 - Path: Assets/Assets/Dash_assets/Materials/Ascensor_textures/Plataforma/ascensor_plataforma_openPBR_shader1_AlbedoTransparency.png - Importer: ScriptedImporter/UnityEditor.QuickSearchModule:UnityEditor.Search:ASIAI0B -> (ImportResultId: 'dea6739834cd8d1517cb6ac00484a101') in 0.0223636 seconds
[Worker0] Imported GUID: 6e080ae54f5386e44b688b72f3b317c7 - Path: Assets/Assets/Dash_assets/Materials/Ascensor_textures/Vidrio/ascensor_vidrio_openPBR_shader1_SpecularSmoothness.png - Importer: ScriptedImporter/UnityEditor.QuickSearchModule:UnityEditor.Search:ASIAI0B -> (ImportResultId: '8dd0afd7422c090ee86cd55a0c09ad3d') in 0.0238772 seconds
[Worker0] Imported GUID: 07edf2cee72e318428c19095132bbc87 - Path: Assets/Assets/Dash_assets/Models/trigger.mat - Importer: ScriptedImporter/UnityEditor.QuickSearchModule:UnityEditor.Search:ASIAI0B -> (ImportResultId: '0f978fabe1429819bf80423c858d2703') in 0.0183351 seconds
[Worker0] Imported GUID: ccbe17c18750ad648803cdc99e4bda72 - Path: Assets/Assets/Dash_assets/Materials/Ascensor_textures/Mechanismo/ascensor_mechanismo_openPBR_shader1_AlbedoTransparency.png - Importer: ScriptedImporter/UnityEditor.QuickSearchModule:UnityEditor.Search:ASIAI0B -> (ImportResultId: 'bda5b005e7c23f27fee34a0e414c2f58') in 0.0226787 seconds
[Worker0] Imported GUID: 69609b211c34c874f843f0d6f418dd83 - Path: Assets/Assets/Dash_assets/Materials/Ascensor_textures/Carcas/ascensor_carcas_openPBR_shader1_Normal.png - Importer: ScriptedImporter/UnityEditor.QuickSearchModule:UnityEditor.Search:ASIAI0B -> (ImportResultId: 'cb01d32168d511d88e7443cb8815b4b3') in 0.0284365 seconds
[Worker0] Imported GUID: 77de362e084feea4ca1c85c0cffae777 - Path: Assets/Assets/Dash_assets/Materials/Ascensor_textures/Ceiling/ascensor_suelo_openPBR_shader1_MetallicSmoothness.png - Importer: ScriptedImporter/UnityEditor.QuickSearchModule:UnityEditor.Search:ASIAI0B -> (ImportResultId: '201ec60ad975dbeaf3f148a565c5cb25') in 0.0291359 seconds
[Worker0] Imported GUID: d4930abbb6d49784ea72af39c63c4566 - Path: Assets/Assets/Dash_assets/Models/Mines/mine_60k/building construction_Mixed_AO.png - Importer: ScriptedImporter/UnityEditor.QuickSearchModule:UnityEditor.Search:ASIAI0B -> (ImportResultId: 'f9f1cc8f2d2d6dc60108a6bfeb613a93') in 0.0207968 seconds
[Worker0] Imported GUID: 917a4d0773b8f414ea6c1b95c10c55fd - Path: Assets/Assets/Dash_assets/Models/mitrovica monument.fbx - Importer: ScriptedImporter/UnityEditor.QuickSearchModule:UnityEditor.Search:ASIAI0B -> (ImportResultId: '484f1a2860e6c4ad324204d2365df229') in 0.0217857 seconds
[Worker0] Imported GUID: e5925c4526a60af4fb057a8a194adcb1 - Path: Assets/Assets/Dash_assets/Models/Mines/mine_60k/building construction_Metallic.png - Importer: ScriptedImporter/UnityEditor.QuickSearchModule:UnityEditor.Search:ASIAI0B -> (ImportResultId: '936168c82075c77d1654fe377f100383') in 0.0215767 seconds
[Worker0] Imported GUID: 80707010fd47f544f9517690d9495d07 - Path: Assets/_Recovery/0 (3).unity - Importer: ScriptedImporter/UnityEditor.QuickSearchModule:UnityEditor.Search:ASIAI0B -> (ImportResultId: '1e89bb7ee43b0458a7daa785b69e4f04') in 0.0210431 seconds
[Worker0] Imported GUID: 7b549c98c7233294cabde9438d00afc1 - Path: Assets/Assets/Dash_assets/Materials/Ascensor_textures/Plataforma/ascensor_plataforma_openPBR_shader1_MetallicSmoothness.png - Importer: ScriptedImporter/UnityEditor.QuickSearchModule:UnityEditor.Search:ASIAI0B -> (ImportResultId: '836702d30b70e034093697350cce8344') in 0.0233879 seconds
[Licensing::Client] Successfully resolved entitlement details
[Worker0] Imported GUID: 208277a6ac8e15748851c0db077e5523 - Path: Assets/Assets/Dash_assets/Characters/Controller.controller - Importer: ScriptedImporter/UnityEditor.QuickSearchModule:UnityEditor.Search:ASIAI0B -> (ImportResultId: 'e64b1f02b761588d3d5391ebe0a6c42b') in 0.0933454 seconds
[Worker0] Imported GUID: d1e6f73fb9189804ab4d88247633975a - Path: Assets/Assets/Dash_assets/Materials/Mitrovica_tunnel/mitrovica tunnel_openPBR_shader1_Normal.png - Importer: ScriptedImporter/UnityEditor.QuickSearchModule:UnityEditor.Search:ASIAI0B -> (ImportResultId: '6720ca8a8dc11386a4c260a74f7053ba') in 0.0244212 seconds
[Worker0] Imported GUID: 9b77bee3a7de0da4dab1287cd91a46fa - Path: Assets/Assets/Dash_assets/Models/openPBR_shader1.mat - Importer: ScriptedImporter/UnityEditor.QuickSearchModule:UnityEditor.Search:ASIAI0B -> (ImportResultId: '885fd2cb78d04f99d55e3995e8697e6a') in 0.020818 seconds
[Worker0] Imported GUID: b77cb6e60d695c843826ce8414f9b8a8 - Path: Assets/Assets/Dash_assets/Materials/Ascensor_textures/Ceiling/Ceiling & suelo.mat - Importer: ScriptedImporter/UnityEditor.QuickSearchModule:UnityEditor.Search:ASIAI0B -> (ImportResultId: '4b5959998043dc1fd10013004471a2dd') in 0.0325879 seconds
[Worker0] Imported GUID: 5dda14fd5a3c50e408b6a9f80a5c1094 - Path: Assets/Assets/Dash_assets/Materials/Mitrovica_material/AO.png - Importer: ScriptedImporter/UnityEditor.QuickSearchModule:UnityEditor.Search:ASIAI0B -> (ImportResultId: '4180e98f214dd60a923079c9fc2f6891') in 0.0227184 seconds
[Worker0] Imported GUID: 00eb35df9cd43f9459c9cafdbc3f519a - Path: Assets/Assets/Dash_assets/Shaders/FullScreenPassRendererFeature.shadergraph - Importer: ScriptedImporter/UnityEditor.QuickSearchModule:UnityEditor.Search:ASIAI0B -> (ImportResultId: '980e0d9051b41e6b363317522947b43c') in 0.0583132 seconds
[Worker0] Imported GUID: 4d278e58078b07a4db9fc971b3194d0b - Path: Assets/Assets/Dash_assets/Materials/Ascensor_textures/Ceiling - Importer: ScriptedImporter/UnityEditor.QuickSearchModule:UnityEditor.Search:ASIAI0B -> (ImportResultId: 'bad8e631a8b3acdd836485c266dda6bb') in 0.019499 seconds
[Worker0] Imported GUID: 3ae9d57174b500c4fa232f23a168ddd3 - Path: Assets/Assets/Dash_assets/Models/Mines/mine_60k - Importer: ScriptedImporter/UnityEditor.QuickSearchModule:UnityEditor.Search:ASIAI0B -> (ImportResultId: 'f75d19411851e0d85eb676c3f7d5b63d') in 0.016824 seconds
[Worker0] Imported GUID: 100eebb80d7d1d744a28d5d1a9efba93 - Path: Assets/Assets/Dash_assets/Models/Ascensor/ascensor_suelo.fbx - Importer: ScriptedImporter/UnityEditor.QuickSearchModule:UnityEditor.Search:ASIAI0B -> (ImportResultId: '359ccb1b7f978e72a419b29ca00ed5ea') in 0.020805 seconds
[Worker0] Imported GUID: 75a7344a956063f4db4df7260ef472a6 - Path: Assets/Animations/Idle.anim - Importer: ScriptedImporter/UnityEditor.QuickSearchModule:UnityEditor.Search:ASIAI0B -> (ImportResultId: '91d1fc9888ebd72715157efe3e5e9797') in 0.0734461 seconds
[Worker0] Imported GUID: 01d1cb896b350d14b9f1d788867245ad - Path: Assets/Scripts/Sound/VolumeControl.cs - Importer: ScriptedImporter/UnityEditor.QuickSearchModule:UnityEditor.Search:ASIAI0B -> (ImportResultId: 'c83c22184d28b1fae90f8bb26b07cf81') in 0.0137702 seconds
[Worker0] Imported GUID: 47338036a98491243b433f8bd5da9fe2 - Path: Assets/Assets/Dash_assets/Models/Mines/mine_60k/building construction_Normal.png - Importer: ScriptedImporter/UnityEditor.QuickSearchModule:UnityEditor.Search:ASIAI0B -> (ImportResultId: '671d0bdb198c1e2c3b8906cbb62654d1') in 0.0233401 seconds
[Worker0] Imported GUID: 8de092d325b9c1d48bf89aa4cf76c07a - Path: Assets/Assets/Dash_assets/Shaders/Tunnels/Modular_mine_tunnels/08 Turn_L.fbx - Importer: ScriptedImporter/UnityEditor.QuickSearchModule:UnityEditor.Search:ASIAI0B -> (ImportResultId: '68c120d63118ba8edb1c4e1f3b52e0f9') in 0.038236 seconds
[Worker0] Imported GUID: 5a665d75388cad348897064865e509b9 - Path: Assets/Assets/Dash_assets/Materials/Ascensor_textures/Carcas/AO.png - Importer: ScriptedImporter/UnityEditor.QuickSearchModule:UnityEditor.Search:ASIAI0B -> (ImportResultId: 'eabd878a4cac00188543c2e0de3727ad') in 0.0226737 seconds
[Worker0] Imported GUID: eabc9f0fa5090af43813e62ef5d228cb - Path: Assets/Assets/Dash_assets/Models/Ascensor/ascensor_mechanismo.fbx - Importer: ScriptedImporter/UnityEditor.QuickSearchModule:UnityEditor.Search:ASIAI0B -> (ImportResultId: 'e93c5975dc7906d87e489535175993dc') in 0.020063 seconds
[Worker0] Imported GUID: 099f29cdf65b0f14991b1e22f5ccb1d1 - Path: Assets/Assets/Dash_assets/Materials/Ascensor_textures - Importer: ScriptedImporter/UnityEditor.QuickSearchModule:UnityEditor.Search:ASIAI0B -> (ImportResultId: 'db414987ac8db02b5f1cf167b341ac70') in 0.0148674 seconds
[Worker0] Imported GUID: e85a004ac591fe147a186863463d7536 - Path: Assets/Assets/Dash_assets/Shaders/Tunnels/Modular_mine_tunnels/01_TubeStraight_5Meter.fbx - Importer: ScriptedImporter/UnityEditor.QuickSearchModule:UnityEditor.Search:ASIAI0B -> (ImportResultId: '7ab59f938bab2f84e154097093da9a0e') in 0.0331622 seconds
[Worker0] Imported GUID: 0345a518fb560eb42974d7b7d3427bbb - Path: Assets/Assets/Dash_assets/Materials/Mitrovica_tunnel/mitrovica tunnel_openPBR_shader1_AlbedoTransparency.png - Importer: ScriptedImporter/UnityEditor.QuickSearchModule:UnityEditor.Search:ASIAI0B -> (ImportResultId: 'cb3e6bffa7d16c7809ca57955e8e9608') in 0.0236916 seconds
[Worker0] Imported GUID: 526f74a63f5316b44bb070c2b6cd354c - Path: Assets/Assets/Dash_assets/Terrain/terrain_uv_reduced_terrain_AlbedoTransparency.png - Importer: ScriptedImporter/UnityEditor.QuickSearchModule:UnityEditor.Search:ASIAI0B -> (ImportResultId: '1de44ffc82166a52fa88dc8613ca42bf') in 0.0243579 seconds
[Worker0] Imported GUID: 8de7525c5fad2524aaa2233bc1ff41de - Path: Assets/Assets/Dash_assets/Materials/Ascensor_textures/Carcas/Carcas.mat - Importer: ScriptedImporter/UnityEditor.QuickSearchModule:UnityEditor.Search:ASIAI0B -> (ImportResultId: '8c4bc3626021f0e6c950f3aafa5fc3f7') in 0.0328409 seconds
[Worker0] Imported GUID: c6ee41865b424d14b9592303cfad1e2f - Path: Assets/Assets/Dash_assets/Shaders/Tunnels/Modular_mine_tunnels/07 N Joint.fbx - Importer: ScriptedImporter/UnityEditor.QuickSearchModule:UnityEditor.Search:ASIAI0B -> (ImportResultId: '306d4fdf4238ed0780437eab9ccc22df') in 0.0333572 seconds
[Worker0] Imported GUID: ea5c9e29099bdfc4392329b4a2f9fad1 - Path: Assets/Assets/Dash_assets/Shaders/Tunnels/Modular_mine_tunnels/08 Turn_R.fbx - Importer: ScriptedImporter/UnityEditor.QuickSearchModule:UnityEditor.Search:ASIAI0B -> (ImportResultId: 'a6b2f645270faac7d5299aba30296d1c') in 0.0347502 seconds
[Worker0] Imported GUID: 3dbea4dd59d515e46b0b43597b3ced87 - Path: Assets/Assets/Dash_assets/Materials/Ascensor_textures/Mechanismo/ascensor_mechanismo_openPBR_shader1_Normal.png - Importer: ScriptedImporter/UnityEditor.QuickSearchModule:UnityEditor.Search:ASIAI0B -> (ImportResultId: '238972a301235de21c3db2cc49bc2807') in 0.0239855 seconds
[Worker0] Imported GUID: 2d6fd370750c136429c559230def9733 - Path: Assets/Assets/Dash_assets/Shaders/Tunnels/Modular_mine_tunnels/03_Tunnel_Raise_Turn_L.fbx - Importer: ScriptedImporter/UnityEditor.QuickSearchModule:UnityEditor.Search:ASIAI0B -> (ImportResultId: 'afcc462c4ead99508b9f46dba98ec133') in 0.0335584 seconds
Worker ready: AssetImportWorkerHW1 1
[Worker0] Imported GUID: cce3c703ad2716a4c862faa311e18c98 - Path: Assets/Assets/Dash_assets/Models/Tripod_lamp_1.fbx - Importer: ScriptedImporter/UnityEditor.QuickSearchModule:UnityEditor.Search:ASIAI0B -> (ImportResultId: '6614a4523daaaca8efdf57fed032ca60') in 0.0293218 seconds
[Worker0] Imported GUID: 1124acaa2e2669346b0c5625c8cee7af - Path: Assets/Scripts/LightPath.shadergraph - Importer: ScriptedImporter/UnityEditor.QuickSearchModule:UnityEditor.Search:ASIAI0B -> (ImportResultId: '45c954014eca246524511ed2968f76c5') in 0.0218305 seconds
Worker ready: AssetImportWorkerHW2 2
[Worker0] Imported GUID: 44e9f301c325d7841b9a4c8363f4818e - Path: Assets/Assets/Dash_assets/Shaders/Tunnels/Section_U.fbx - Importer: ScriptedImporter/UnityEditor.QuickSearchModule:UnityEditor.Search:ASIAI0B -> (ImportResultId: 'b4102c8a53dcfd4b1218a56a192ad9a6') in 0.0297148 seconds
[Worker0] Imported GUID: 5a2a63d1b57a2124fb9f3a890912ab85 - Path: Assets/Assets/Dash_assets/Materials/Ascensor_textures/Plataforma/ascensor_plataforma_openPBR_shader1_Emission.png - Importer: ScriptedImporter/UnityEditor.QuickSearchModule:UnityEditor.Search:ASIAI0B -> (ImportResultId: '363e5e97a10c86f976b721ab9f7c5875') in 0.0240774 seconds
[Worker0] Imported GUID: a986d505761bbeb479a93c1c0dd09ee5 - Path: Assets/Assets/Dash_assets/Materials/Ascensor_textures/Mechanismo - Importer: ScriptedImporter/UnityEditor.QuickSearchModule:UnityEditor.Search:ASIAI0B -> (ImportResultId: 'fc143003ccd4a6c23d65f57addb4471a') in 0.019172 seconds
[Worker0] Imported GUID: 1b282e95bfec2ea4b93fff7c0a43f9dd - Path: Assets/Assets/Dash_assets/Shaders/Tunnels/Modular_mine_tunnels/03_Tunnel_Raise_Turn_L_Short.fbx - Importer: ScriptedImporter/UnityEditor.QuickSearchModule:UnityEditor.Search:ASIAI0B -> (ImportResultId: '491f5bd34f86b75f12cfcd5ad3c4805f') in 0.0365538 seconds
[Worker0] Imported GUID: 20985133e739b3a47a35ed71f16247e7 - Path: Assets/Assets/Dash_assets/Music/VFX.mixer - Importer: ScriptedImporter/UnityEditor.QuickSearchModule:UnityEditor.Search:ASIAI0B -> (ImportResultId: 'dbf895870cacd0014c261b95ce763fb8') in 0.0305962 seconds
[Worker0] Imported GUID: f84e717f229e63c46aab595beb1c6e15 - Path: Assets/Assets/Dash_assets/Shaders/turbulence 2 - 512x512.png - Importer: ScriptedImporter/UnityEditor.QuickSearchModule:UnityEditor.Search:ASIAI0B -> (ImportResultId: '36754cdb76f5ee4f128c3039885e9b00') in 0.021794 seconds
[Worker0] Imported GUID: 0824c8b42291af941a69e3a82df709f7 - Path: Assets/Assets/Dash_assets/Shaders/pngtree-rock-abstract-texture-background-png-image_17189548.png - Importer: ScriptedImporter/UnityEditor.QuickSearchModule:UnityEditor.Search:ASIAI0B -> (ImportResultId: '74f451e65b8f3ec968d46849ea1f1958') in 0.0257486 seconds
[Worker0] Imported GUID: ccc2b532d6ba77b42816c3fe4aebb244 - Path: Assets/Assets/Dash_assets/Shaders/Tunnels/Modular_mine_tunnels/06 Cross_Joint.fbx - Importer: ScriptedImporter/UnityEditor.QuickSearchModule:UnityEditor.Search:ASIAI0B -> (ImportResultId: '9fa98f1005bd27b04bb7e91b74c349a6') in 0.0390098 seconds
[Worker0] Imported GUID: cc24272826671a743a776a79bb7bb5f8 - Path: Assets/Assets/Dash_assets/Shaders/Tunnels/Modular_mine_tunnels/03_Tunnel_Raise_Turn_R_Short.fbx - Importer: ScriptedImporter/UnityEditor.QuickSearchModule:UnityEditor.Search:ASIAI0B -> (ImportResultId: '8f0cf8e32a3318dfa50f96433c3e2ecb') in 0.0366623 seconds
[Worker0] Imported GUID: d03aa85b32235f649b6cdf6344fd7748 - Path: Assets/Assets/Dash_assets/Models/Mines/mine_60k/building construction_Height.png - Importer: ScriptedImporter/UnityEditor.QuickSearchModule:UnityEditor.Search:ASIAI0B -> (ImportResultId: '0f95f4f69a1140310d9d2a15bcf016f8') in 0.0220003 seconds
[Worker0] Imported GUID: 11a8a839e7c640b498533cebf97e6f6a - Path: Assets/Assets/Dash_assets/Terrain/terrain_uv_reduced_terrain_Normal.png - Importer: ScriptedImporter/UnityEditor.QuickSearchModule:UnityEditor.Search:ASIAI0B -> (ImportResultId: '869197cbc56b3ff7fd11f9be51c853c6') in 0.0289549 seconds
[Worker0] Imported GUID: f2d712882b0ba6640ba326a93d7c7a44 - Path: Assets/Assets/Dash_assets/Terrain/terrain_uv_reduced_terrain_Emission.png - Importer: ScriptedImporter/UnityEditor.QuickSearchModule:UnityEditor.Search:ASIAI0B -> (ImportResultId: 'a2cfe10861e69e980b2e45bdab3ccee2') in 0.0242912 seconds
[Worker0] Imported GUID: 74519621a898fe646b57c0c618a59e0a - Path: Assets/Assets/Dash_assets/Shaders/Tunnels/Modular_mine_tunnels/09 Half_Turn_R.fbx - Importer: ScriptedImporter/UnityEditor.QuickSearchModule:UnityEditor.Search:ASIAI0B -> (ImportResultId: '90c4b8e6d4c952b55e055d3f8d39ca7b') in 0.0400261 seconds
[Worker0] Imported GUID: fd5b229b162fbc94a9ea782d9aa2dfd1 - Path: Assets/Assets/Dash_assets/Shaders/1520113829437.jpg - Importer: ScriptedImporter/UnityEditor.QuickSearchModule:UnityEditor.Search:ASIAI0B -> (ImportResultId: 'b1a26731c4e038b73e80ded12865d946') in 0.0281075 seconds
[Worker0] Imported GUID: f47d7c252f54a384b8eb000dc845bf2b - Path: Assets/Assets/Dash_assets/Models/Ascensor/ascensor_carcas.fbx - Importer: ScriptedImporter/UnityEditor.QuickSearchModule:UnityEditor.Search:ASIAI0B -> (ImportResultId: 'f4e83ba5f4d853b3197fa93dcb8031b9') in 0.0219074 seconds
[Worker0] Imported GUID: ca792cd225e591f4a81c06abf9e33768 - Path: Assets/Assets/Dash_assets/Music/NewAudioMixer.mixer - Importer: ScriptedImporter/UnityEditor.QuickSearchModule:UnityEditor.Search:ASIAI0B -> (ImportResultId: 'b2834d2bf926fa2d0e65aa7d608e2552') in 0.0203299 seconds
[Worker0] Imported GUID: 8e012e046dd4331468f0b6c7bb378475 - Path: Assets/Assets/Dash_assets/Music/Shlohmo - Apathy.mp3 - Importer: ScriptedImporter/UnityEditor.QuickSearchModule:UnityEditor.Search:ASIAI0B -> (ImportResultId: '4d38bd5db57f25bb93b40596a77e8c92') in 0.0213469 seconds
[Worker0] Imported GUID: 681989faaa29d244d8121edb3a9f9f0c - Path: Assets/Animations/Jumping (1).anim - Importer: ScriptedImporter/UnityEditor.QuickSearchModule:UnityEditor.Search:ASIAI0B -> (ImportResultId: 'fbea8b48135813934e354f0833ef837f') in 0.0377247 seconds
[Worker0] Imported GUID: c8ed9eee8028b0e44b898854e73569bf - Path: Assets/Assets/Dash_assets/Materials/Mitrovica_tunnel/HEIGHT.png - Importer: ScriptedImporter/UnityEditor.QuickSearchModule:UnityEditor.Search:ASIAI0B -> (ImportResultId: '3c3d8b98ab9e80302f374de5899fb6cb') in 0.0234176 seconds
[Worker0] Imported GUID: ed07c706c2d3d364fa2416aed02fbc10 - Path: Assets/Assets/Dash_assets/Materials/Mitrovica_tunnel/mitrovica tunnel_openPBR_shader1_MetallicSmoothness.png - Importer: ScriptedImporter/UnityEditor.QuickSearchModule:UnityEditor.Search:ASIAI0B -> (ImportResultId: '0d07fdde38dcd2ea69197c27dbee1625') in 0.0218525 seconds
[Worker0] Imported GUID: 3c0c4713051a2c6418c5238c15ae4571 - Path: Assets/Scripts/UI/CursorManager.cs - Importer: ScriptedImporter/UnityEditor.QuickSearchModule:UnityEditor.Search:ASIAI0B -> (ImportResultId: 'bd1c48b6bd8d4c52ec498c9892d76e44') in 0.0192188 seconds
[Worker0] Imported GUID: 0a792b1eb2428884e83007e9a6bda1c0 - Path: Assets/Assets/Dash_assets/Models/Mines/mine_60k/building construction_Base_color.png - Importer: ScriptedImporter/UnityEditor.QuickSearchModule:UnityEditor.Search:ASIAI0B -> (ImportResultId: 'd6138aa735dc7448ac68c7476dd4d000') in 0.0264214 seconds
[Worker0] Imported GUID: 7d96e81270b90584d9f1ef29581535aa - Path: Assets/Scripts/LoadSceneOnTrigger.cs - Importer: ScriptedImporter/UnityEditor.QuickSearchModule:UnityEditor.Search:ASIAI0B -> (ImportResultId: '30efbc3b52f4ec0e09ef31f97e5076c2') in 0.0178388 seconds
[Worker0] Imported GUID: 886b9bbe2e9f78444acc115e2f7b978f - Path: Assets/Scripts/Hookshot/Hookshot.cs - Importer: ScriptedImporter/UnityEditor.QuickSearchModule:UnityEditor.Search:ASIAI0B -> (ImportResultId: 'ae1dff7020f670ccca1fe1d9e518d96e') in 0.0175559 seconds
[Worker0] Imported GUID: 6ba55ee1a7944ee459bd1d2403e2406f - Path: Assets/Assets/Dash_assets/Materials/Ascensor_textures/Plataforma/Plataforma.mat - Importer: ScriptedImporter/UnityEditor.QuickSearchModule:UnityEditor.Search:ASIAI0B -> (ImportResultId: 'e2fce1a7813135fc0b51ce4639f4473a') in 0.0292606 seconds
[Worker0] Imported GUID: faf96e7aca43e44418b1886ff6aab4f4 - Path: Assets/Assets/Dash_assets/Materials/Ascensor_textures/Vidrio/Vidrio.mat - Importer: ScriptedImporter/UnityEditor.QuickSearchModule:UnityEditor.Search:ASIAI0B -> (ImportResultId: '4263ce76a95a7a54e1db228d2b198ed8') in 0.0310281 seconds
[Worker0] Imported GUID: f288ae1f4751b564a96ac7587541f7a2 - Path: Assets/Settings/PC_Renderer.asset - Importer: ScriptedImporter/UnityEditor.QuickSearchModule:UnityEditor.Search:ASIAI0B -> (ImportResultId: 'e039bf6f3a2768373621a094117bb68e') in 0.0387336 seconds
[Worker0] Imported GUID: eb10a4156ada1b849b973ece799ff076 - Path: Assets/Assets/Dash_assets/Shaders/Tunnels/Modular_mine_tunnels/09 Half_Turn_L.fbx - Importer: ScriptedImporter/UnityEditor.QuickSearchModule:UnityEditor.Search:ASIAI0B -> (ImportResultId: '173bfe0e1cd39087e1d1ac340d493e19') in 0.0429619 seconds
[Worker0] Imported GUID: ed5b008012b13fc4e8c2d74d342dd4ac - Path: Assets/Scripts/UI/BloodSplatter.cs - Importer: ScriptedImporter/UnityEditor.QuickSearchModule:UnityEditor.Search:ASIAI0B -> (ImportResultId: 'a7e208b5f84fbfa4d578c09f4eda2e1e') in 0.0229011 seconds
[Worker0] Imported GUID: 687209b2bf6893e42aea01b92d5b8a49 - Path: Assets/Assets/Dash_assets/Models/Mines/mine_60k/mine_60k.fbx - Importer: ScriptedImporter/UnityEditor.QuickSearchModule:UnityEditor.Search:ASIAI0B -> (ImportResultId: 'f9f9297744393fc3919e49b609758a67') in 0.0488835 seconds
[Worker0] Imported GUID: 11c599503dc91ae48a72ded52d4ab13e - Path: Assets/Assets/Dash_assets/Terrain/terrain_uv_reduced.fbx - Importer: ScriptedImporter/UnityEditor.QuickSearchModule:UnityEditor.Search:ASIAI0B -> (ImportResultId: '9e36c9cc87b5dd95aeca0e7df4092dc3') in 0.0227297 seconds
[Worker0] Imported GUID: 049bd14fcb7f3b54190ca9415da48a54 - Path: Assets/Assets/Dash_assets/Materials/Ascensor_textures/Ceiling/ascensor_suelo_openPBR_shader1_AlbedoTransparency.png - Importer: ScriptedImporter/UnityEditor.QuickSearchModule:UnityEditor.Search:ASIAI0B -> (ImportResultId: '3dab28871be3adffe412a0bbd53d75a3') in 0.0240901 seconds
[Worker0] Imported GUID: f730eff8f60b50145aff868837dc2357 - Path: Assets/Assets/Dash_assets/Shaders/FullScreen material.mat - Importer: ScriptedImporter/UnityEditor.QuickSearchModule:UnityEditor.Search:ASIAI0B -> (ImportResultId: '93bdd152ca556b0f826b7113326b8779') in 0.0221531 seconds
[Worker0] Imported GUID: 73d516fe1a183fc448af7bd7d9dfe95b - Path: Assets/Assets/Dash_assets/Materials/Mitrovica_material/mitrovica monument_openPBR_shader1_MetallicSmoothness.png - Importer: ScriptedImporter/UnityEditor.QuickSearchModule:UnityEditor.Search:ASIAI0B -> (ImportResultId: '2bee1a692f74b2fb5761b61ae678f4ac') in 0.0309715 seconds
[Worker0] Imported GUID: a5579f15bef37da409ad067572dd21ab - Path: Assets/Scripts/UI - Importer: ScriptedImporter/UnityEditor.QuickSearchModule:UnityEditor.Search:ASIAI0B -> (ImportResultId: 'f031032e90cae12a586eb6b4a5314f3f') in 0.0134968 seconds
[Worker0] Imported GUID: bb9d500a8eba1a84aa86afc48de2506e - Path: Assets/Animations/Swinging.anim - Importer: ScriptedImporter/UnityEditor.QuickSearchModule:UnityEditor.Search:ASIAI0B -> (ImportResultId: '21a539bf76281a20efeb82298060b7d3') in 0.0283221 seconds
[Worker0] Imported GUID: bf8b86c35c406fe40bf21f860caf4c7e - Path: Assets/Assets/Dash_assets/Models/Mines/mine_60k/building construction_Roughness.png - Importer: ScriptedImporter/UnityEditor.QuickSearchModule:UnityEditor.Search:ASIAI0B -> (ImportResultId: 'fd644a353d8adc839e002b104f6e07f2') in 0.017919 seconds
[Worker0] Imported GUID: 8ec98b8a4de479046aca6a2e3c7a530b - Path: Assets/Assets/Dash_assets/Materials/Mitrovica_tunnel - Importer: ScriptedImporter/UnityEditor.QuickSearchModule:UnityEditor.Search:ASIAI0B -> (ImportResultId: 'b3b01d39eb0507898a3c0f8d12e31dab') in 0.0162083 seconds
[Worker0] Imported GUID: 7d156e4873bbd5c4c889a015980519a7 - Path: Assets/Assets/Dash_assets/Music/machine-gun-firing-sound--42uxzg7p.wav - Importer: ScriptedImporter/UnityEditor.QuickSearchModule:UnityEditor.Search:ASIAI0B -> (ImportResultId: 'e897b92799e5f3af70d24e440937cb58') in 0.0186634 seconds
[Worker0] Imported GUID: 2d4915925437bda4d8444ee89bf3f7ac - Path: Assets/Assets/Dash_assets/Terrain/terrain_uv_reduced_terrain_MetallicSmoothness.png - Importer: ScriptedImporter/UnityEditor.QuickSearchModule:UnityEditor.Search:ASIAI0B -> (ImportResultId: '4b8d5e394a2e79452cff858f51689bc4') in 0.0258562 seconds
[Worker0] Imported GUID: f49d0528412457c4d84a1d8ec833c64f - Path: Assets/Scripts/FullScreenEffectController.cs - Importer: ScriptedImporter/UnityEditor.QuickSearchModule:UnityEditor.Search:ASIAI0B -> (ImportResultId: 'a40119da67ab3b8f6b0d178211e12948') in 0.0177215 seconds
[Worker0] Imported GUID: 62ba4515ee12f2a4a8a03cda7b1b7838 - Path: Assets/Assets/Dash_assets/Shaders/Tunnels/Section_A.fbx - Importer: ScriptedImporter/UnityEditor.QuickSearchModule:UnityEditor.Search:ASIAI0B -> (ImportResultId: 'd51260b30a57ffada51b8f430a5bb800') in 0.0250228 seconds
[Worker0] Imported GUID: 77800aec9e832eb49a50fcef173c2a60 - Path: Assets/Fonts/TCHeadlinerPrint-CondRegular-PERSONALUSEONLY SDF.asset - Importer: ScriptedImporter/UnityEditor.QuickSearchModule:UnityEditor.Search:ASIAI0B -> (ImportResultId: 'cb5224f08e490b85834ea8dab559c6d9') in 0.0257787 seconds
[Worker0] Imported GUID: 61a902a0cc534754ab1598e8504d9450 - Path: Assets/Animations/Walking (1).anim - Importer: ScriptedImporter/UnityEditor.QuickSearchModule:UnityEditor.Search:ASIAI0B -> (ImportResultId: '62d0ca59c50bc96219dfb6bebf655f4a') in 0.0315143 seconds
[Worker0] Imported GUID: da282ffb2bef19c4ca718dadfaf20099 - Path: Assets/Scenes/Turret_sewer/Global Volume Profile.asset - Importer: ScriptedImporter/UnityEditor.QuickSearchModule:UnityEditor.Search:ASIAI0B -> (ImportResultId: '4b739bc17d99990c2bf0f1d2f4d4cb88') in 0.023164 seconds
[Worker0] Imported GUID: 11c50fd844b7a3f489d88ed9f7b90f92 - Path: Assets/Scenes/options.unity - Importer: ScriptedImporter/UnityEditor.QuickSearchModule:UnityEditor.Search:ASIAI0B -> (ImportResultId: '24a218796e85f3d06eca9a86a60997c4') in 0.0205279 seconds
[Worker0] Imported GUID: 3c0951a554a5388479f28cf4556f93ae - Path: Assets/Assets/Dash_assets/Shaders/Tunnels/Modular_mine_tunnels/02_Tunnel_Raise.fbx - Importer: ScriptedImporter/UnityEditor.QuickSearchModule:UnityEditor.Search:ASIAI0B -> (ImportResultId: '94a0063047ab82761d7bf9e40f105f58') in 0.0385244 seconds
[Worker0] Imported GUID: 8116667a559b011448195e062e2515df - Path: Assets/Scripts/Sound - Importer: ScriptedImporter/UnityEditor.QuickSearchModule:UnityEditor.Search:ASIAI0B -> (ImportResultId: 'ea6850f75ff5f1390e32e4dcfea06e11') in 0.0223814 seconds
[Worker0] Imported GUID: 48785e3b37e94b9478cc570481ec8c19 - Path: Assets/Assets/Dash_assets/smoke_model.fbx - Importer: ScriptedImporter/UnityEditor.QuickSearchModule:UnityEditor.Search:ASIAI0B -> (ImportResultId: '5832afba31db6e961be0b4c726af0e1d') in 0.0199949 seconds
[Worker0] Imported GUID: 3ab7cfdff8062824fbf0eeb07fe2eea1 - Path: Assets/Animations/Throw.anim - Importer: ScriptedImporter/UnityEditor.QuickSearchModule:UnityEditor.Search:ASIAI0B -> (ImportResultId: 'c34759492346196780120169b0e62d40') in 0.0359468 seconds
[Worker0] Imported GUID: cc130b2fed5057c42a2910a6d7404aa3 - Path: Assets/Assets/Dash_assets/Shaders/Tunnels/Modular_mine_tunnels/Tunnel_End.fbx - Importer: ScriptedImporter/UnityEditor.QuickSearchModule:UnityEditor.Search:ASIAI0B -> (ImportResultId: '588f2b29f8bb1cd0ffba0a27b3f64744') in 0.0394462 seconds
[Worker0] Imported GUID: 0451826e6c1ae4649afc95a0446b5cb4 - Path: Assets/Assets/Dash_assets/Terrain/terrain v2.mat - Importer: ScriptedImporter/UnityEditor.QuickSearchModule:UnityEditor.Search:ASIAI0B -> (ImportResultId: 'fbba941fda9970289dde11e72fdf7f83') in 0.0272156 seconds
[Worker0] Imported GUID: 7b1cd1be83e6b5643a27af4a557e6995 - Path: Assets/Assets/Dash_assets/Shaders/Tunnels/Modular_mine_tunnels/04_T-Junction.fbx - Importer: ScriptedImporter/UnityEditor.QuickSearchModule:UnityEditor.Search:ASIAI0B -> (ImportResultId: '2f51872c032c287d28894b3925f99c4c') in 0.0371744 seconds
[Worker0] Imported GUID: 4186700f3d9285548bbce4d0b73f7a07 - Path: Assets/Assets/Dash_assets/Shaders/Tunnels/Modular_mine_tunnels/03_Tunnel_Raise_Turn_R.fbx - Importer: ScriptedImporter/UnityEditor.QuickSearchModule:UnityEditor.Search:ASIAI0B -> (ImportResultId: 'e1313077e8c69279819bf9b1c21ac30a') in 0.0311812 seconds
[Worker0] Imported GUID: ebb4466bc801a2f489f644caa32c4edb - Path: Assets/Scripts/Grenade/SmokeVFX.cs - Importer: ScriptedImporter/UnityEditor.QuickSearchModule:UnityEditor.Search:ASIAI0B -> (ImportResultId: '98fa259bc9d078bee6fc2dafbf6980da') in 0.0206666 seconds
[Worker0] Imported GUID: 10bab08d675049040a119a6433fc65aa - Path: Assets/Assets/Dash_assets/Shaders/Tunnels/Modular_mine_tunnels/01_TubeStraight_10Meter.fbx - Importer: ScriptedImporter/UnityEditor.QuickSearchModule:UnityEditor.Search:ASIAI0B -> (ImportResultId: '487a6aea50cc92135ac321d040dc510d') in 0.0341502 seconds
[Worker0] Imported GUID: 6296423b1f8a4bd49a665a2eeb7b3cae - Path: Assets/Assets/Dash_assets/Shaders/Tunnels/Modular_mine_tunnels/05 Y-joint.fbx - Importer: ScriptedImporter/UnityEditor.QuickSearchModule:UnityEditor.Search:ASIAI0B -> (ImportResultId: '1a716a8caf4effe097659c844ed36990') in 0.037163 seconds
[Worker0] Imported GUID: c3046e4bdcdd95a45856bd2d4116f141 - Path: Assets/Animations/Running (1).anim - Importer: ScriptedImporter/UnityEditor.QuickSearchModule:UnityEditor.Search:ASIAI0B -> (ImportResultId: '723476162c276bf87e24160d29079289') in 0.025826 seconds
[Worker0] Imported GUID: 9b4cebfdd66e9bb4e9367fd0b09e4435 - Path: Assets/Animations/Start Walking.anim - Importer: ScriptedImporter/UnityEditor.QuickSearchModule:UnityEditor.Search:ASIAI0B -> (ImportResultId: '58ff887acafb1452978bf16a0472bec2') in 0.0353181 seconds
Reloading assemblies for play mode.
Reloading assemblies after forced synchronous recompile.
Begin MonoManager ReloadAssembly
Unloading 1 Unused Serialized files (Serialized files now loaded: 0)
Unloading 101 unused Assets / (17.2 MB). Loaded Objects now: 10099.
Memory consumption went from 0.70 GB to 0.68 GB.
Total: 23.651600 ms (FindLiveObjects: 0.947100 ms CreateObjectMapping: 0.218900 ms MarkObjects: 18.876300 ms  DeleteObjects: 3.271600 ms)

Assembly reference Packages/com.unity.cinemachine/Editor/Samples/ExposeHDRPInternals/HDRP-Editor-ref.asmref has no target assembly definition
'Packages/com.unity.cinemachine/Editor/Obsolete/CinemachineVirtualCameraBaseEditor.cs' contains partial class of Unity.Object, exactly 1 of the partial classes needs to be in a file with the same filename. This is to know the one that can be referenced from ie. GameObjects
'Packages/com.unity.cinemachine/Editor/Editors/CinemachineVirtualCameraBaseEditor.cs' contains partial class of Unity.Object, exactly 1 of the partial classes needs to be in a file with the same filename. This is to know the one that can be referenced from ie. GameObjects
'Packages/com.unity.render-pipelines.core/Editor/Deprecated.cs' contains partial class of Unity.Object, exactly 1 of the partial classes needs to be in a file with the same filename. This is to know the one that can be referenced from ie. GameObjects
'Packages/com.unity.render-pipelines.core/Editor/Deprecated.cs' contains partial class of Unity.Object, exactly 1 of the partial classes needs to be in a file with the same filename. This is to know the one that can be referenced from ie. GameObjects
Native extension for WindowsStandalone target not found
ScheduleIndexationOnStartup MainProcess:True IndexOnStartup:True
[MODES] ModeService[none].Initialize
[MODES] ModeService[none].LoadModes
Scripting: successfully reloaded assembly
- Finished resetting the current domain, in  1.664 seconds
Domain Reload Profiling: 2495ms
	BeginReloadAssembly (553ms)
		DisableScriptedObjects (96ms)
		CreateAndSetChildDomain (261ms)
	RebuildCommonClasses (9ms)
	RebuildNativeTypeToScriptingClass (14ms)
	initialDomainReloadingComplete (53ms)
	LoadAllAssembliesAndSetupDomain (201ms)
		LoadAssemblies (125ms)
		TypeCache.Refresh (7ms)
		AnalyzeDomain (25ms)
			ResolveRequiredComponents (22ms)
	FinalizeReload (1665ms)
		SetupLoadedEditorAssemblies (0ms)
			BeforeProcessingInitializeOnLoad (101ms)
			ProcessInitializeOnLoadAttributes (317ms)
			ProcessInitializeOnLoadMethodAttributes (109ms)
			AfterProcessingInitializeOnLoad (4ms)
		AwakeInstancesAfterBackupRestoration (703ms)
No restricted APIs configured; Validation skipped.
Checking 18 assemblies for restricted APIs found 0 usage(s) in 4 ms

Asset Pipeline Refresh (id=6593ed34d78895349a64a9aa2037dac2): Total: 3.977 seconds - Initiated by StopAssetImportingV2(ForceSynchronousImport | ForceDomainReload)
	(Values over 0.05ms)
	Summary:
		Imports: total=0 (actual=0, local cache=0, cache server=0)
		Asset DB Process Time: managed=0 ms, native=1966 ms
		Asset DB Callback time: managed=777 ms, native=363 ms
		Scripting: domain reloads=1, domain reload time=868 ms, compile time=2 ms, other=0 ms
		Project Asset Count: scripts=1700, non-scripts=3370
		Asset File Changes: new=0, changed=0, moved=0, deleted=0
		Scan Filter Count: 0
	InvokePackagesCallback: 1.236ms
	ApplyChangesToAssetFolders: 0.231ms
	Collect global state as custom dependencies: 2.380ms
	ProcessAssetsWithTransientArtifactChanges: 189.393ms
	CategorizeAssets: 65.888ms
	CompileScripts: 1.883ms
	ImportOutOfDateAssets: 1672.534ms (1670.191ms without children)
		CollectScriptTypesHashes: 1.694ms
		ReloadNativeAssets: 1.184ms
		UnloadImportedAssets: 0.188ms
		EnsureUptoDateAssetsAreRegisteredWithGuidPM: 0.595ms
		ImportSchedulerStart: 0.354ms
	PostProcessAllAssets: 1125.311ms
		AssemblyValidation.PostprocessAllAssets 23.922ms
		PostProcessCallbackCreateDeferredMaterials 18.639ms
		PostprocessAssetsUpdateCachedIcon 17.051ms
		ShaderAssetModifiedCallback 9.778ms
		ComputeShaderImportPostprocess 9.633ms
		RaytracingShaderImportPostprocess 9.632ms
		SpeedTreeImporter.PostprocessAllAssets 6.950ms
		BlockShaderImporter.PostprocessAllAssets 3.780ms
		LocalizationDatabase.AssetDatabasePostprocessCallback 3.393ms
		XRBuildSystem.XRAssetImported 0.372ms
		MonoPostProcessAllAssets: 774.659ms
			SyncVS.PostprocessSyncProject 266.754ms
			ShaderGraphAssetPostProcessor.OnPostprocessAllAssets 184.861ms
			PostProcessor.OnPostprocessAllAssets 36.484ms
			VFXGraphPreprocessor.OnPostprocessAllAssets 33.265ms
			InputActionJsonNameModifierAssetProcessor.OnPostprocessAllAssets 32.674ms
			MaterialPostprocessor.OnPostprocessAllAssets 31.733ms
			InputActionAssetPostprocessor.OnPostprocessAllAssets 31.613ms
			AssetPostprocessor.OnPostprocessAllAssets 29.184ms
			TextAssetPostProcessor.OnPostprocessAllAssets 22.464ms
			UniversalRenderPipelineGlobalSettingsPostprocessor.OnPostprocessAllAssets 18.277ms
			AssetChangedListener.OnPostprocessAllAssets 13.507ms
			BuilderAssetPostprocessor.OnPostprocessAllAssets 6.093ms
			SpeedTree9Postprocessor.OnPostprocessAllAssets 5.160ms
			RenderPipelineGlobalSettingsPostprocessor.OnPostprocessAllAssets 5.041ms
			RetainedModeAssetPostprocessor.OnPostprocessAllAssets 1.791ms
			WindowAssetPostprocessingWatcher.OnPostprocessAllAssets 1.711ms
			ProjectSettingsPostprocessor.OnPostprocessAllAssets 0.894ms
			ShaderReflectionAssetPostProcessor.OnPostprocessAllAssets 0.524ms
			UVCSAssetPostprocessor.OnPostprocessAllAssets 0.495ms
			ArtifactBrowserPostProcessor.OnPostprocessAllAssets 0.469ms
			ThemePostprocessor.OnPostprocessAllAssets 0.465ms
			StyleCatalogPostProcessor.OnPostprocessAllAssets 0.438ms
			SpeedTreePostProcessor.OnPostprocessAllAssets 0.405ms
			SamplePostprocessor.OnPostprocessAllAssets 0.327ms
			AudioMixerPostprocessor.OnPostprocessAllAssets 0.280ms
			EditModeScopePostprocessor.OnPostprocessAllAssets 0.271ms
			AssetEvents.OnPostprocessAllAssets 0.266ms
			CinemachineSettings.OnPostprocessAllAssets 0.262ms
			TMPro_TexturePostProcessor.OnPostprocessAllAssets 0.260ms
			ReferencedClipsPostProcessor.OnPostprocessAllAssets 0.241ms
			DomainReloadProcessor.OnPostprocessAllAssets 0.220ms
			TerrainToolbarOverlayPostProcessor.OnPostprocessAllAssets 0.159ms
			AssetDatabaseCallbacks.OnPostprocessAllAssets 0.138ms
			ConfigAssetsTracker.OnPostprocessAllAssets 0.134ms
			AssetReloadNotifier.OnPostprocessAllAssets 0.108ms
			ScenarioDriftAssetsTracker.OnPostprocessAllAssets 0.102ms
			AudioContainerPostProcessor.OnPostprocessAllAssets 0.078ms
	PostAssetChangesProfiler: 15.132ms
	GatherAllCurrentPrimaryImportResultRevisions: 0.206ms
	UnloadStreamsBegin: 1.411ms
	PersistCurrentRevisions: 0.154ms
	GenerateScriptTypeHashes: 4.015ms
	GenerateScriptTypeSerializationHashes: 6.913ms
	Untracked: 896.685ms

Audio Source: DontDestroyOnLoad only works for root GameObjects or components on root GameObjects.
UnityEngine.Debug:ExtractStackTraceNoAlloc (byte*,int,string)
UnityEngine.StackTraceUtility:ExtractStackTrace ()
UnityEngine.Object:DontDestroyOnLoad (UnityEngine.Object)
MusicPlayer:Awake () (at Assets/Scripts/Sound/MusicPlayer.cs:19)

[Assets/Scripts/Sound/MusicPlayer.cs line 19]

Loaded scene 'Temp/__Backupscenes/0.backup'
	Deserialize:            3.035 ms
	Integration:            1141.025 ms
	Integration of assets:  1.239 ms
	Thread Wait Time:       0.075 ms
	Total Operation Time:   1145.374 ms
There are 2 audio listeners in the scene. Please ensure there is always exactly one audio listener in the scene.
There are 2 audio listeners in the scene. Please ensure there is always exactly one audio listener in the scene.
[Licensing::Client] Successfully resolved entitlement details
[Licensing::Client] Successfully resolved entitlement details
There are 2 audio listeners in the scene. Please ensure there is always exactly one audio listener in the scene.
There are 2 audio listeners in the scene. Please ensure there is always exactly one audio listener in the scene.
[Licensing::Client] Successfully resolved entitlement details
There are 2 audio listeners in the scene. Please ensure there is always exactly one audio listener in the scene.
There are 2 audio listeners in the scene. Please ensure there is always exactly one audio listener in the scene.
There are 2 audio listeners in the scene. Please ensure there is always exactly one audio listener in the scene.
There are 2 audio listeners in the scene. Please ensure there is always exactly one audio listener in the scene.
There are 2 audio listeners in the scene. Please ensure there is always exactly one audio listener in the scene.
There are 2 audio listeners in the scene. Please ensure there is always exactly one audio listener in the scene.
There are 2 audio listeners in the scene. Please ensure there is always exactly one audio listener in the scene.
There are 2 audio listeners in the scene. Please ensure there is always exactly one audio listener in the scene.
There are 2 audio listeners in the scene. Please ensure there is always exactly one audio listener in the scene.
There are 2 audio listeners in the scene. Please ensure there is always exactly one audio listener in the scene.
There are 2 audio listeners in the scene. Please ensure there is always exactly one audio listener in the scene.
There are 2 audio listeners in the scene. Please ensure there is always exactly one audio listener in the scene.
There are 2 audio listeners in the scene. Please ensure there is always exactly one audio listener in the scene.
There are 2 audio listeners in the scene. Please ensure there is always exactly one audio listener in the scene.
There are 2 audio listeners in the scene. Please ensure there is always exactly one audio listener in the scene.
There are 2 audio listeners in the scene. Please ensure there is always exactly one audio listener in the scene.
There are 2 audio listeners in the scene. Please ensure there is always exactly one audio listener in the scene.
There are 2 audio listeners in the scene. Please ensure there is always exactly one audio listener in the scene.
There are 2 audio listeners in the scene. Please ensure there is always exactly one audio listener in the scene.
There are 2 audio listeners in the scene. Please ensure there is always exactly one audio listener in the scene.
There are 2 audio listeners in the scene. Please ensure there is always exactly one audio listener in the scene.
There are 2 audio listeners in the scene. Please ensure there is always exactly one audio listener in the scene.
There are 2 audio listeners in the scene. Please ensure there is always exactly one audio listener in the scene.
There are 2 audio listeners in the scene. Please ensure there is always exactly one audio listener in the scene.
There are 2 audio listeners in the scene. Please ensure there is always exactly one audio listener in the scene.
There are 2 audio listeners in the scene. Please ensure there is always exactly one audio listener in the scene.
There are 2 audio listeners in the scene. Please ensure there is always exactly one audio listener in the scene.
There are 2 audio listeners in the scene. Please ensure there is always exactly one audio listener in the scene.
There are 2 audio listeners in the scene. Please ensure there is always exactly one audio listener in the scene.
There are 2 audio listeners in the scene. Please ensure there is always exactly one audio listener in the scene.
There are 2 audio listeners in the scene. Please ensure there is always exactly one audio listener in the scene.
There are 2 audio listeners in the scene. Please ensure there is always exactly one audio listener in the scene.
There are 2 audio listeners in the scene. Please ensure there is always exactly one audio listener in the scene.
There are 2 audio listeners in the scene. Please ensure there is always exactly one audio listener in the scene.
There are 2 audio listeners in the scene. Please ensure there is always exactly one audio listener in the scene.
There are 2 audio listeners in the scene. Please ensure there is always exactly one audio listener in the scene.
There are 2 audio listeners in the scene. Please ensure there is always exactly one audio listener in the scene.
There are 2 audio listeners in the scene. Please ensure there is always exactly one audio listener in the scene.
There are 2 audio listeners in the scene. Please ensure there is always exactly one audio listener in the scene.
There are 2 audio listeners in the scene. Please ensure there is always exactly one audio listener in the scene.
There are 2 audio listeners in the scene. Please ensure there is always exactly one audio listener in the scene.
There are 2 audio listeners in the scene. Please ensure there is always exactly one audio listener in the scene.
There are 2 audio listeners in the scene. Please ensure there is always exactly one audio listener in the scene.
There are 2 audio listeners in the scene. Please ensure there is always exactly one audio listener in the scene.
There are 2 audio listeners in the scene. Please ensure there is always exactly one audio listener in the scene.
There are 2 audio listeners in the scene. Please ensure there is always exactly one audio listener in the scene.
There are 2 audio listeners in the scene. Please ensure there is always exactly one audio listener in the scene.
There are 2 audio listeners in the scene. Please ensure there is always exactly one audio listener in the scene.
There are 2 audio listeners in the scene. Please ensure there is always exactly one audio listener in the scene.
There are 2 audio listeners in the scene. Please ensure there is always exactly one audio listener in the scene.
There are 2 audio listeners in the scene. Please ensure there is always exactly one audio listener in the scene.
There are 2 audio listeners in the scene. Please ensure there is always exactly one audio listener in the scene.
There are 2 audio listeners in the scene. Please ensure there is always exactly one audio listener in the scene.
There are 2 audio listeners in the scene. Please ensure there is always exactly one audio listener in the scene.
There are 2 audio listeners in the scene. Please ensure there is always exactly one audio listener in the scene.
There are 2 audio listeners in the scene. Please ensure there is always exactly one audio listener in the scene.
There are 2 audio listeners in the scene. Please ensure there is always exactly one audio listener in the scene.
There are 2 audio listeners in the scene. Please ensure there is always exactly one audio listener in the scene.
There are 2 audio listeners in the scene. Please ensure there is always exactly one audio listener in the scene.
There are 2 audio listeners in the scene. Please ensure there is always exactly one audio listener in the scene.
There are 2 audio listeners in the scene. Please ensure there is always exactly one audio listener in the scene.
There are 2 audio listeners in the scene. Please ensure there is always exactly one audio listener in the scene.
There are 2 audio listeners in the scene. Please ensure there is always exactly one audio listener in the scene.
There are 2 audio listeners in the scene. Please ensure there is always exactly one audio listener in the scene.
There are 2 audio listeners in the scene. Please ensure there is always exactly one audio listener in the scene.
There are 2 audio listeners in the scene. Please ensure there is always exactly one audio listener in the scene.
There are 2 audio listeners in the scene. Please ensure there is always exactly one audio listener in the scene.
There are 2 audio listeners in the scene. Please ensure there is always exactly one audio listener in the scene.
There are 2 audio listeners in the scene. Please ensure there is always exactly one audio listener in the scene.
There are 2 audio listeners in the scene. Please ensure there is always exactly one audio listener in the scene.
There are 2 audio listeners in the scene. Please ensure there is always exactly one audio listener in the scene.
There are 2 audio listeners in the scene. Please ensure there is always exactly one audio listener in the scene.
There are 2 audio listeners in the scene. Please ensure there is always exactly one audio listener in the scene.
There are 2 audio listeners in the scene. Please ensure there is always exactly one audio listener in the scene.
There are 2 audio listeners in the scene. Please ensure there is always exactly one audio listener in the scene.
There are 2 audio listeners in the scene. Please ensure there is always exactly one audio listener in the scene.
There are 2 audio listeners in the scene. Please ensure there is always exactly one audio listener in the scene.
There are 2 audio listeners in the scene. Please ensure there is always exactly one audio listener in the scene.
There are 2 audio listeners in the scene. Please ensure there is always exactly one audio listener in the scene.
There are 2 audio listeners in the scene. Please ensure there is always exactly one audio listener in the scene.
There are 2 audio listeners in the scene. Please ensure there is always exactly one audio listener in the scene.
There are 2 audio listeners in the scene. Please ensure there is always exactly one audio listener in the scene.
There are 2 audio listeners in the scene. Please ensure there is always exactly one audio listener in the scene.
There are 2 audio listeners in the scene. Please ensure there is always exactly one audio listener in the scene.
There are 2 audio listeners in the scene. Please ensure there is always exactly one audio listener in the scene.
There are 2 audio listeners in the scene. Please ensure there is always exactly one audio listener in the scene.
There are 2 audio listeners in the scene. Please ensure there is always exactly one audio listener in the scene.
There are 2 audio listeners in the scene. Please ensure there is always exactly one audio listener in the scene.
There are 2 audio listeners in the scene. Please ensure there is always exactly one audio listener in the scene.
There are 2 audio listeners in the scene. Please ensure there is always exactly one audio listener in the scene.
There are 2 audio listeners in the scene. Please ensure there is always exactly one audio listener in the scene.
There are 2 audio listeners in the scene. Please ensure there is always exactly one audio listener in the scene.
There are 2 audio listeners in the scene. Please ensure there is always exactly one audio listener in the scene.
There are 2 audio listeners in the scene. Please ensure there is always exactly one audio listener in the scene.
There are 2 audio listeners in the scene. Please ensure there is always exactly one audio listener in the scene.
There are 2 audio listeners in the scene. Please ensure there is always exactly one audio listener in the scene.
There are 2 audio listeners in the scene. Please ensure there is always exactly one audio listener in the scene.
There are 2 audio listeners in the scene. Please ensure there is always exactly one audio listener in the scene.
There are 2 audio listeners in the scene. Please ensure there is always exactly one audio listener in the scene.
There are 2 audio listeners in the scene. Please ensure there is always exactly one audio listener in the scene.
There are 2 audio listeners in the scene. Please ensure there is always exactly one audio listener in the scene.
There are 2 audio listeners in the scene. Please ensure there is always exactly one audio listener in the scene.
There are 2 audio listeners in the scene. Please ensure there is always exactly one audio listener in the scene.
There are 2 audio listeners in the scene. Please ensure there is always exactly one audio listener in the scene.
There are 2 audio listeners in the scene. Please ensure there is always exactly one audio listener in the scene.
There are 2 audio listeners in the scene. Please ensure there is always exactly one audio listener in the scene.
There are 2 audio listeners in the scene. Please ensure there is always exactly one audio listener in the scene.
There are 2 audio listeners in the scene. Please ensure there is always exactly one audio listener in the scene.
There are 2 audio listeners in the scene. Please ensure there is always exactly one audio listener in the scene.
There are 2 audio listeners in the scene. Please ensure there is always exactly one audio listener in the scene.
There are 2 audio listeners in the scene. Please ensure there is always exactly one audio listener in the scene.
There are 2 audio listeners in the scene. Please ensure there is always exactly one audio listener in the scene.
There are 2 audio listeners in the scene. Please ensure there is always exactly one audio listener in the scene.
There are 2 audio listeners in the scene. Please ensure there is always exactly one audio listener in the scene.
There are 2 audio listeners in the scene. Please ensure there is always exactly one audio listener in the scene.
There are 2 audio listeners in the scene. Please ensure there is always exactly one audio listener in the scene.
There are 2 audio listeners in the scene. Please ensure there is always exactly one audio listener in the scene.
There are 2 audio listeners in the scene. Please ensure there is always exactly one audio listener in the scene.
There are 2 audio listeners in the scene. Please ensure there is always exactly one audio listener in the scene.
There are 2 audio listeners in the scene. Please ensure there is always exactly one audio listener in the scene.
There are 2 audio listeners in the scene. Please ensure there is always exactly one audio listener in the scene.
There are 2 audio listeners in the scene. Please ensure there is always exactly one audio listener in the scene.
There are 2 audio listeners in the scene. Please ensure there is always exactly one audio listener in the scene.
There are 2 audio listeners in the scene. Please ensure there is always exactly one audio listener in the scene.
There are 2 audio listeners in the scene. Please ensure there is always exactly one audio listener in the scene.
There are 2 audio listeners in the scene. Please ensure there is always exactly one audio listener in the scene.
There are 2 audio listeners in the scene. Please ensure there is always exactly one audio listener in the scene.
There are 2 audio listeners in the scene. Please ensure there is always exactly one audio listener in the scene.
There are 2 audio listeners in the scene. Please ensure there is always exactly one audio listener in the scene.
There are 2 audio listeners in the scene. Please ensure there is always exactly one audio listener in the scene.
There are 2 audio listeners in the scene. Please ensure there is always exactly one audio listener in the scene.
There are 2 audio listeners in the scene. Please ensure there is always exactly one audio listener in the scene.
There are 2 audio listeners in the scene. Please ensure there is always exactly one audio listener in the scene.
There are 2 audio listeners in the scene. Please ensure there is always exactly one audio listener in the scene.
There are 2 audio listeners in the scene. Please ensure there is always exactly one audio listener in the scene.
There are 2 audio listeners in the scene. Please ensure there is always exactly one audio listener in the scene.
There are 2 audio listeners in the scene. Please ensure there is always exactly one audio listener in the scene.
There are 2 audio listeners in the scene. Please ensure there is always exactly one audio listener in the scene.
There are 2 audio listeners in the scene. Please ensure there is always exactly one audio listener in the scene.
There are 2 audio listeners in the scene. Please ensure there is always exactly one audio listener in the scene.
There are 2 audio listeners in the scene. Please ensure there is always exactly one audio listener in the scene.
There are 2 audio listeners in the scene. Please ensure there is always exactly one audio listener in the scene.
There are 2 audio listeners in the scene. Please ensure there is always exactly one audio listener in the scene.
There are 2 audio listeners in the scene. Please ensure there is always exactly one audio listener in the scene.
There are 2 audio listeners in the scene. Please ensure there is always exactly one audio listener in the scene.
There are 2 audio listeners in the scene. Please ensure there is always exactly one audio listener in the scene.
There are 2 audio listeners in the scene. Please ensure there is always exactly one audio listener in the scene.
There are 2 audio listeners in the scene. Please ensure there is always exactly one audio listener in the scene.
There are 2 audio listeners in the scene. Please ensure there is always exactly one audio listener in the scene.
There are 2 audio listeners in the scene. Please ensure there is always exactly one audio listener in the scene.
There are 2 audio listeners in the scene. Please ensure there is always exactly one audio listener in the scene.
There are 2 audio listeners in the scene. Please ensure there is always exactly one audio listener in the scene.
There are 2 audio listeners in the scene. Please ensure there is always exactly one audio listener in the scene.
There are 2 audio listeners in the scene. Please ensure there is always exactly one audio listener in the scene.
There are 2 audio listeners in the scene. Please ensure there is always exactly one audio listener in the scene.
There are 2 audio listeners in the scene. Please ensure there is always exactly one audio listener in the scene.
There are 2 audio listeners in the scene. Please ensure there is always exactly one audio listener in the scene.
There are 2 audio listeners in the scene. Please ensure there is always exactly one audio listener in the scene.
There are 2 audio listeners in the scene. Please ensure there is always exactly one audio listener in the scene.
There are 2 audio listeners in the scene. Please ensure there is always exactly one audio listener in the scene.
There are 2 audio listeners in the scene. Please ensure there is always exactly one audio listener in the scene.
There are 2 audio listeners in the scene. Please ensure there is always exactly one audio listener in the scene.
There are 2 audio listeners in the scene. Please ensure there is always exactly one audio listener in the scene.
There are 2 audio listeners in the scene. Please ensure there is always exactly one audio listener in the scene.
There are 2 audio listeners in the scene. Please ensure there is always exactly one audio listener in the scene.
There are 2 audio listeners in the scene. Please ensure there is always exactly one audio listener in the scene.
There are 2 audio listeners in the scene. Please ensure there is always exactly one audio listener in the scene.
There are 2 audio listeners in the scene. Please ensure there is always exactly one audio listener in the scene.
There are 2 audio listeners in the scene. Please ensure there is always exactly one audio listener in the scene.
There are 2 audio listeners in the scene. Please ensure there is always exactly one audio listener in the scene.
There are 2 audio listeners in the scene. Please ensure there is always exactly one audio listener in the scene.
There are 2 audio listeners in the scene. Please ensure there is always exactly one audio listener in the scene.
There are 2 audio listeners in the scene. Please ensure there is always exactly one audio listener in the scene.
There are 2 audio listeners in the scene. Please ensure there is always exactly one audio listener in the scene.
There are 2 audio listeners in the scene. Please ensure there is always exactly one audio listener in the scene.
There are 2 audio listeners in the scene. Please ensure there is always exactly one audio listener in the scene.
There are 2 audio listeners in the scene. Please ensure there is always exactly one audio listener in the scene.
There are 2 audio listeners in the scene. Please ensure there is always exactly one audio listener in the scene.
There are 2 audio listeners in the scene. Please ensure there is always exactly one audio listener in the scene.
There are 2 audio listeners in the scene. Please ensure there is always exactly one audio listener in the scene.
There are 2 audio listeners in the scene. Please ensure there is always exactly one audio listener in the scene.
There are 2 audio listeners in the scene. Please ensure there is always exactly one audio listener in the scene.
There are 2 audio listeners in the scene. Please ensure there is always exactly one audio listener in the scene.
There are 2 audio listeners in the scene. Please ensure there is always exactly one audio listener in the scene.
There are 2 audio listeners in the scene. Please ensure there is always exactly one audio listener in the scene.
There are 2 audio listeners in the scene. Please ensure there is always exactly one audio listener in the scene.
There are 2 audio listeners in the scene. Please ensure there is always exactly one audio listener in the scene.
There are 2 audio listeners in the scene. Please ensure there is always exactly one audio listener in the scene.
There are 2 audio listeners in the scene. Please ensure there is always exactly one audio listener in the scene.
There are 2 audio listeners in the scene. Please ensure there is always exactly one audio listener in the scene.
There are 2 audio listeners in the scene. Please ensure there is always exactly one audio listener in the scene.
There are 2 audio listeners in the scene. Please ensure there is always exactly one audio listener in the scene.
There are 2 audio listeners in the scene. Please ensure there is always exactly one audio listener in the scene.
There are 2 audio listeners in the scene. Please ensure there is always exactly one audio listener in the scene.
There are 2 audio listeners in the scene. Please ensure there is always exactly one audio listener in the scene.
There are 2 audio listeners in the scene. Please ensure there is always exactly one audio listener in the scene.
There are 2 audio listeners in the scene. Please ensure there is always exactly one audio listener in the scene.
There are 2 audio listeners in the scene. Please ensure there is always exactly one audio listener in the scene.
There are 2 audio listeners in the scene. Please ensure there is always exactly one audio listener in the scene.
There are 2 audio listeners in the scene. Please ensure there is always exactly one audio listener in the scene.
There are 2 audio listeners in the scene. Please ensure there is always exactly one audio listener in the scene.
There are 2 audio listeners in the scene. Please ensure there is always exactly one audio listener in the scene.
There are 2 audio listeners in the scene. Please ensure there is always exactly one audio listener in the scene.
There are 2 audio listeners in the scene. Please ensure there is always exactly one audio listener in the scene.
There are 2 audio listeners in the scene. Please ensure there is always exactly one audio listener in the scene.
There are 2 audio listeners in the scene. Please ensure there is always exactly one audio listener in the scene.
There are 2 audio listeners in the scene. Please ensure there is always exactly one audio listener in the scene.
There are 2 audio listeners in the scene. Please ensure there is always exactly one audio listener in the scene.
There are 2 audio listeners in the scene. Please ensure there is always exactly one audio listener in the scene.
There are 2 audio listeners in the scene. Please ensure there is always exactly one audio listener in the scene.
There are 2 audio listeners in the scene. Please ensure there is always exactly one audio listener in the scene.
There are 2 audio listeners in the scene. Please ensure there is always exactly one audio listener in the scene.
There are 2 audio listeners in the scene. Please ensure there is always exactly one audio listener in the scene.
There are 2 audio listeners in the scene. Please ensure there is always exactly one audio listener in the scene.
There are 2 audio listeners in the scene. Please ensure there is always exactly one audio listener in the scene.
There are 2 audio listeners in the scene. Please ensure there is always exactly one audio listener in the scene.
There are 2 audio listeners in the scene. Please ensure there is always exactly one audio listener in the scene.
There are 2 audio listeners in the scene. Please ensure there is always exactly one audio listener in the scene.
There are 2 audio listeners in the scene. Please ensure there is always exactly one audio listener in the scene.
There are 2 audio listeners in the scene. Please ensure there is always exactly one audio listener in the scene.
There are 2 audio listeners in the scene. Please ensure there is always exactly one audio listener in the scene.
There are 2 audio listeners in the scene. Please ensure there is always exactly one audio listener in the scene.
There are 2 audio listeners in the scene. Please ensure there is always exactly one audio listener in the scene.
There are 2 audio listeners in the scene. Please ensure there is always exactly one audio listener in the scene.
There are 2 audio listeners in the scene. Please ensure there is always exactly one audio listener in the scene.
There are 2 audio listeners in the scene. Please ensure there is always exactly one audio listener in the scene.
There are 2 audio listeners in the scene. Please ensure there is always exactly one audio listener in the scene.
There are 2 audio listeners in the scene. Please ensure there is always exactly one audio listener in the scene.
There are 2 audio listeners in the scene. Please ensure there is always exactly one audio listener in the scene.
There are 2 audio listeners in the scene. Please ensure there is always exactly one audio listener in the scene.
There are 2 audio listeners in the scene. Please ensure there is always exactly one audio listener in the scene.
There are 2 audio listeners in the scene. Please ensure there is always exactly one audio listener in the scene.
There are 2 audio listeners in the scene. Please ensure there is always exactly one audio listener in the scene.
There are 2 audio listeners in the scene. Please ensure there is always exactly one audio listener in the scene.
There are 2 audio listeners in the scene. Please ensure there is always exactly one audio listener in the scene.
There are 2 audio listeners in the scene. Please ensure there is always exactly one audio listener in the scene.
There are 2 audio listeners in the scene. Please ensure there is always exactly one audio listener in the scene.
There are 2 audio listeners in the scene. Please ensure there is always exactly one audio listener in the scene.
There are 2 audio listeners in the scene. Please ensure there is always exactly one audio listener in the scene.
There are 2 audio listeners in the scene. Please ensure there is always exactly one audio listener in the scene.
There are 2 audio listeners in the scene. Please ensure there is always exactly one audio listener in the scene.
There are 2 audio listeners in the scene. Please ensure there is always exactly one audio listener in the scene.
There are 2 audio listeners in the scene. Please ensure there is always exactly one audio listener in the scene.
There are 2 audio listeners in the scene. Please ensure there is always exactly one audio listener in the scene.
There are 2 audio listeners in the scene. Please ensure there is always exactly one audio listener in the scene.
There are 2 audio listeners in the scene. Please ensure there is always exactly one audio listener in the scene.
There are 2 audio listeners in the scene. Please ensure there is always exactly one audio listener in the scene.
There are 2 audio listeners in the scene. Please ensure there is always exactly one audio listener in the scene.
There are 2 audio listeners in the scene. Please ensure there is always exactly one audio listener in the scene.
There are 2 audio listeners in the scene. Please ensure there is always exactly one audio listener in the scene.
There are 2 audio listeners in the scene. Please ensure there is always exactly one audio listener in the scene.
There are 2 audio listeners in the scene. Please ensure there is always exactly one audio listener in the scene.
There are 2 audio listeners in the scene. Please ensure there is always exactly one audio listener in the scene.
There are 2 audio listeners in the scene. Please ensure there is always exactly one audio listener in the scene.
There are 2 audio listeners in the scene. Please ensure there is always exactly one audio listener in the scene.
There are 2 audio listeners in the scene. Please ensure there is always exactly one audio listener in the scene.
There are 2 audio listeners in the scene. Please ensure there is always exactly one audio listener in the scene.
There are 2 audio listeners in the scene. Please ensure there is always exactly one audio listener in the scene.
There are 2 audio listeners in the scene. Please ensure there is always exactly one audio listener in the scene.
There are 2 audio listeners in the scene. Please ensure there is always exactly one audio listener in the scene.
There are 2 audio listeners in the scene. Please ensure there is always exactly one audio listener in the scene.
There are 2 audio listeners in the scene. Please ensure there is always exactly one audio listener in the scene.
There are 2 audio listeners in the scene. Please ensure there is always exactly one audio listener in the scene.
There are 2 audio listeners in the scene. Please ensure there is always exactly one audio listener in the scene.
There are 2 audio listeners in the scene. Please ensure there is always exactly one audio listener in the scene.
There are 2 audio listeners in the scene. Please ensure there is always exactly one audio listener in the scene.
There are 2 audio listeners in the scene. Please ensure there is always exactly one audio listener in the scene.
There are 2 audio listeners in the scene. Please ensure there is always exactly one audio listener in the scene.
There are 2 audio listeners in the scene. Please ensure there is always exactly one audio listener in the scene.
There are 2 audio listeners in the scene. Please ensure there is always exactly one audio listener in the scene.
There are 2 audio listeners in the scene. Please ensure there is always exactly one audio listener in the scene.
There are 2 audio listeners in the scene. Please ensure there is always exactly one audio listener in the scene.
There are 2 audio listeners in the scene. Please ensure there is always exactly one audio listener in the scene.
There are 2 audio listeners in the scene. Please ensure there is always exactly one audio listener in the scene.
There are 2 audio listeners in the scene. Please ensure there is always exactly one audio listener in the scene.
There are 2 audio listeners in the scene. Please ensure there is always exactly one audio listener in the scene.
There are 2 audio listeners in the scene. Please ensure there is always exactly one audio listener in the scene.
There are 2 audio listeners in the scene. Please ensure there is always exactly one audio listener in the scene.
There are 2 audio listeners in the scene. Please ensure there is always exactly one audio listener in the scene.
There are 2 audio listeners in the scene. Please ensure there is always exactly one audio listener in the scene.
There are 2 audio listeners in the scene. Please ensure there is always exactly one audio listener in the scene.
There are 2 audio listeners in the scene. Please ensure there is always exactly one audio listener in the scene.
There are 2 audio listeners in the scene. Please ensure there is always exactly one audio listener in the scene.
There are 2 audio listeners in the scene. Please ensure there is always exactly one audio listener in the scene.
There are 2 audio listeners in the scene. Please ensure there is always exactly one audio listener in the scene.
There are 2 audio listeners in the scene. Please ensure there is always exactly one audio listener in the scene.
There are 2 audio listeners in the scene. Please ensure there is always exactly one audio listener in the scene.
There are 2 audio listeners in the scene. Please ensure there is always exactly one audio listener in the scene.
There are 2 audio listeners in the scene. Please ensure there is always exactly one audio listener in the scene.
There are 2 audio listeners in the scene. Please ensure there is always exactly one audio listener in the scene.
There are 2 audio listeners in the scene. Please ensure there is always exactly one audio listener in the scene.
There are 2 audio listeners in the scene. Please ensure there is always exactly one audio listener in the scene.
There are 2 audio listeners in the scene. Please ensure there is always exactly one audio listener in the scene.
There are 2 audio listeners in the scene. Please ensure there is always exactly one audio listener in the scene.
There are 2 audio listeners in the scene. Please ensure there is always exactly one audio listener in the scene.
There are 2 audio listeners in the scene. Please ensure there is always exactly one audio listener in the scene.
There are 2 audio listeners in the scene. Please ensure there is always exactly one audio listener in the scene.
There are 2 audio listeners in the scene. Please ensure there is always exactly one audio listener in the scene.
There are 2 audio listeners in the scene. Please ensure there is always exactly one audio listener in the scene.
There are 2 audio listeners in the scene. Please ensure there is always exactly one audio listener in the scene.
There are 2 audio listeners in the scene. Please ensure there is always exactly one audio listener in the scene.
There are 2 audio listeners in the scene. Please ensure there is always exactly one audio listener in the scene.
There are 2 audio listeners in the scene. Please ensure there is always exactly one audio listener in the scene.
There are 2 audio listeners in the scene. Please ensure there is always exactly one audio listener in the scene.
There are 2 audio listeners in the scene. Please ensure there is always exactly one audio listener in the scene.
There are 2 audio listeners in the scene. Please ensure there is always exactly one audio listener in the scene.
There are 2 audio listeners in the scene. Please ensure there is always exactly one audio listener in the scene.
There are 2 audio listeners in the scene. Please ensure there is always exactly one audio listener in the scene.
There are 2 audio listeners in the scene. Please ensure there is always exactly one audio listener in the scene.
There are 2 audio listeners in the scene. Please ensure there is always exactly one audio listener in the scene.
There are 2 audio listeners in the scene. Please ensure there is always exactly one audio listener in the scene.
There are 2 audio listeners in the scene. Please ensure there is always exactly one audio listener in the scene.
There are 2 audio listeners in the scene. Please ensure there is always exactly one audio listener in the scene.
There are 2 audio listeners in the scene. Please ensure there is always exactly one audio listener in the scene.
There are 2 audio listeners in the scene. Please ensure there is always exactly one audio listener in the scene.
There are 2 audio listeners in the scene. Please ensure there is always exactly one audio listener in the scene.
There are 2 audio listeners in the scene. Please ensure there is always exactly one audio listener in the scene.
There are 2 audio listeners in the scene. Please ensure there is always exactly one audio listener in the scene.
There are 2 audio listeners in the scene. Please ensure there is always exactly one audio listener in the scene.
There are 2 audio listeners in the scene. Please ensure there is always exactly one audio listener in the scene.
There are 2 audio listeners in the scene. Please ensure there is always exactly one audio listener in the scene.
There are 2 audio listeners in the scene. Please ensure there is always exactly one audio listener in the scene.
There are 2 audio listeners in the scene. Please ensure there is always exactly one audio listener in the scene.
There are 2 audio listeners in the scene. Please ensure there is always exactly one audio listener in the scene.
There are 2 audio listeners in the scene. Please ensure there is always exactly one audio listener in the scene.
There are 2 audio listeners in the scene. Please ensure there is always exactly one audio listener in the scene.
There are 2 audio listeners in the scene. Please ensure there is always exactly one audio listener in the scene.
There are 2 audio listeners in the scene. Please ensure there is always exactly one audio listener in the scene.
There are 2 audio listeners in the scene. Please ensure there is always exactly one audio listener in the scene.
There are 2 audio listeners in the scene. Please ensure there is always exactly one audio listener in the scene.
There are 2 audio listeners in the scene. Please ensure there is always exactly one audio listener in the scene.
There are 2 audio listeners in the scene. Please ensure there is always exactly one audio listener in the scene.
There are 2 audio listeners in the scene. Please ensure there is always exactly one audio listener in the scene.
There are 2 audio listeners in the scene. Please ensure there is always exactly one audio listener in the scene.
There are 2 audio listeners in the scene. Please ensure there is always exactly one audio listener in the scene.
There are 2 audio listeners in the scene. Please ensure there is always exactly one audio listener in the scene.
There are 2 audio listeners in the scene. Please ensure there is always exactly one audio listener in the scene.
There are 2 audio listeners in the scene. Please ensure there is always exactly one audio listener in the scene.
There are 2 audio listeners in the scene. Please ensure there is always exactly one audio listener in the scene.
There are 2 audio listeners in the scene. Please ensure there is always exactly one audio listener in the scene.
There are 2 audio listeners in the scene. Please ensure there is always exactly one audio listener in the scene.
There are 2 audio listeners in the scene. Please ensure there is always exactly one audio listener in the scene.
There are 2 audio listeners in the scene. Please ensure there is always exactly one audio listener in the scene.
There are 2 audio listeners in the scene. Please ensure there is always exactly one audio listener in the scene.
There are 2 audio listeners in the scene. Please ensure there is always exactly one audio listener in the scene.
There are 2 audio listeners in the scene. Please ensure there is always exactly one audio listener in the scene.
There are 2 audio listeners in the scene. Please ensure there is always exactly one audio listener in the scene.
There are 2 audio listeners in the scene. Please ensure there is always exactly one audio listener in the scene.
There are 2 audio listeners in the scene. Please ensure there is always exactly one audio listener in the scene.
There are 2 audio listeners in the scene. Please ensure there is always exactly one audio listener in the scene.
There are 2 audio listeners in the scene. Please ensure there is always exactly one audio listener in the scene.
There are 2 audio listeners in the scene. Please ensure there is always exactly one audio listener in the scene.
There are 2 audio listeners in the scene. Please ensure there is always exactly one audio listener in the scene.
There are 2 audio listeners in the scene. Please ensure there is always exactly one audio listener in the scene.
There are 2 audio listeners in the scene. Please ensure there is always exactly one audio listener in the scene.
There are 2 audio listeners in the scene. Please ensure there is always exactly one audio listener in the scene.
There are 2 audio listeners in the scene. Please ensure there is always exactly one audio listener in the scene.
There are 2 audio listeners in the scene. Please ensure there is always exactly one audio listener in the scene.
There are 2 audio listeners in the scene. Please ensure there is always exactly one audio listener in the scene.
There are 2 audio listeners in the scene. Please ensure there is always exactly one audio listener in the scene.
There are 2 audio listeners in the scene. Please ensure there is always exactly one audio listener in the scene.
There are 2 audio listeners in the scene. Please ensure there is always exactly one audio listener in the scene.
There are 2 audio listeners in the scene. Please ensure there is always exactly one audio listener in the scene.
There are 2 audio listeners in the scene. Please ensure there is always exactly one audio listener in the scene.
There are 2 audio listeners in the scene. Please ensure there is always exactly one audio listener in the scene.
There are 2 audio listeners in the scene. Please ensure there is always exactly one audio listener in the scene.
There are 2 audio listeners in the scene. Please ensure there is always exactly one audio listener in the scene.
There are 2 audio listeners in the scene. Please ensure there is always exactly one audio listener in the scene.
There are 2 audio listeners in the scene. Please ensure there is always exactly one audio listener in the scene.
There are 2 audio listeners in the scene. Please ensure there is always exactly one audio listener in the scene.
There are 2 audio listeners in the scene. Please ensure there is always exactly one audio listener in the scene.
There are 2 audio listeners in the scene. Please ensure there is always exactly one audio listener in the scene.
There are 2 audio listeners in the scene. Please ensure there is always exactly one audio listener in the scene.
There are 2 audio listeners in the scene. Please ensure there is always exactly one audio listener in the scene.
There are 2 audio listeners in the scene. Please ensure there is always exactly one audio listener in the scene.
There are 2 audio listeners in the scene. Please ensure there is always exactly one audio listener in the scene.
There are 2 audio listeners in the scene. Please ensure there is always exactly one audio listener in the scene.
There are 2 audio listeners in the scene. Please ensure there is always exactly one audio listener in the scene.
There are 2 audio listeners in the scene. Please ensure there is always exactly one audio listener in the scene.
There are 2 audio listeners in the scene. Please ensure there is always exactly one audio listener in the scene.
There are 2 audio listeners in the scene. Please ensure there is always exactly one audio listener in the scene.
There are 2 audio listeners in the scene. Please ensure there is always exactly one audio listener in the scene.
There are 2 audio listeners in the scene. Please ensure there is always exactly one audio listener in the scene.
There are 2 audio listeners in the scene. Please ensure there is always exactly one audio listener in the scene.
There are 2 audio listeners in the scene. Please ensure there is always exactly one audio listener in the scene.
There are 2 audio listeners in the scene. Please ensure there is always exactly one audio listener in the scene.
There are 2 audio listeners in the scene. Please ensure there is always exactly one audio listener in the scene.
There are 2 audio listeners in the scene. Please ensure there is always exactly one audio listener in the scene.
There are 2 audio listeners in the scene. Please ensure there is always exactly one audio listener in the scene.
There are 2 audio listeners in the scene. Please ensure there is always exactly one audio listener in the scene.
There are 2 audio listeners in the scene. Please ensure there is always exactly one audio listener in the scene.
There are 2 audio listeners in the scene. Please ensure there is always exactly one audio listener in the scene.
There are 2 audio listeners in the scene. Please ensure there is always exactly one audio listener in the scene.
There are 2 audio listeners in the scene. Please ensure there is always exactly one audio listener in the scene.
There are 2 audio listeners in the scene. Please ensure there is always exactly one audio listener in the scene.
There are 2 audio listeners in the scene. Please ensure there is always exactly one audio listener in the scene.
There are 2 audio listeners in the scene. Please ensure there is always exactly one audio listener in the scene.
There are 2 audio listeners in the scene. Please ensure there is always exactly one audio listener in the scene.
There are 2 audio listeners in the scene. Please ensure there is always exactly one audio listener in the scene.
There are 2 audio listeners in the scene. Please ensure there is always exactly one audio listener in the scene.
There are 2 audio listeners in the scene. Please ensure there is always exactly one audio listener in the scene.
There are 2 audio listeners in the scene. Please ensure there is always exactly one audio listener in the scene.
There are 2 audio listeners in the scene. Please ensure there is always exactly one audio listener in the scene.
There are 2 audio listeners in the scene. Please ensure there is always exactly one audio listener in the scene.
There are 2 audio listeners in the scene. Please ensure there is always exactly one audio listener in the scene.
There are 2 audio listeners in the scene. Please ensure there is always exactly one audio listener in the scene.
There are 2 audio listeners in the scene. Please ensure there is always exactly one audio listener in the scene.
There are 2 audio listeners in the scene. Please ensure there is always exactly one audio listener in the scene.
There are 2 audio listeners in the scene. Please ensure there is always exactly one audio listener in the scene.
There are 2 audio listeners in the scene. Please ensure there is always exactly one audio listener in the scene.
There are 2 audio listeners in the scene. Please ensure there is always exactly one audio listener in the scene.
There are 2 audio listeners in the scene. Please ensure there is always exactly one audio listener in the scene.
There are 2 audio listeners in the scene. Please ensure there is always exactly one audio listener in the scene.
There are 2 audio listeners in the scene. Please ensure there is always exactly one audio listener in the scene.
There are 2 audio listeners in the scene. Please ensure there is always exactly one audio listener in the scene.
There are 2 audio listeners in the scene. Please ensure there is always exactly one audio listener in the scene.
There are 2 audio listeners in the scene. Please ensure there is always exactly one audio listener in the scene.
There are 2 audio listeners in the scene. Please ensure there is always exactly one audio listener in the scene.
There are 2 audio listeners in the scene. Please ensure there is always exactly one audio listener in the scene.
There are 2 audio listeners in the scene. Please ensure there is always exactly one audio listener in the scene.
There are 2 audio listeners in the scene. Please ensure there is always exactly one audio listener in the scene.
There are 2 audio listeners in the scene. Please ensure there is always exactly one audio listener in the scene.
There are 2 audio listeners in the scene. Please ensure there is always exactly one audio listener in the scene.
There are 2 audio listeners in the scene. Please ensure there is always exactly one audio listener in the scene.
There are 2 audio listeners in the scene. Please ensure there is always exactly one audio listener in the scene.
There are 2 audio listeners in the scene. Please ensure there is always exactly one audio listener in the scene.
There are 2 audio listeners in the scene. Please ensure there is always exactly one audio listener in the scene.
There are 2 audio listeners in the scene. Please ensure there is always exactly one audio listener in the scene.
There are 2 audio listeners in the scene. Please ensure there is always exactly one audio listener in the scene.
There are 2 audio listeners in the scene. Please ensure there is always exactly one audio listener in the scene.
There are 2 audio listeners in the scene. Please ensure there is always exactly one audio listener in the scene.
There are 2 audio listeners in the scene. Please ensure there is always exactly one audio listener in the scene.
There are 2 audio listeners in the scene. Please ensure there is always exactly one audio listener in the scene.
There are 2 audio listeners in the scene. Please ensure there is always exactly one audio listener in the scene.
There are 2 audio listeners in the scene. Please ensure there is always exactly one audio listener in the scene.
There are 2 audio listeners in the scene. Please ensure there is always exactly one audio listener in the scene.
There are 2 audio listeners in the scene. Please ensure there is always exactly one audio listener in the scene.
There are 2 audio listeners in the scene. Please ensure there is always exactly one audio listener in the scene.
There are 2 audio listeners in the scene. Please ensure there is always exactly one audio listener in the scene.
There are 2 audio listeners in the scene. Please ensure there is always exactly one audio listener in the scene.
There are 2 audio listeners in the scene. Please ensure there is always exactly one audio listener in the scene.
There are 2 audio listeners in the scene. Please ensure there is always exactly one audio listener in the scene.
There are 2 audio listeners in the scene. Please ensure there is always exactly one audio listener in the scene.
There are 2 audio listeners in the scene. Please ensure there is always exactly one audio listener in the scene.
There are 2 audio listeners in the scene. Please ensure there is always exactly one audio listener in the scene.
There are 2 audio listeners in the scene. Please ensure there is always exactly one audio listener in the scene.
There are 2 audio listeners in the scene. Please ensure there is always exactly one audio listener in the scene.
There are 2 audio listeners in the scene. Please ensure there is always exactly one audio listener in the scene.
There are 2 audio listeners in the scene. Please ensure there is always exactly one audio listener in the scene.
There are 2 audio listeners in the scene. Please ensure there is always exactly one audio listener in the scene.
There are 2 audio listeners in the scene. Please ensure there is always exactly one audio listener in the scene.
There are 2 audio listeners in the scene. Please ensure there is always exactly one audio listener in the scene.
There are 2 audio listeners in the scene. Please ensure there is always exactly one audio listener in the scene.
There are 2 audio listeners in the scene. Please ensure there is always exactly one audio listener in the scene.
There are 2 audio listeners in the scene. Please ensure there is always exactly one audio listener in the scene.
There are 2 audio listeners in the scene. Please ensure there is always exactly one audio listener in the scene.
There are 2 audio listeners in the scene. Please ensure there is always exactly one audio listener in the scene.
There are 2 audio listeners in the scene. Please ensure there is always exactly one audio listener in the scene.
There are 2 audio listeners in the scene. Please ensure there is always exactly one audio listener in the scene.
There are 2 audio listeners in the scene. Please ensure there is always exactly one audio listener in the scene.
There are 2 audio listeners in the scene. Please ensure there is always exactly one audio listener in the scene.
There are 2 audio listeners in the scene. Please ensure there is always exactly one audio listener in the scene.
There are 2 audio listeners in the scene. Please ensure there is always exactly one audio listener in the scene.
There are 2 audio listeners in the scene. Please ensure there is always exactly one audio listener in the scene.
There are 2 audio listeners in the scene. Please ensure there is always exactly one audio listener in the scene.
There are 2 audio listeners in the scene. Please ensure there is always exactly one audio listener in the scene.
There are 2 audio listeners in the scene. Please ensure there is always exactly one audio listener in the scene.
There are 2 audio listeners in the scene. Please ensure there is always exactly one audio listener in the scene.
There are 2 audio listeners in the scene. Please ensure there is always exactly one audio listener in the scene.
There are 2 audio listeners in the scene. Please ensure there is always exactly one audio listener in the scene.
There are 2 audio listeners in the scene. Please ensure there is always exactly one audio listener in the scene.
There are 2 audio listeners in the scene. Please ensure there is always exactly one audio listener in the scene.
There are 2 audio listeners in the scene. Please ensure there is always exactly one audio listener in the scene.
There are 2 audio listeners in the scene. Please ensure there is always exactly one audio listener in the scene.
There are 2 audio listeners in the scene. Please ensure there is always exactly one audio listener in the scene.
There are 2 audio listeners in the scene. Please ensure there is always exactly one audio listener in the scene.
There are 2 audio listeners in the scene. Please ensure there is always exactly one audio listener in the scene.
There are 2 audio listeners in the scene. Please ensure there is always exactly one audio listener in the scene.
There are 2 audio listeners in the scene. Please ensure there is always exactly one audio listener in the scene.
There are 2 audio listeners in the scene. Please ensure there is always exactly one audio listener in the scene.
There are 2 audio listeners in the scene. Please ensure there is always exactly one audio listener in the scene.
There are 2 audio listeners in the scene. Please ensure there is always exactly one audio listener in the scene.
There are 2 audio listeners in the scene. Please ensure there is always exactly one audio listener in the scene.
There are 2 audio listeners in the scene. Please ensure there is always exactly one audio listener in the scene.
There are 2 audio listeners in the scene. Please ensure there is always exactly one audio listener in the scene.
There are 2 audio listeners in the scene. Please ensure there is always exactly one audio listener in the scene.
There are 2 audio listeners in the scene. Please ensure there is always exactly one audio listener in the scene.
There are 2 audio listeners in the scene. Please ensure there is always exactly one audio listener in the scene.
There are 2 audio listeners in the scene. Please ensure there is always exactly one audio listener in the scene.
There are 2 audio listeners in the scene. Please ensure there is always exactly one audio listener in the scene.
There are 2 audio listeners in the scene. Please ensure there is always exactly one audio listener in the scene.
There are 2 audio listeners in the scene. Please ensure there is always exactly one audio listener in the scene.
There are 2 audio listeners in the scene. Please ensure there is always exactly one audio listener in the scene.
There are 2 audio listeners in the scene. Please ensure there is always exactly one audio listener in the scene.
There are 2 audio listeners in the scene. Please ensure there is always exactly one audio listener in the scene.
There are 2 audio listeners in the scene. Please ensure there is always exactly one audio listener in the scene.
There are 2 audio listeners in the scene. Please ensure there is always exactly one audio listener in the scene.
There are 2 audio listeners in the scene. Please ensure there is always exactly one audio listener in the scene.
There are 2 audio listeners in the scene. Please ensure there is always exactly one audio listener in the scene.
There are 2 audio listeners in the scene. Please ensure there is always exactly one audio listener in the scene.
There are 2 audio listeners in the scene. Please ensure there is always exactly one audio listener in the scene.
There are 2 audio listeners in the scene. Please ensure there is always exactly one audio listener in the scene.
There are 2 audio listeners in the scene. Please ensure there is always exactly one audio listener in the scene.
There are 2 audio listeners in the scene. Please ensure there is always exactly one audio listener in the scene.
There are 2 audio listeners in the scene. Please ensure there is always exactly one audio listener in the scene.
There are 2 audio listeners in the scene. Please ensure there is always exactly one audio listener in the scene.
There are 2 audio listeners in the scene. Please ensure there is always exactly one audio listener in the scene.
There are 2 audio listeners in the scene. Please ensure there is always exactly one audio listener in the scene.
There are 2 audio listeners in the scene. Please ensure there is always exactly one audio listener in the scene.
There are 2 audio listeners in the scene. Please ensure there is always exactly one audio listener in the scene.
There are 2 audio listeners in the scene. Please ensure there is always exactly one audio listener in the scene.
There are 2 audio listeners in the scene. Please ensure there is always exactly one audio listener in the scene.
There are 2 audio listeners in the scene. Please ensure there is always exactly one audio listener in the scene.
There are 2 audio listeners in the scene. Please ensure there is always exactly one audio listener in the scene.
There are 2 audio listeners in the scene. Please ensure there is always exactly one audio listener in the scene.
There are 2 audio listeners in the scene. Please ensure there is always exactly one audio listener in the scene.
There are 2 audio listeners in the scene. Please ensure there is always exactly one audio listener in the scene.
There are 2 audio listeners in the scene. Please ensure there is always exactly one audio listener in the scene.
There are 2 audio listeners in the scene. Please ensure there is always exactly one audio listener in the scene.
There are 2 audio listeners in the scene. Please ensure there is always exactly one audio listener in the scene.
There are 2 audio listeners in the scene. Please ensure there is always exactly one audio listener in the scene.
There are 2 audio listeners in the scene. Please ensure there is always exactly one audio listener in the scene.
There are 2 audio listeners in the scene. Please ensure there is always exactly one audio listener in the scene.
There are 2 audio listeners in the scene. Please ensure there is always exactly one audio listener in the scene.
There are 2 audio listeners in the scene. Please ensure there is always exactly one audio listener in the scene.
There are 2 audio listeners in the scene. Please ensure there is always exactly one audio listener in the scene.
There are 2 audio listeners in the scene. Please ensure there is always exactly one audio listener in the scene.
There are 2 audio listeners in the scene. Please ensure there is always exactly one audio listener in the scene.
There are 2 audio listeners in the scene. Please ensure there is always exactly one audio listener in the scene.
There are 2 audio listeners in the scene. Please ensure there is always exactly one audio listener in the scene.
There are 2 audio listeners in the scene. Please ensure there is always exactly one audio listener in the scene.
There are 2 audio listeners in the scene. Please ensure there is always exactly one audio listener in the scene.
There are 2 audio listeners in the scene. Please ensure there is always exactly one audio listener in the scene.
There are 2 audio listeners in the scene. Please ensure there is always exactly one audio listener in the scene.
There are 2 audio listeners in the scene. Please ensure there is always exactly one audio listener in the scene.
There are 2 audio listeners in the scene. Please ensure there is always exactly one audio listener in the scene.
There are 2 audio listeners in the scene. Please ensure there is always exactly one audio listener in the scene.
There are 2 audio listeners in the scene. Please ensure there is always exactly one audio listener in the scene.
There are 2 audio listeners in the scene. Please ensure there is always exactly one audio listener in the scene.
There are 2 audio listeners in the scene. Please ensure there is always exactly one audio listener in the scene.
There are 2 audio listeners in the scene. Please ensure there is always exactly one audio listener in the scene.
There are 2 audio listeners in the scene. Please ensure there is always exactly one audio listener in the scene.
There are 2 audio listeners in the scene. Please ensure there is always exactly one audio listener in the scene.
There are 2 audio listeners in the scene. Please ensure there is always exactly one audio listener in the scene.
There are 2 audio listeners in the scene. Please ensure there is always exactly one audio listener in the scene.
There are 2 audio listeners in the scene. Please ensure there is always exactly one audio listener in the scene.
There are 2 audio listeners in the scene. Please ensure there is always exactly one audio listener in the scene.
There are 2 audio listeners in the scene. Please ensure there is always exactly one audio listener in the scene.
There are 2 audio listeners in the scene. Please ensure there is always exactly one audio listener in the scene.
There are 2 audio listeners in the scene. Please ensure there is always exactly one audio listener in the scene.
There are 2 audio listeners in the scene. Please ensure there is always exactly one audio listener in the scene.
There are 2 audio listeners in the scene. Please ensure there is always exactly one audio listener in the scene.
There are 2 audio listeners in the scene. Please ensure there is always exactly one audio listener in the scene.
There are 2 audio listeners in the scene. Please ensure there is always exactly one audio listener in the scene.
There are 2 audio listeners in the scene. Please ensure there is always exactly one audio listener in the scene.
There are 2 audio listeners in the scene. Please ensure there is always exactly one audio listener in the scene.
There are 2 audio listeners in the scene. Please ensure there is always exactly one audio listener in the scene.
There are 2 audio listeners in the scene. Please ensure there is always exactly one audio listener in the scene.
There are 2 audio listeners in the scene. Please ensure there is always exactly one audio listener in the scene.
There are 2 audio listeners in the scene. Please ensure there is always exactly one audio listener in the scene.
There are 2 audio listeners in the scene. Please ensure there is always exactly one audio listener in the scene.
There are 2 audio listeners in the scene. Please ensure there is always exactly one audio listener in the scene.
There are 2 audio listeners in the scene. Please ensure there is always exactly one audio listener in the scene.
There are 2 audio listeners in the scene. Please ensure there is always exactly one audio listener in the scene.
There are 2 audio listeners in the scene. Please ensure there is always exactly one audio listener in the scene.
There are 2 audio listeners in the scene. Please ensure there is always exactly one audio listener in the scene.
There are 2 audio listeners in the scene. Please ensure there is always exactly one audio listener in the scene.
There are 2 audio listeners in the scene. Please ensure there is always exactly one audio listener in the scene.
There are 2 audio listeners in the scene. Please ensure there is always exactly one audio listener in the scene.
There are 2 audio listeners in the scene. Please ensure there is always exactly one audio listener in the scene.
There are 2 audio listeners in the scene. Please ensure there is always exactly one audio listener in the scene.
There are 2 audio listeners in the scene. Please ensure there is always exactly one audio listener in the scene.
There are 2 audio listeners in the scene. Please ensure there is always exactly one audio listener in the scene.
There are 2 audio listeners in the scene. Please ensure there is always exactly one audio listener in the scene.
There are 2 audio listeners in the scene. Please ensure there is always exactly one audio listener in the scene.
There are 2 audio listeners in the scene. Please ensure there is always exactly one audio listener in the scene.
There are 2 audio listeners in the scene. Please ensure there is always exactly one audio listener in the scene.
There are 2 audio listeners in the scene. Please ensure there is always exactly one audio listener in the scene.
There are 2 audio listeners in the scene. Please ensure there is always exactly one audio listener in the scene.
There are 2 audio listeners in the scene. Please ensure there is always exactly one audio listener in the scene.
There are 2 audio listeners in the scene. Please ensure there is always exactly one audio listener in the scene.
There are 2 audio listeners in the scene. Please ensure there is always exactly one audio listener in the scene.
There are 2 audio listeners in the scene. Please ensure there is always exactly one audio listener in the scene.
There are 2 audio listeners in the scene. Please ensure there is always exactly one audio listener in the scene.
There are 2 audio listeners in the scene. Please ensure there is always exactly one audio listener in the scene.
There are 2 audio listeners in the scene. Please ensure there is always exactly one audio listener in the scene.
There are 2 audio listeners in the scene. Please ensure there is always exactly one audio listener in the scene.
There are 2 audio listeners in the scene. Please ensure there is always exactly one audio listener in the scene.
There are 2 audio listeners in the scene. Please ensure there is always exactly one audio listener in the scene.
There are 2 audio listeners in the scene. Please ensure there is always exactly one audio listener in the scene.
There are 2 audio listeners in the scene. Please ensure there is always exactly one audio listener in the scene.
There are 2 audio listeners in the scene. Please ensure there is always exactly one audio listener in the scene.
There are 2 audio listeners in the scene. Please ensure there is always exactly one audio listener in the scene.
There are 2 audio listeners in the scene. Please ensure there is always exactly one audio listener in the scene.
There are 2 audio listeners in the scene. Please ensure there is always exactly one audio listener in the scene.
There are 2 audio listeners in the scene. Please ensure there is always exactly one audio listener in the scene.
There are 2 audio listeners in the scene. Please ensure there is always exactly one audio listener in the scene.
There are 2 audio listeners in the scene. Please ensure there is always exactly one audio listener in the scene.
There are 2 audio listeners in the scene. Please ensure there is always exactly one audio listener in the scene.
There are 2 audio listeners in the scene. Please ensure there is always exactly one audio listener in the scene.
There are 2 audio listeners in the scene. Please ensure there is always exactly one audio listener in the scene.
There are 2 audio listeners in the scene. Please ensure there is always exactly one audio listener in the scene.
There are 2 audio listeners in the scene. Please ensure there is always exactly one audio listener in the scene.
There are 2 audio listeners in the scene. Please ensure there is always exactly one audio listener in the scene.
There are 2 audio listeners in the scene. Please ensure there is always exactly one audio listener in the scene.
There are 2 audio listeners in the scene. Please ensure there is always exactly one audio listener in the scene.
There are 2 audio listeners in the scene. Please ensure there is always exactly one audio listener in the scene.
There are 2 audio listeners in the scene. Please ensure there is always exactly one audio listener in the scene.
There are 2 audio listeners in the scene. Please ensure there is always exactly one audio listener in the scene.
There are 2 audio listeners in the scene. Please ensure there is always exactly one audio listener in the scene.
There are 2 audio listeners in the scene. Please ensure there is always exactly one audio listener in the scene.
There are 2 audio listeners in the scene. Please ensure there is always exactly one audio listener in the scene.
There are 2 audio listeners in the scene. Please ensure there is always exactly one audio listener in the scene.
There are 2 audio listeners in the scene. Please ensure there is always exactly one audio listener in the scene.
There are 2 audio listeners in the scene. Please ensure there is always exactly one audio listener in the scene.
There are 2 audio listeners in the scene. Please ensure there is always exactly one audio listener in the scene.
There are 2 audio listeners in the scene. Please ensure there is always exactly one audio listener in the scene.
There are 2 audio listeners in the scene. Please ensure there is always exactly one audio listener in the scene.
There are 2 audio listeners in the scene. Please ensure there is always exactly one audio listener in the scene.
There are 2 audio listeners in the scene. Please ensure there is always exactly one audio listener in the scene.
There are 2 audio listeners in the scene. Please ensure there is always exactly one audio listener in the scene.
There are 2 audio listeners in the scene. Please ensure there is always exactly one audio listener in the scene.
There are 2 audio listeners in the scene. Please ensure there is always exactly one audio listener in the scene.
There are 2 audio listeners in the scene. Please ensure there is always exactly one audio listener in the scene.
There are 2 audio listeners in the scene. Please ensure there is always exactly one audio listener in the scene.
There are 2 audio listeners in the scene. Please ensure there is always exactly one audio listener in the scene.
There are 2 audio listeners in the scene. Please ensure there is always exactly one audio listener in the scene.
There are 2 audio listeners in the scene. Please ensure there is always exactly one audio listener in the scene.
There are 2 audio listeners in the scene. Please ensure there is always exactly one audio listener in the scene.
There are 2 audio listeners in the scene. Please ensure there is always exactly one audio listener in the scene.
There are 2 audio listeners in the scene. Please ensure there is always exactly one audio listener in the scene.
There are 2 audio listeners in the scene. Please ensure there is always exactly one audio listener in the scene.
There are 2 audio listeners in the scene. Please ensure there is always exactly one audio listener in the scene.
There are 2 audio listeners in the scene. Please ensure there is always exactly one audio listener in the scene.
There are 2 audio listeners in the scene. Please ensure there is always exactly one audio listener in the scene.
There are 2 audio listeners in the scene. Please ensure there is always exactly one audio listener in the scene.
There are 2 audio listeners in the scene. Please ensure there is always exactly one audio listener in the scene.
There are 2 audio listeners in the scene. Please ensure there is always exactly one audio listener in the scene.
There are 2 audio listeners in the scene. Please ensure there is always exactly one audio listener in the scene.
There are 2 audio listeners in the scene. Please ensure there is always exactly one audio listener in the scene.
There are 2 audio listeners in the scene. Please ensure there is always exactly one audio listener in the scene.
There are 2 audio listeners in the scene. Please ensure there is always exactly one audio listener in the scene.
There are 2 audio listeners in the scene. Please ensure there is always exactly one audio listener in the scene.
There are 2 audio listeners in the scene. Please ensure there is always exactly one audio listener in the scene.
There are 2 audio listeners in the scene. Please ensure there is always exactly one audio listener in the scene.
There are 2 audio listeners in the scene. Please ensure there is always exactly one audio listener in the scene.
There are 2 audio listeners in the scene. Please ensure there is always exactly one audio listener in the scene.
There are 2 audio listeners in the scene. Please ensure there is always exactly one audio listener in the scene.
There are 2 audio listeners in the scene. Please ensure there is always exactly one audio listener in the scene.
There are 2 audio listeners in the scene. Please ensure there is always exactly one audio listener in the scene.
There are 2 audio listeners in the scene. Please ensure there is always exactly one audio listener in the scene.
There are 2 audio listeners in the scene. Please ensure there is always exactly one audio listener in the scene.
There are 2 audio listeners in the scene. Please ensure there is always exactly one audio listener in the scene.
There are 2 audio listeners in the scene. Please ensure there is always exactly one audio listener in the scene.
There are 2 audio listeners in the scene. Please ensure there is always exactly one audio listener in the scene.
There are 2 audio listeners in the scene. Please ensure there is always exactly one audio listener in the scene.
There are 2 audio listeners in the scene. Please ensure there is always exactly one audio listener in the scene.
There are 2 audio listeners in the scene. Please ensure there is always exactly one audio listener in the scene.
There are 2 audio listeners in the scene. Please ensure there is always exactly one audio listener in the scene.
There are 2 audio listeners in the scene. Please ensure there is always exactly one audio listener in the scene.
There are 2 audio listeners in the scene. Please ensure there is always exactly one audio listener in the scene.
There are 2 audio listeners in the scene. Please ensure there is always exactly one audio listener in the scene.
There are 2 audio listeners in the scene. Please ensure there is always exactly one audio listener in the scene.
There are 2 audio listeners in the scene. Please ensure there is always exactly one audio listener in the scene.
There are 2 audio listeners in the scene. Please ensure there is always exactly one audio listener in the scene.
There are 2 audio listeners in the scene. Please ensure there is always exactly one audio listener in the scene.
There are 2 audio listeners in the scene. Please ensure there is always exactly one audio listener in the scene.
There are 2 audio listeners in the scene. Please ensure there is always exactly one audio listener in the scene.
There are 2 audio listeners in the scene. Please ensure there is always exactly one audio listener in the scene.
There are 2 audio listeners in the scene. Please ensure there is always exactly one audio listener in the scene.
There are 2 audio listeners in the scene. Please ensure there is always exactly one audio listener in the scene.
There are 2 audio listeners in the scene. Please ensure there is always exactly one audio listener in the scene.
There are 2 audio listeners in the scene. Please ensure there is always exactly one audio listener in the scene.
There are 2 audio listeners in the scene. Please ensure there is always exactly one audio listener in the scene.
There are 2 audio listeners in the scene. Please ensure there is always exactly one audio listener in the scene.
There are 2 audio listeners in the scene. Please ensure there is always exactly one audio listener in the scene.
There are 2 audio listeners in the scene. Please ensure there is always exactly one audio listener in the scene.
There are 2 audio listeners in the scene. Please ensure there is always exactly one audio listener in the scene.
There are 2 audio listeners in the scene. Please ensure there is always exactly one audio listener in the scene.
There are 2 audio listeners in the scene. Please ensure there is always exactly one audio listener in the scene.
There are 2 audio listeners in the scene. Please ensure there is always exactly one audio listener in the scene.
There are 2 audio listeners in the scene. Please ensure there is always exactly one audio listener in the scene.
There are 2 audio listeners in the scene. Please ensure there is always exactly one audio listener in the scene.
There are 2 audio listeners in the scene. Please ensure there is always exactly one audio listener in the scene.
There are 2 audio listeners in the scene. Please ensure there is always exactly one audio listener in the scene.
There are 2 audio listeners in the scene. Please ensure there is always exactly one audio listener in the scene.
There are 2 audio listeners in the scene. Please ensure there is always exactly one audio listener in the scene.
There are 2 audio listeners in the scene. Please ensure there is always exactly one audio listener in the scene.
There are 2 audio listeners in the scene. Please ensure there is always exactly one audio listener in the scene.
There are 2 audio listeners in the scene. Please ensure there is always exactly one audio listener in the scene.
There are 2 audio listeners in the scene. Please ensure there is always exactly one audio listener in the scene.
There are 2 audio listeners in the scene. Please ensure there is always exactly one audio listener in the scene.
There are 2 audio listeners in the scene. Please ensure there is always exactly one audio listener in the scene.
There are 2 audio listeners in the scene. Please ensure there is always exactly one audio listener in the scene.
There are 2 audio listeners in the scene. Please ensure there is always exactly one audio listener in the scene.
There are 2 audio listeners in the scene. Please ensure there is always exactly one audio listener in the scene.
There are 2 audio listeners in the scene. Please ensure there is always exactly one audio listener in the scene.
There are 2 audio listeners in the scene. Please ensure there is always exactly one audio listener in the scene.
There are 2 audio listeners in the scene. Please ensure there is always exactly one audio listener in the scene.
There are 2 audio listeners in the scene. Please ensure there is always exactly one audio listener in the scene.
There are 2 audio listeners in the scene. Please ensure there is always exactly one audio listener in the scene.
There are 2 audio listeners in the scene. Please ensure there is always exactly one audio listener in the scene.
There are 2 audio listeners in the scene. Please ensure there is always exactly one audio listener in the scene.
There are 2 audio listeners in the scene. Please ensure there is always exactly one audio listener in the scene.
There are 2 audio listeners in the scene. Please ensure there is always exactly one audio listener in the scene.
There are 2 audio listeners in the scene. Please ensure there is always exactly one audio listener in the scene.
There are 2 audio listeners in the scene. Please ensure there is always exactly one audio listener in the scene.
There are 2 audio listeners in the scene. Please ensure there is always exactly one audio listener in the scene.
There are 2 audio listeners in the scene. Please ensure there is always exactly one audio listener in the scene.
There are 2 audio listeners in the scene. Please ensure there is always exactly one audio listener in the scene.
There are 2 audio listeners in the scene. Please ensure there is always exactly one audio listener in the scene.
There are 2 audio listeners in the scene. Please ensure there is always exactly one audio listener in the scene.
There are 2 audio listeners in the scene. Please ensure there is always exactly one audio listener in the scene.
There are 2 audio listeners in the scene. Please ensure there is always exactly one audio listener in the scene.
There are 2 audio listeners in the scene. Please ensure there is always exactly one audio listener in the scene.
There are 2 audio listeners in the scene. Please ensure there is always exactly one audio listener in the scene.
There are 2 audio listeners in the scene. Please ensure there is always exactly one audio listener in the scene.
There are 2 audio listeners in the scene. Please ensure there is always exactly one audio listener in the scene.
There are 2 audio listeners in the scene. Please ensure there is always exactly one audio listener in the scene.
There are 2 audio listeners in the scene. Please ensure there is always exactly one audio listener in the scene.
There are 2 audio listeners in the scene. Please ensure there is always exactly one audio listener in the scene.
There are 2 audio listeners in the scene. Please ensure there is always exactly one audio listener in the scene.
There are 2 audio listeners in the scene. Please ensure there is always exactly one audio listener in the scene.
There are 2 audio listeners in the scene. Please ensure there is always exactly one audio listener in the scene.
There are 2 audio listeners in the scene. Please ensure there is always exactly one audio listener in the scene.
There are 2 audio listeners in the scene. Please ensure there is always exactly one audio listener in the scene.
There are 2 audio listeners in the scene. Please ensure there is always exactly one audio listener in the scene.
There are 2 audio listeners in the scene. Please ensure there is always exactly one audio listener in the scene.
There are 2 audio listeners in the scene. Please ensure there is always exactly one audio listener in the scene.
There are 2 audio listeners in the scene. Please ensure there is always exactly one audio listener in the scene.
There are 2 audio listeners in the scene. Please ensure there is always exactly one audio listener in the scene.
There are 2 audio listeners in the scene. Please ensure there is always exactly one audio listener in the scene.
There are 2 audio listeners in the scene. Please ensure there is always exactly one audio listener in the scene.
There are 2 audio listeners in the scene. Please ensure there is always exactly one audio listener in the scene.
There are 2 audio listeners in the scene. Please ensure there is always exactly one audio listener in the scene.
There are 2 audio listeners in the scene. Please ensure there is always exactly one audio listener in the scene.
There are 2 audio listeners in the scene. Please ensure there is always exactly one audio listener in the scene.
There are 2 audio listeners in the scene. Please ensure there is always exactly one audio listener in the scene.
There are 2 audio listeners in the scene. Please ensure there is always exactly one audio listener in the scene.
There are 2 audio listeners in the scene. Please ensure there is always exactly one audio listener in the scene.
There are 2 audio listeners in the scene. Please ensure there is always exactly one audio listener in the scene.
There are 2 audio listeners in the scene. Please ensure there is always exactly one audio listener in the scene.
There are 2 audio listeners in the scene. Please ensure there is always exactly one audio listener in the scene.
There are 2 audio listeners in the scene. Please ensure there is always exactly one audio listener in the scene.
There are 2 audio listeners in the scene. Please ensure there is always exactly one audio listener in the scene.
There are 2 audio listeners in the scene. Please ensure there is always exactly one audio listener in the scene.
There are 2 audio listeners in the scene. Please ensure there is always exactly one audio listener in the scene.
There are 2 audio listeners in the scene. Please ensure there is always exactly one audio listener in the scene.
There are 2 audio listeners in the scene. Please ensure there is always exactly one audio listener in the scene.
There are 2 audio listeners in the scene. Please ensure there is always exactly one audio listener in the scene.
There are 2 audio listeners in the scene. Please ensure there is always exactly one audio listener in the scene.
There are 2 audio listeners in the scene. Please ensure there is always exactly one audio listener in the scene.
There are 2 audio listeners in the scene. Please ensure there is always exactly one audio listener in the scene.
There are 2 audio listeners in the scene. Please ensure there is always exactly one audio listener in the scene.
There are 2 audio listeners in the scene. Please ensure there is always exactly one audio listener in the scene.
There are 2 audio listeners in the scene. Please ensure there is always exactly one audio listener in the scene.
There are 2 audio listeners in the scene. Please ensure there is always exactly one audio listener in the scene.
There are 2 audio listeners in the scene. Please ensure there is always exactly one audio listener in the scene.
There are 2 audio listeners in the scene. Please ensure there is always exactly one audio listener in the scene.
There are 2 audio listeners in the scene. Please ensure there is always exactly one audio listener in the scene.
There are 2 audio listeners in the scene. Please ensure there is always exactly one audio listener in the scene.
There are 2 audio listeners in the scene. Please ensure there is always exactly one audio listener in the scene.
There are 2 audio listeners in the scene. Please ensure there is always exactly one audio listener in the scene.
There are 2 audio listeners in the scene. Please ensure there is always exactly one audio listener in the scene.
There are 2 audio listeners in the scene. Please ensure there is always exactly one audio listener in the scene.
There are 2 audio listeners in the scene. Please ensure there is always exactly one audio listener in the scene.
There are 2 audio listeners in the scene. Please ensure there is always exactly one audio listener in the scene.
There are 2 audio listeners in the scene. Please ensure there is always exactly one audio listener in the scene.
There are 2 audio listeners in the scene. Please ensure there is always exactly one audio listener in the scene.
There are 2 audio listeners in the scene. Please ensure there is always exactly one audio listener in the scene.
There are 2 audio listeners in the scene. Please ensure there is always exactly one audio listener in the scene.
There are 2 audio listeners in the scene. Please ensure there is always exactly one audio listener in the scene.
There are 2 audio listeners in the scene. Please ensure there is always exactly one audio listener in the scene.
There are 2 audio listeners in the scene. Please ensure there is always exactly one audio listener in the scene.
There are 2 audio listeners in the scene. Please ensure there is always exactly one audio listener in the scene.
There are 2 audio listeners in the scene. Please ensure there is always exactly one audio listener in the scene.
There are 2 audio listeners in the scene. Please ensure there is always exactly one audio listener in the scene.
There are 2 audio listeners in the scene. Please ensure there is always exactly one audio listener in the scene.
There are 2 audio listeners in the scene. Please ensure there is always exactly one audio listener in the scene.
There are 2 audio listeners in the scene. Please ensure there is always exactly one audio listener in the scene.
There are 2 audio listeners in the scene. Please ensure there is always exactly one audio listener in the scene.
There are 2 audio listeners in the scene. Please ensure there is always exactly one audio listener in the scene.
There are 2 audio listeners in the scene. Please ensure there is always exactly one audio listener in the scene.
There are 2 audio listeners in the scene. Please ensure there is always exactly one audio listener in the scene.
There are 2 audio listeners in the scene. Please ensure there is always exactly one audio listener in the scene.
There are 2 audio listeners in the scene. Please ensure there is always exactly one audio listener in the scene.
There are 2 audio listeners in the scene. Please ensure there is always exactly one audio listener in the scene.
There are 2 audio listeners in the scene. Please ensure there is always exactly one audio listener in the scene.
There are 2 audio listeners in the scene. Please ensure there is always exactly one audio listener in the scene.
There are 2 audio listeners in the scene. Please ensure there is always exactly one audio listener in the scene.
There are 2 audio listeners in the scene. Please ensure there is always exactly one audio listener in the scene.
There are 2 audio listeners in the scene. Please ensure there is always exactly one audio listener in the scene.
There are 2 audio listeners in the scene. Please ensure there is always exactly one audio listener in the scene.
There are 2 audio listeners in the scene. Please ensure there is always exactly one audio listener in the scene.
There are 2 audio listeners in the scene. Please ensure there is always exactly one audio listener in the scene.
There are 2 audio listeners in the scene. Please ensure there is always exactly one audio listener in the scene.
There are 2 audio listeners in the scene. Please ensure there is always exactly one audio listener in the scene.
There are 2 audio listeners in the scene. Please ensure there is always exactly one audio listener in the scene.
There are 2 audio listeners in the scene. Please ensure there is always exactly one audio listener in the scene.
There are 2 audio listeners in the scene. Please ensure there is always exactly one audio listener in the scene.
There are 2 audio listeners in the scene. Please ensure there is always exactly one audio listener in the scene.
There are 2 audio listeners in the scene. Please ensure there is always exactly one audio listener in the scene.
There are 2 audio listeners in the scene. Please ensure there is always exactly one audio listener in the scene.
There are 2 audio listeners in the scene. Please ensure there is always exactly one audio listener in the scene.
There are 2 audio listeners in the scene. Please ensure there is always exactly one audio listener in the scene.
There are 2 audio listeners in the scene. Please ensure there is always exactly one audio listener in the scene.
There are 2 audio listeners in the scene. Please ensure there is always exactly one audio listener in the scene.
There are 2 audio listeners in the scene. Please ensure there is always exactly one audio listener in the scene.
There are 2 audio listeners in the scene. Please ensure there is always exactly one audio listener in the scene.
There are 2 audio listeners in the scene. Please ensure there is always exactly one audio listener in the scene.
There are 2 audio listeners in the scene. Please ensure there is always exactly one audio listener in the scene.
There are 2 audio listeners in the scene. Please ensure there is always exactly one audio listener in the scene.
There are 2 audio listeners in the scene. Please ensure there is always exactly one audio listener in the scene.
There are 2 audio listeners in the scene. Please ensure there is always exactly one audio listener in the scene.
There are 2 audio listeners in the scene. Please ensure there is always exactly one audio listener in the scene.
There are 2 audio listeners in the scene. Please ensure there is always exactly one audio listener in the scene.
There are 2 audio listeners in the scene. Please ensure there is always exactly one audio listener in the scene.
There are 2 audio listeners in the scene. Please ensure there is always exactly one audio listener in the scene.
There are 2 audio listeners in the scene. Please ensure there is always exactly one audio listener in the scene.
There are 2 audio listeners in the scene. Please ensure there is always exactly one audio listener in the scene.
There are 2 audio listeners in the scene. Please ensure there is always exactly one audio listener in the scene.
There are 2 audio listeners in the scene. Please ensure there is always exactly one audio listener in the scene.
There are 2 audio listeners in the scene. Please ensure there is always exactly one audio listener in the scene.
There are 2 audio listeners in the scene. Please ensure there is always exactly one audio listener in the scene.
There are 2 audio listeners in the scene. Please ensure there is always exactly one audio listener in the scene.
There are 2 audio listeners in the scene. Please ensure there is always exactly one audio listener in the scene.
There are 2 audio listeners in the scene. Please ensure there is always exactly one audio listener in the scene.
There are 2 audio listeners in the scene. Please ensure there is always exactly one audio listener in the scene.
There are 2 audio listeners in the scene. Please ensure there is always exactly one audio listener in the scene.
There are 2 audio listeners in the scene. Please ensure there is always exactly one audio listener in the scene.
There are 2 audio listeners in the scene. Please ensure there is always exactly one audio listener in the scene.
There are 2 audio listeners in the scene. Please ensure there is always exactly one audio listener in the scene.
There are 2 audio listeners in the scene. Please ensure there is always exactly one audio listener in the scene.
There are 2 audio listeners in the scene. Please ensure there is always exactly one audio listener in the scene.
There are 2 audio listeners in the scene. Please ensure there is always exactly one audio listener in the scene.
There are 2 audio listeners in the scene. Please ensure there is always exactly one audio listener in the scene.
There are 2 audio listeners in the scene. Please ensure there is always exactly one audio listener in the scene.
There are 2 audio listeners in the scene. Please ensure there is always exactly one audio listener in the scene.
There are 2 audio listeners in the scene. Please ensure there is always exactly one audio listener in the scene.
There are 2 audio listeners in the scene. Please ensure there is always exactly one audio listener in the scene.
There are 2 audio listeners in the scene. Please ensure there is always exactly one audio listener in the scene.
There are 2 audio listeners in the scene. Please ensure there is always exactly one audio listener in the scene.
There are 2 audio listeners in the scene. Please ensure there is always exactly one audio listener in the scene.
There are 2 audio listeners in the scene. Please ensure there is always exactly one audio listener in the scene.
There are 2 audio listeners in the scene. Please ensure there is always exactly one audio listener in the scene.
There are 2 audio listeners in the scene. Please ensure there is always exactly one audio listener in the scene.
There are 2 audio listeners in the scene. Please ensure there is always exactly one audio listener in the scene.
There are 2 audio listeners in the scene. Please ensure there is always exactly one audio listener in the scene.
There are 2 audio listeners in the scene. Please ensure there is always exactly one audio listener in the scene.
There are 2 audio listeners in the scene. Please ensure there is always exactly one audio listener in the scene.
There are 2 audio listeners in the scene. Please ensure there is always exactly one audio listener in the scene.
There are 2 audio listeners in the scene. Please ensure there is always exactly one audio listener in the scene.
There are 2 audio listeners in the scene. Please ensure there is always exactly one audio listener in the scene.
There are 2 audio listeners in the scene. Please ensure there is always exactly one audio listener in the scene.
There are 2 audio listeners in the scene. Please ensure there is always exactly one audio listener in the scene.
There are 2 audio listeners in the scene. Please ensure there is always exactly one audio listener in the scene.
There are 2 audio listeners in the scene. Please ensure there is always exactly one audio listener in the scene.
There are 2 audio listeners in the scene. Please ensure there is always exactly one audio listener in the scene.
There are 2 audio listeners in the scene. Please ensure there is always exactly one audio listener in the scene.
There are 2 audio listeners in the scene. Please ensure there is always exactly one audio listener in the scene.
There are 2 audio listeners in the scene. Please ensure there is always exactly one audio listener in the scene.
There are 2 audio listeners in the scene. Please ensure there is always exactly one audio listener in the scene.
There are 2 audio listeners in the scene. Please ensure there is always exactly one audio listener in the scene.
There are 2 audio listeners in the scene. Please ensure there is always exactly one audio listener in the scene.
There are 2 audio listeners in the scene. Please ensure there is always exactly one audio listener in the scene.
There are 2 audio listeners in the scene. Please ensure there is always exactly one audio listener in the scene.
There are 2 audio listeners in the scene. Please ensure there is always exactly one audio listener in the scene.
There are 2 audio listeners in the scene. Please ensure there is always exactly one audio listener in the scene.
There are 2 audio listeners in the scene. Please ensure there is always exactly one audio listener in the scene.
There are 2 audio listeners in the scene. Please ensure there is always exactly one audio listener in the scene.
There are 2 audio listeners in the scene. Please ensure there is always exactly one audio listener in the scene.
There are 2 audio listeners in the scene. Please ensure there is always exactly one audio listener in the scene.
There are 2 audio listeners in the scene. Please ensure there is always exactly one audio listener in the scene.
There are 2 audio listeners in the scene. Please ensure there is always exactly one audio listener in the scene.
There are 2 audio listeners in the scene. Please ensure there is always exactly one audio listener in the scene.
There are 2 audio listeners in the scene. Please ensure there is always exactly one audio listener in the scene.
There are 2 audio listeners in the scene. Please ensure there is always exactly one audio listener in the scene.
There are 2 audio listeners in the scene. Please ensure there is always exactly one audio listener in the scene.
There are 2 audio listeners in the scene. Please ensure there is always exactly one audio listener in the scene.
There are 2 audio listeners in the scene. Please ensure there is always exactly one audio listener in the scene.
There are 2 audio listeners in the scene. Please ensure there is always exactly one audio listener in the scene.
There are 2 audio listeners in the scene. Please ensure there is always exactly one audio listener in the scene.
There are 2 audio listeners in the scene. Please ensure there is always exactly one audio listener in the scene.
There are 2 audio listeners in the scene. Please ensure there is always exactly one audio listener in the scene.
There are 2 audio listeners in the scene. Please ensure there is always exactly one audio listener in the scene.
There are 2 audio listeners in the scene. Please ensure there is always exactly one audio listener in the scene.
There are 2 audio listeners in the scene. Please ensure there is always exactly one audio listener in the scene.
There are 2 audio listeners in the scene. Please ensure there is always exactly one audio listener in the scene.
There are 2 audio listeners in the scene. Please ensure there is always exactly one audio listener in the scene.
There are 2 audio listeners in the scene. Please ensure there is always exactly one audio listener in the scene.
There are 2 audio listeners in the scene. Please ensure there is always exactly one audio listener in the scene.
There are 2 audio listeners in the scene. Please ensure there is always exactly one audio listener in the scene.
There are 2 audio listeners in the scene. Please ensure there is always exactly one audio listener in the scene.
There are 2 audio listeners in the scene. Please ensure there is always exactly one audio listener in the scene.
There are 2 audio listeners in the scene. Please ensure there is always exactly one audio listener in the scene.
There are 2 audio listeners in the scene. Please ensure there is always exactly one audio listener in the scene.
There are 2 audio listeners in the scene. Please ensure there is always exactly one audio listener in the scene.
There are 2 audio listeners in the scene. Please ensure there is always exactly one audio listener in the scene.
There are 2 audio listeners in the scene. Please ensure there is always exactly one audio listener in the scene.
There are 2 audio listeners in the scene. Please ensure there is always exactly one audio listener in the scene.
There are 2 audio listeners in the scene. Please ensure there is always exactly one audio listener in the scene.
There are 2 audio listeners in the scene. Please ensure there is always exactly one audio listener in the scene.
There are 2 audio listeners in the scene. Please ensure there is always exactly one audio listener in the scene.
There are 2 audio listeners in the scene. Please ensure there is always exactly one audio listener in the scene.
There are 2 audio listeners in the scene. Please ensure there is always exactly one audio listener in the scene.
There are 2 audio listeners in the scene. Please ensure there is always exactly one audio listener in the scene.
There are 2 audio listeners in the scene. Please ensure there is always exactly one audio listener in the scene.
There are 2 audio listeners in the scene. Please ensure there is always exactly one audio listener in the scene.
There are 2 audio listeners in the scene. Please ensure there is always exactly one audio listener in the scene.
There are 2 audio listeners in the scene. Please ensure there is always exactly one audio listener in the scene.
There are 2 audio listeners in the scene. Please ensure there is always exactly one audio listener in the scene.
There are 2 audio listeners in the scene. Please ensure there is always exactly one audio listener in the scene.
There are 2 audio listeners in the scene. Please ensure there is always exactly one audio listener in the scene.
There are 2 audio listeners in the scene. Please ensure there is always exactly one audio listener in the scene.
There are 2 audio listeners in the scene. Please ensure there is always exactly one audio listener in the scene.
There are 2 audio listeners in the scene. Please ensure there is always exactly one audio listener in the scene.
There are 2 audio listeners in the scene. Please ensure there is always exactly one audio listener in the scene.
There are 2 audio listeners in the scene. Please ensure there is always exactly one audio listener in the scene.
There are 2 audio listeners in the scene. Please ensure there is always exactly one audio listener in the scene.
There are 2 audio listeners in the scene. Please ensure there is always exactly one audio listener in the scene.
There are 2 audio listeners in the scene. Please ensure there is always exactly one audio listener in the scene.
There are 2 audio listeners in the scene. Please ensure there is always exactly one audio listener in the scene.
There are 2 audio listeners in the scene. Please ensure there is always exactly one audio listener in the scene.
There are 2 audio listeners in the scene. Please ensure there is always exactly one audio listener in the scene.
There are 2 audio listeners in the scene. Please ensure there is always exactly one audio listener in the scene.
There are 2 audio listeners in the scene. Please ensure there is always exactly one audio listener in the scene.
There are 2 audio listeners in the scene. Please ensure there is always exactly one audio listener in the scene.
There are 2 audio listeners in the scene. Please ensure there is always exactly one audio listener in the scene.
There are 2 audio listeners in the scene. Please ensure there is always exactly one audio listener in the scene.
There are 2 audio listeners in the scene. Please ensure there is always exactly one audio listener in the scene.
There are 2 audio listeners in the scene. Please ensure there is always exactly one audio listener in the scene.
There are 2 audio listeners in the scene. Please ensure there is always exactly one audio listener in the scene.
There are 2 audio listeners in the scene. Please ensure there is always exactly one audio listener in the scene.
There are 2 audio listeners in the scene. Please ensure there is always exactly one audio listener in the scene.
There are 2 audio listeners in the scene. Please ensure there is always exactly one audio listener in the scene.
There are 2 audio listeners in the scene. Please ensure there is always exactly one audio listener in the scene.
There are 2 audio listeners in the scene. Please ensure there is always exactly one audio listener in the scene.
There are 2 audio listeners in the scene. Please ensure there is always exactly one audio listener in the scene.
There are 2 audio listeners in the scene. Please ensure there is always exactly one audio listener in the scene.
There are 2 audio listeners in the scene. Please ensure there is always exactly one audio listener in the scene.
There are 2 audio listeners in the scene. Please ensure there is always exactly one audio listener in the scene.
There are 2 audio listeners in the scene. Please ensure there is always exactly one audio listener in the scene.
There are 2 audio listeners in the scene. Please ensure there is always exactly one audio listener in the scene.
There are 2 audio listeners in the scene. Please ensure there is always exactly one audio listener in the scene.
There are 2 audio listeners in the scene. Please ensure there is always exactly one audio listener in the scene.
There are 2 audio listeners in the scene. Please ensure there is always exactly one audio listener in the scene.
There are 2 audio listeners in the scene. Please ensure there is always exactly one audio listener in the scene.
There are 2 audio listeners in the scene. Please ensure there is always exactly one audio listener in the scene.
There are 2 audio listeners in the scene. Please ensure there is always exactly one audio listener in the scene.
There are 2 audio listeners in the scene. Please ensure there is always exactly one audio listener in the scene.
There are 2 audio listeners in the scene. Please ensure there is always exactly one audio listener in the scene.
There are 2 audio listeners in the scene. Please ensure there is always exactly one audio listener in the scene.
There are 2 audio listeners in the scene. Please ensure there is always exactly one audio listener in the scene.
There are 2 audio listeners in the scene. Please ensure there is always exactly one audio listener in the scene.
There are 2 audio listeners in the scene. Please ensure there is always exactly one audio listener in the scene.
There are 2 audio listeners in the scene. Please ensure there is always exactly one audio listener in the scene.
There are 2 audio listeners in the scene. Please ensure there is always exactly one audio listener in the scene.
There are 2 audio listeners in the scene. Please ensure there is always exactly one audio listener in the scene.
There are 2 audio listeners in the scene. Please ensure there is always exactly one audio listener in the scene.
There are 2 audio listeners in the scene. Please ensure there is always exactly one audio listener in the scene.
There are 2 audio listeners in the scene. Please ensure there is always exactly one audio listener in the scene.
There are 2 audio listeners in the scene. Please ensure there is always exactly one audio listener in the scene.
There are 2 audio listeners in the scene. Please ensure there is always exactly one audio listener in the scene.
There are 2 audio listeners in the scene. Please ensure there is always exactly one audio listener in the scene.
There are 2 audio listeners in the scene. Please ensure there is always exactly one audio listener in the scene.
There are 2 audio listeners in the scene. Please ensure there is always exactly one audio listener in the scene.
There are 2 audio listeners in the scene. Please ensure there is always exactly one audio listener in the scene.
There are 2 audio listeners in the scene. Please ensure there is always exactly one audio listener in the scene.
There are 2 audio listeners in the scene. Please ensure there is always exactly one audio listener in the scene.
There are 2 audio listeners in the scene. Please ensure there is always exactly one audio listener in the scene.
There are 2 audio listeners in the scene. Please ensure there is always exactly one audio listener in the scene.
There are 2 audio listeners in the scene. Please ensure there is always exactly one audio listener in the scene.
There are 2 audio listeners in the scene. Please ensure there is always exactly one audio listener in the scene.
There are 2 audio listeners in the scene. Please ensure there is always exactly one audio listener in the scene.
There are 2 audio listeners in the scene. Please ensure there is always exactly one audio listener in the scene.
There are 2 audio listeners in the scene. Please ensure there is always exactly one audio listener in the scene.
There are 2 audio listeners in the scene. Please ensure there is always exactly one audio listener in the scene.
There are 2 audio listeners in the scene. Please ensure there is always exactly one audio listener in the scene.
There are 2 audio listeners in the scene. Please ensure there is always exactly one audio listener in the scene.
There are 2 audio listeners in the scene. Please ensure there is always exactly one audio listener in the scene.
Unloading 6 Unused Serialized files (Serialized files now loaded: 0)
UnloadTime: 6.724400 ms
Loaded scene 'Assets/Scenes/options.unity'
	Deserialize:            4.748 ms
	Integration:            22.236 ms
	Integration of assets:  0.054 ms
	Thread Wait Time:       3.110 ms
	Total Operation Time:   30.148 ms
Unloading 7132 unused Assets / (4.2 MB). Loaded Objects now: 10221.
Memory consumption went from 0.71 GB to 0.70 GB.
Total: 28.732800 ms (FindLiveObjects: 2.198300 ms CreateObjectMapping: 0.542900 ms MarkObjects: 23.562800 ms  DeleteObjects: 2.126100 ms)

Unloading 3 Unused Serialized files (Serialized files now loaded: 0)
UnloadTime: 0.614600 ms
[FSEC] Duplicate, destroying
UnityEngine.Debug:ExtractStackTraceNoAlloc (byte*,int,string)
UnityEngine.StackTraceUtility:ExtractStackTrace ()
UnityEngine.DebugLogHandler:Internal_Log (UnityEngine.LogType,UnityEngine.LogOption,string,UnityEngine.Object)
UnityEngine.DebugLogHandler:LogFormat (UnityEngine.LogType,UnityEngine.Object,string,object[])
UnityEngine.Logger:Log (UnityEngine.LogType,object)
UnityEngine.Debug:Log (object)
FullScreenEffectController:Awake () (at Assets/Scripts/FullScreenEffectController.cs:21)

(Filename: Assets/Scripts/FullScreenEffectController.cs Line: 21)

Loaded scene 'Temp/__Backupscenes/0.backup'
	Deserialize:            4.464 ms
	Integration:            15.049 ms
	Integration of assets:  0.248 ms
	Thread Wait Time:       2.599 ms
	Total Operation Time:   22.360 ms
Unloading 4 unused Assets / (1.3 MB). Loaded Objects now: 10249.
Memory consumption went from 0.70 GB to 0.70 GB.
Total: 24.212700 ms (FindLiveObjects: 1.370800 ms CreateObjectMapping: 0.269400 ms MarkObjects: 22.198400 ms  DeleteObjects: 0.079300 ms)

There are 2 audio listeners in the scene. Please ensure there is always exactly one audio listener in the scene.
There are 2 audio listeners in the scene. Please ensure there is always exactly one audio listener in the scene.
There are 2 audio listeners in the scene. Please ensure there is always exactly one audio listener in the scene.
There are 2 audio listeners in the scene. Please ensure there is always exactly one audio listener in the scene.
There are 2 audio listeners in the scene. Please ensure there is always exactly one audio listener in the scene.
There are 2 audio listeners in the scene. Please ensure there is always exactly one audio listener in the scene.
There are 2 audio listeners in the scene. Please ensure there is always exactly one audio listener in the scene.
There are 2 audio listeners in the scene. Please ensure there is always exactly one audio listener in the scene.
There are 2 audio listeners in the scene. Please ensure there is always exactly one audio listener in the scene.
There are 2 audio listeners in the scene. Please ensure there is always exactly one audio listener in the scene.
There are 2 audio listeners in the scene. Please ensure there is always exactly one audio listener in the scene.
There are 2 audio listeners in the scene. Please ensure there is always exactly one audio listener in the scene.
There are 2 audio listeners in the scene. Please ensure there is always exactly one audio listener in the scene.
There are 2 audio listeners in the scene. Please ensure there is always exactly one audio listener in the scene.
There are 2 audio listeners in the scene. Please ensure there is always exactly one audio listener in the scene.
There are 2 audio listeners in the scene. Please ensure there is always exactly one audio listener in the scene.
There are 2 audio listeners in the scene. Please ensure there is always exactly one audio listener in the scene.
There are 2 audio listeners in the scene. Please ensure there is always exactly one audio listener in the scene.
There are 2 audio listeners in the scene. Please ensure there is always exactly one audio listener in the scene.
There are 2 audio listeners in the scene. Please ensure there is always exactly one audio listener in the scene.
There are 2 audio listeners in the scene. Please ensure there is always exactly one audio listener in the scene.
There are 2 audio listeners in the scene. Please ensure there is always exactly one audio listener in the scene.
There are 2 audio listeners in the scene. Please ensure there is always exactly one audio listener in the scene.
There are 2 audio listeners in the scene. Please ensure there is always exactly one audio listener in the scene.
There are 2 audio listeners in the scene. Please ensure there is always exactly one audio listener in the scene.
There are 2 audio listeners in the scene. Please ensure there is always exactly one audio listener in the scene.
There are 2 audio listeners in the scene. Please ensure there is always exactly one audio listener in the scene.
There are 2 audio listeners in the scene. Please ensure there is always exactly one audio listener in the scene.
There are 2 audio listeners in the scene. Please ensure there is always exactly one audio listener in the scene.
There are 2 audio listeners in the scene. Please ensure there is always exactly one audio listener in the scene.
There are 2 audio listeners in the scene. Please ensure there is always exactly one audio listener in the scene.
There are 2 audio listeners in the scene. Please ensure there is always exactly one audio listener in the scene.
There are 2 audio listeners in the scene. Please ensure there is always exactly one audio listener in the scene.
There are 2 audio listeners in the scene. Please ensure there is always exactly one audio listener in the scene.
There are 2 audio listeners in the scene. Please ensure there is always exactly one audio listener in the scene.
There are 2 audio listeners in the scene. Please ensure there is always exactly one audio listener in the scene.
There are 2 audio listeners in the scene. Please ensure there is always exactly one audio listener in the scene.
There are 2 audio listeners in the scene. Please ensure there is always exactly one audio listener in the scene.
There are 2 audio listeners in the scene. Please ensure there is always exactly one audio listener in the scene.
There are 2 audio listeners in the scene. Please ensure there is always exactly one audio listener in the scene.
There are 2 audio listeners in the scene. Please ensure there is always exactly one audio listener in the scene.
There are 2 audio listeners in the scene. Please ensure there is always exactly one audio listener in the scene.
There are 2 audio listeners in the scene. Please ensure there is always exactly one audio listener in the scene.
There are 2 audio listeners in the scene. Please ensure there is always exactly one audio listener in the scene.
There are 2 audio listeners in the scene. Please ensure there is always exactly one audio listener in the scene.
There are 2 audio listeners in the scene. Please ensure there is always exactly one audio listener in the scene.
There are 2 audio listeners in the scene. Please ensure there is always exactly one audio listener in the scene.
There are 2 audio listeners in the scene. Please ensure there is always exactly one audio listener in the scene.
There are 2 audio listeners in the scene. Please ensure there is always exactly one audio listener in the scene.
There are 2 audio listeners in the scene. Please ensure there is always exactly one audio listener in the scene.
There are 2 audio listeners in the scene. Please ensure there is always exactly one audio listener in the scene.
There are 2 audio listeners in the scene. Please ensure there is always exactly one audio listener in the scene.
There are 2 audio listeners in the scene. Please ensure there is always exactly one audio listener in the scene.
There are 2 audio listeners in the scene. Please ensure there is always exactly one audio listener in the scene.
There are 2 audio listeners in the scene. Please ensure there is always exactly one audio listener in the scene.
There are 2 audio listeners in the scene. Please ensure there is always exactly one audio listener in the scene.
There are 2 audio listeners in the scene. Please ensure there is always exactly one audio listener in the scene.
There are 2 audio listeners in the scene. Please ensure there is always exactly one audio listener in the scene.
There are 2 audio listeners in the scene. Please ensure there is always exactly one audio listener in the scene.
There are 2 audio listeners in the scene. Please ensure there is always exactly one audio listener in the scene.
There are 2 audio listeners in the scene. Please ensure there is always exactly one audio listener in the scene.
There are 2 audio listeners in the scene. Please ensure there is always exactly one audio listener in the scene.
There are 2 audio listeners in the scene. Please ensure there is always exactly one audio listener in the scene.
There are 2 audio listeners in the scene. Please ensure there is always exactly one audio listener in the scene.
There are 2 audio listeners in the scene. Please ensure there is always exactly one audio listener in the scene.
There are 2 audio listeners in the scene. Please ensure there is always exactly one audio listener in the scene.
There are 2 audio listeners in the scene. Please ensure there is always exactly one audio listener in the scene.
There are 2 audio listeners in the scene. Please ensure there is always exactly one audio listener in the scene.
There are 2 audio listeners in the scene. Please ensure there is always exactly one audio listener in the scene.
There are 2 audio listeners in the scene. Please ensure there is always exactly one audio listener in the scene.
There are 2 audio listeners in the scene. Please ensure there is always exactly one audio listener in the scene.
There are 2 audio listeners in the scene. Please ensure there is always exactly one audio listener in the scene.
There are 2 audio listeners in the scene. Please ensure there is always exactly one audio listener in the scene.
There are 2 audio listeners in the scene. Please ensure there is always exactly one audio listener in the scene.
There are 2 audio listeners in the scene. Please ensure there is always exactly one audio listener in the scene.
There are 2 audio listeners in the scene. Please ensure there is always exactly one audio listener in the scene.
There are 2 audio listeners in the scene. Please ensure there is always exactly one audio listener in the scene.
There are 2 audio listeners in the scene. Please ensure there is always exactly one audio listener in the scene.
There are 2 audio listeners in the scene. Please ensure there is always exactly one audio listener in the scene.
There are 2 audio listeners in the scene. Please ensure there is always exactly one audio listener in the scene.
There are 2 audio listeners in the scene. Please ensure there is always exactly one audio listener in the scene.
There are 2 audio listeners in the scene. Please ensure there is always exactly one audio listener in the scene.
There are 2 audio listeners in the scene. Please ensure there is always exactly one audio listener in the scene.
There are 2 audio listeners in the scene. Please ensure there is always exactly one audio listener in the scene.
There are 2 audio listeners in the scene. Please ensure there is always exactly one audio listener in the scene.
There are 2 audio listeners in the scene. Please ensure there is always exactly one audio listener in the scene.
There are 2 audio listeners in the scene. Please ensure there is always exactly one audio listener in the scene.
There are 2 audio listeners in the scene. Please ensure there is always exactly one audio listener in the scene.
There are 2 audio listeners in the scene. Please ensure there is always exactly one audio listener in the scene.
There are 2 audio listeners in the scene. Please ensure there is always exactly one audio listener in the scene.
There are 2 audio listeners in the scene. Please ensure there is always exactly one audio listener in the scene.
There are 2 audio listeners in the scene. Please ensure there is always exactly one audio listener in the scene.
There are 2 audio listeners in the scene. Please ensure there is always exactly one audio listener in the scene.
There are 2 audio listeners in the scene. Please ensure there is always exactly one audio listener in the scene.
There are 2 audio listeners in the scene. Please ensure there is always exactly one audio listener in the scene.
There are 2 audio listeners in the scene. Please ensure there is always exactly one audio listener in the scene.
There are 2 audio listeners in the scene. Please ensure there is always exactly one audio listener in the scene.
There are 2 audio listeners in the scene. Please ensure there is always exactly one audio listener in the scene.
There are 2 audio listeners in the scene. Please ensure there is always exactly one audio listener in the scene.
There are 2 audio listeners in the scene. Please ensure there is always exactly one audio listener in the scene.
There are 2 audio listeners in the scene. Please ensure there is always exactly one audio listener in the scene.
There are 2 audio listeners in the scene. Please ensure there is always exactly one audio listener in the scene.
There are 2 audio listeners in the scene. Please ensure there is always exactly one audio listener in the scene.
There are 2 audio listeners in the scene. Please ensure there is always exactly one audio listener in the scene.
There are 2 audio listeners in the scene. Please ensure there is always exactly one audio listener in the scene.
There are 2 audio listeners in the scene. Please ensure there is always exactly one audio listener in the scene.
There are 2 audio listeners in the scene. Please ensure there is always exactly one audio listener in the scene.
There are 2 audio listeners in the scene. Please ensure there is always exactly one audio listener in the scene.
There are 2 audio listeners in the scene. Please ensure there is always exactly one audio listener in the scene.
There are 2 audio listeners in the scene. Please ensure there is always exactly one audio listener in the scene.
There are 2 audio listeners in the scene. Please ensure there is always exactly one audio listener in the scene.
There are 2 audio listeners in the scene. Please ensure there is always exactly one audio listener in the scene.
There are 2 audio listeners in the scene. Please ensure there is always exactly one audio listener in the scene.
There are 2 audio listeners in the scene. Please ensure there is always exactly one audio listener in the scene.
There are 2 audio listeners in the scene. Please ensure there is always exactly one audio listener in the scene.
There are 2 audio listeners in the scene. Please ensure there is always exactly one audio listener in the scene.
There are 2 audio listeners in the scene. Please ensure there is always exactly one audio listener in the scene.
There are 2 audio listeners in the scene. Please ensure there is always exactly one audio listener in the scene.
There are 2 audio listeners in the scene. Please ensure there is always exactly one audio listener in the scene.
There are 2 audio listeners in the scene. Please ensure there is always exactly one audio listener in the scene.
There are 2 audio listeners in the scene. Please ensure there is always exactly one audio listener in the scene.
There are 2 audio listeners in the scene. Please ensure there is always exactly one audio listener in the scene.
There are 2 audio listeners in the scene. Please ensure there is always exactly one audio listener in the scene.
There are 2 audio listeners in the scene. Please ensure there is always exactly one audio listener in the scene.
There are 2 audio listeners in the scene. Please ensure there is always exactly one audio listener in the scene.
There are 2 audio listeners in the scene. Please ensure there is always exactly one audio listener in the scene.
There are 2 audio listeners in the scene. Please ensure there is always exactly one audio listener in the scene.
There are 2 audio listeners in the scene. Please ensure there is always exactly one audio listener in the scene.
There are 2 audio listeners in the scene. Please ensure there is always exactly one audio listener in the scene.
There are 2 audio listeners in the scene. Please ensure there is always exactly one audio listener in the scene.
There are 2 audio listeners in the scene. Please ensure there is always exactly one audio listener in the scene.
There are 2 audio listeners in the scene. Please ensure there is always exactly one audio listener in the scene.
There are 2 audio listeners in the scene. Please ensure there is always exactly one audio listener in the scene.
There are 2 audio listeners in the scene. Please ensure there is always exactly one audio listener in the scene.
There are 2 audio listeners in the scene. Please ensure there is always exactly one audio listener in the scene.
There are 2 audio listeners in the scene. Please ensure there is always exactly one audio listener in the scene.
There are 2 audio listeners in the scene. Please ensure there is always exactly one audio listener in the scene.
There are 2 audio listeners in the scene. Please ensure there is always exactly one audio listener in the scene.
There are 2 audio listeners in the scene. Please ensure there is always exactly one audio listener in the scene.
There are 2 audio listeners in the scene. Please ensure there is always exactly one audio listener in the scene.
There are 2 audio listeners in the scene. Please ensure there is always exactly one audio listener in the scene.
There are 2 audio listeners in the scene. Please ensure there is always exactly one audio listener in the scene.
There are 2 audio listeners in the scene. Please ensure there is always exactly one audio listener in the scene.
There are 2 audio listeners in the scene. Please ensure there is always exactly one audio listener in the scene.
There are 2 audio listeners in the scene. Please ensure there is always exactly one audio listener in the scene.
There are 2 audio listeners in the scene. Please ensure there is always exactly one audio listener in the scene.
There are 2 audio listeners in the scene. Please ensure there is always exactly one audio listener in the scene.
There are 2 audio listeners in the scene. Please ensure there is always exactly one audio listener in the scene.
There are 2 audio listeners in the scene. Please ensure there is always exactly one audio listener in the scene.
There are 2 audio listeners in the scene. Please ensure there is always exactly one audio listener in the scene.
There are 2 audio listeners in the scene. Please ensure there is always exactly one audio listener in the scene.
There are 2 audio listeners in the scene. Please ensure there is always exactly one audio listener in the scene.
There are 2 audio listeners in the scene. Please ensure there is always exactly one audio listener in the scene.
There are 2 audio listeners in the scene. Please ensure there is always exactly one audio listener in the scene.
There are 2 audio listeners in the scene. Please ensure there is always exactly one audio listener in the scene.
There are 2 audio listeners in the scene. Please ensure there is always exactly one audio listener in the scene.
There are 2 audio listeners in the scene. Please ensure there is always exactly one audio listener in the scene.
There are 2 audio listeners in the scene. Please ensure there is always exactly one audio listener in the scene.
There are 2 audio listeners in the scene. Please ensure there is always exactly one audio listener in the scene.
There are 2 audio listeners in the scene. Please ensure there is always exactly one audio listener in the scene.
There are 2 audio listeners in the scene. Please ensure there is always exactly one audio listener in the scene.
There are 2 audio listeners in the scene. Please ensure there is always exactly one audio listener in the scene.
There are 2 audio listeners in the scene. Please ensure there is always exactly one audio listener in the scene.
There are 2 audio listeners in the scene. Please ensure there is always exactly one audio listener in the scene.
There are 2 audio listeners in the scene. Please ensure there is always exactly one audio listener in the scene.
There are 2 audio listeners in the scene. Please ensure there is always exactly one audio listener in the scene.
There are 2 audio listeners in the scene. Please ensure there is always exactly one audio listener in the scene.
There are 2 audio listeners in the scene. Please ensure there is always exactly one audio listener in the scene.
There are 2 audio listeners in the scene. Please ensure there is always exactly one audio listener in the scene.
There are 2 audio listeners in the scene. Please ensure there is always exactly one audio listener in the scene.
There are 2 audio listeners in the scene. Please ensure there is always exactly one audio listener in the scene.
There are 2 audio listeners in the scene. Please ensure there is always exactly one audio listener in the scene.
There are 2 audio listeners in the scene. Please ensure there is always exactly one audio listener in the scene.
There are 2 audio listeners in the scene. Please ensure there is always exactly one audio listener in the scene.
There are 2 audio listeners in the scene. Please ensure there is always exactly one audio listener in the scene.
There are 2 audio listeners in the scene. Please ensure there is always exactly one audio listener in the scene.
There are 2 audio listeners in the scene. Please ensure there is always exactly one audio listener in the scene.
There are 2 audio listeners in the scene. Please ensure there is always exactly one audio listener in the scene.
There are 2 audio listeners in the scene. Please ensure there is always exactly one audio listener in the scene.
There are 2 audio listeners in the scene. Please ensure there is always exactly one audio listener in the scene.
There are 2 audio listeners in the scene. Please ensure there is always exactly one audio listener in the scene.
There are 2 audio listeners in the scene. Please ensure there is always exactly one audio listener in the scene.
There are 2 audio listeners in the scene. Please ensure there is always exactly one audio listener in the scene.
There are 2 audio listeners in the scene. Please ensure there is always exactly one audio listener in the scene.
There are 2 audio listeners in the scene. Please ensure there is always exactly one audio listener in the scene.
There are 2 audio listeners in the scene. Please ensure there is always exactly one audio listener in the scene.
There are 2 audio listeners in the scene. Please ensure there is always exactly one audio listener in the scene.
There are 2 audio listeners in the scene. Please ensure there is always exactly one audio listener in the scene.
There are 2 audio listeners in the scene. Please ensure there is always exactly one audio listener in the scene.
There are 2 audio listeners in the scene. Please ensure there is always exactly one audio listener in the scene.
There are 2 audio listeners in the scene. Please ensure there is always exactly one audio listener in the scene.
There are 2 audio listeners in the scene. Please ensure there is always exactly one audio listener in the scene.
There are 2 audio listeners in the scene. Please ensure there is always exactly one audio listener in the scene.
There are 2 audio listeners in the scene. Please ensure there is always exactly one audio listener in the scene.
There are 2 audio listeners in the scene. Please ensure there is always exactly one audio listener in the scene.
There are 2 audio listeners in the scene. Please ensure there is always exactly one audio listener in the scene.
There are 2 audio listeners in the scene. Please ensure there is always exactly one audio listener in the scene.
There are 2 audio listeners in the scene. Please ensure there is always exactly one audio listener in the scene.
There are 2 audio listeners in the scene. Please ensure there is always exactly one audio listener in the scene.
There are 2 audio listeners in the scene. Please ensure there is always exactly one audio listener in the scene.
There are 2 audio listeners in the scene. Please ensure there is always exactly one audio listener in the scene.
There are 2 audio listeners in the scene. Please ensure there is always exactly one audio listener in the scene.
There are 2 audio listeners in the scene. Please ensure there is always exactly one audio listener in the scene.
There are 2 audio listeners in the scene. Please ensure there is always exactly one audio listener in the scene.
There are 2 audio listeners in the scene. Please ensure there is always exactly one audio listener in the scene.
There are 2 audio listeners in the scene. Please ensure there is always exactly one audio listener in the scene.
There are 2 audio listeners in the scene. Please ensure there is always exactly one audio listener in the scene.
There are 2 audio listeners in the scene. Please ensure there is always exactly one audio listener in the scene.
There are 2 audio listeners in the scene. Please ensure there is always exactly one audio listener in the scene.
There are 2 audio listeners in the scene. Please ensure there is always exactly one audio listener in the scene.
There are 2 audio listeners in the scene. Please ensure there is always exactly one audio listener in the scene.
There are 2 audio listeners in the scene. Please ensure there is always exactly one audio listener in the scene.
There are 2 audio listeners in the scene. Please ensure there is always exactly one audio listener in the scene.
There are 2 audio listeners in the scene. Please ensure there is always exactly one audio listener in the scene.
There are 2 audio listeners in the scene. Please ensure there is always exactly one audio listener in the scene.
There are 2 audio listeners in the scene. Please ensure there is always exactly one audio listener in the scene.
There are 2 audio listeners in the scene. Please ensure there is always exactly one audio listener in the scene.
There are 2 audio listeners in the scene. Please ensure there is always exactly one audio listener in the scene.
There are 2 audio listeners in the scene. Please ensure there is always exactly one audio listener in the scene.
There are 2 audio listeners in the scene. Please ensure there is always exactly one audio listener in the scene.
There are 2 audio listeners in the scene. Please ensure there is always exactly one audio listener in the scene.
There are 2 audio listeners in the scene. Please ensure there is always exactly one audio listener in the scene.
There are 2 audio listeners in the scene. Please ensure there is always exactly one audio listener in the scene.
There are 2 audio listeners in the scene. Please ensure there is always exactly one audio listener in the scene.
There are 2 audio listeners in the scene. Please ensure there is always exactly one audio listener in the scene.
There are 2 audio listeners in the scene. Please ensure there is always exactly one audio listener in the scene.
There are 2 audio listeners in the scene. Please ensure there is always exactly one audio listener in the scene.
There are 2 audio listeners in the scene. Please ensure there is always exactly one audio listener in the scene.
There are 2 audio listeners in the scene. Please ensure there is always exactly one audio listener in the scene.
There are 2 audio listeners in the scene. Please ensure there is always exactly one audio listener in the scene.
There are 2 audio listeners in the scene. Please ensure there is always exactly one audio listener in the scene.
There are 2 audio listeners in the scene. Please ensure there is always exactly one audio listener in the scene.
There are 2 audio listeners in the scene. Please ensure there is always exactly one audio listener in the scene.
There are 2 audio listeners in the scene. Please ensure there is always exactly one audio listener in the scene.
There are 2 audio listeners in the scene. Please ensure there is always exactly one audio listener in the scene.
There are 2 audio listeners in the scene. Please ensure there is always exactly one audio listener in the scene.
There are 2 audio listeners in the scene. Please ensure there is always exactly one audio listener in the scene.
There are 2 audio listeners in the scene. Please ensure there is always exactly one audio listener in the scene.
There are 2 audio listeners in the scene. Please ensure there is always exactly one audio listener in the scene.
There are 2 audio listeners in the scene. Please ensure there is always exactly one audio listener in the scene.
There are 2 audio listeners in the scene. Please ensure there is always exactly one audio listener in the scene.
There are 2 audio listeners in the scene. Please ensure there is always exactly one audio listener in the scene.
There are 2 audio listeners in the scene. Please ensure there is always exactly one audio listener in the scene.
There are 2 audio listeners in the scene. Please ensure there is always exactly one audio listener in the scene.
There are 2 audio listeners in the scene. Please ensure there is always exactly one audio listener in the scene.
There are 2 audio listeners in the scene. Please ensure there is always exactly one audio listener in the scene.
There are 2 audio listeners in the scene. Please ensure there is always exactly one audio listener in the scene.
There are 2 audio listeners in the scene. Please ensure there is always exactly one audio listener in the scene.
There are 2 audio listeners in the scene. Please ensure there is always exactly one audio listener in the scene.
There are 2 audio listeners in the scene. Please ensure there is always exactly one audio listener in the scene.
There are 2 audio listeners in the scene. Please ensure there is always exactly one audio listener in the scene.
There are 2 audio listeners in the scene. Please ensure there is always exactly one audio listener in the scene.
There are 2 audio listeners in the scene. Please ensure there is always exactly one audio listener in the scene.
There are 2 audio listeners in the scene. Please ensure there is always exactly one audio listener in the scene.
There are 2 audio listeners in the scene. Please ensure there is always exactly one audio listener in the scene.
There are 2 audio listeners in the scene. Please ensure there is always exactly one audio listener in the scene.
There are 2 audio listeners in the scene. Please ensure there is always exactly one audio listener in the scene.
There are 2 audio listeners in the scene. Please ensure there is always exactly one audio listener in the scene.
There are 2 audio listeners in the scene. Please ensure there is always exactly one audio listener in the scene.
There are 2 audio listeners in the scene. Please ensure there is always exactly one audio listener in the scene.
There are 2 audio listeners in the scene. Please ensure there is always exactly one audio listener in the scene.
There are 2 audio listeners in the scene. Please ensure there is always exactly one audio listener in the scene.
There are 2 audio listeners in the scene. Please ensure there is always exactly one audio listener in the scene.
There are 2 audio listeners in the scene. Please ensure there is always exactly one audio listener in the scene.
There are 2 audio listeners in the scene. Please ensure there is always exactly one audio listener in the scene.
There are 2 audio listeners in the scene. Please ensure there is always exactly one audio listener in the scene.
There are 2 audio listeners in the scene. Please ensure there is always exactly one audio listener in the scene.
There are 2 audio listeners in the scene. Please ensure there is always exactly one audio listener in the scene.
There are 2 audio listeners in the scene. Please ensure there is always exactly one audio listener in the scene.
There are 2 audio listeners in the scene. Please ensure there is always exactly one audio listener in the scene.
There are 2 audio listeners in the scene. Please ensure there is always exactly one audio listener in the scene.
There are 2 audio listeners in the scene. Please ensure there is always exactly one audio listener in the scene.
There are 2 audio listeners in the scene. Please ensure there is always exactly one audio listener in the scene.
There are 2 audio listeners in the scene. Please ensure there is always exactly one audio listener in the scene.
There are 2 audio listeners in the scene. Please ensure there is always exactly one audio listener in the scene.
There are 2 audio listeners in the scene. Please ensure there is always exactly one audio listener in the scene.
There are 2 audio listeners in the scene. Please ensure there is always exactly one audio listener in the scene.
There are 2 audio listeners in the scene. Please ensure there is always exactly one audio listener in the scene.
There are 2 audio listeners in the scene. Please ensure there is always exactly one audio listener in the scene.
There are 2 audio listeners in the scene. Please ensure there is always exactly one audio listener in the scene.
There are 2 audio listeners in the scene. Please ensure there is always exactly one audio listener in the scene.
There are 2 audio listeners in the scene. Please ensure there is always exactly one audio listener in the scene.
There are 2 audio listeners in the scene. Please ensure there is always exactly one audio listener in the scene.
There are 2 audio listeners in the scene. Please ensure there is always exactly one audio listener in the scene.
There are 2 audio listeners in the scene. Please ensure there is always exactly one audio listener in the scene.
There are 2 audio listeners in the scene. Please ensure there is always exactly one audio listener in the scene.
There are 2 audio listeners in the scene. Please ensure there is always exactly one audio listener in the scene.
There are 2 audio listeners in the scene. Please ensure there is always exactly one audio listener in the scene.
There are 2 audio listeners in the scene. Please ensure there is always exactly one audio listener in the scene.
There are 2 audio listeners in the scene. Please ensure there is always exactly one audio listener in the scene.
There are 2 audio listeners in the scene. Please ensure there is always exactly one audio listener in the scene.
There are 2 audio listeners in the scene. Please ensure there is always exactly one audio listener in the scene.
There are 2 audio listeners in the scene. Please ensure there is always exactly one audio listener in the scene.
There are 2 audio listeners in the scene. Please ensure there is always exactly one audio listener in the scene.
There are 2 audio listeners in the scene. Please ensure there is always exactly one audio listener in the scene.
There are 2 audio listeners in the scene. Please ensure there is always exactly one audio listener in the scene.
There are 2 audio listeners in the scene. Please ensure there is always exactly one audio listener in the scene.
There are 2 audio listeners in the scene. Please ensure there is always exactly one audio listener in the scene.
There are 2 audio listeners in the scene. Please ensure there is always exactly one audio listener in the scene.
There are 2 audio listeners in the scene. Please ensure there is always exactly one audio listener in the scene.
There are 2 audio listeners in the scene. Please ensure there is always exactly one audio listener in the scene.
There are 2 audio listeners in the scene. Please ensure there is always exactly one audio listener in the scene.
There are 2 audio listeners in the scene. Please ensure there is always exactly one audio listener in the scene.
There are 2 audio listeners in the scene. Please ensure there is always exactly one audio listener in the scene.
There are 2 audio listeners in the scene. Please ensure there is always exactly one audio listener in the scene.
There are 2 audio listeners in the scene. Please ensure there is always exactly one audio listener in the scene.
There are 2 audio listeners in the scene. Please ensure there is always exactly one audio listener in the scene.
There are 2 audio listeners in the scene. Please ensure there is always exactly one audio listener in the scene.
There are 2 audio listeners in the scene. Please ensure there is always exactly one audio listener in the scene.
There are 2 audio listeners in the scene. Please ensure there is always exactly one audio listener in the scene.
There are 2 audio listeners in the scene. Please ensure there is always exactly one audio listener in the scene.
There are 2 audio listeners in the scene. Please ensure there is always exactly one audio listener in the scene.
There are 2 audio listeners in the scene. Please ensure there is always exactly one audio listener in the scene.
There are 2 audio listeners in the scene. Please ensure there is always exactly one audio listener in the scene.
There are 2 audio listeners in the scene. Please ensure there is always exactly one audio listener in the scene.
There are 2 audio listeners in the scene. Please ensure there is always exactly one audio listener in the scene.
There are 2 audio listeners in the scene. Please ensure there is always exactly one audio listener in the scene.
There are 2 audio listeners in the scene. Please ensure there is always exactly one audio listener in the scene.
There are 2 audio listeners in the scene. Please ensure there is always exactly one audio listener in the scene.
There are 2 audio listeners in the scene. Please ensure there is always exactly one audio listener in the scene.
There are 2 audio listeners in the scene. Please ensure there is always exactly one audio listener in the scene.
There are 2 audio listeners in the scene. Please ensure there is always exactly one audio listener in the scene.
There are 2 audio listeners in the scene. Please ensure there is always exactly one audio listener in the scene.
There are 2 audio listeners in the scene. Please ensure there is always exactly one audio listener in the scene.
There are 2 audio listeners in the scene. Please ensure there is always exactly one audio listener in the scene.
There are 2 audio listeners in the scene. Please ensure there is always exactly one audio listener in the scene.
There are 2 audio listeners in the scene. Please ensure there is always exactly one audio listener in the scene.
There are 2 audio listeners in the scene. Please ensure there is always exactly one audio listener in the scene.
There are 2 audio listeners in the scene. Please ensure there is always exactly one audio listener in the scene.
There are 2 audio listeners in the scene. Please ensure there is always exactly one audio listener in the scene.
There are 2 audio listeners in the scene. Please ensure there is always exactly one audio listener in the scene.
There are 2 audio listeners in the scene. Please ensure there is always exactly one audio listener in the scene.
There are 2 audio listeners in the scene. Please ensure there is always exactly one audio listener in the scene.
There are 2 audio listeners in the scene. Please ensure there is always exactly one audio listener in the scene.
There are 2 audio listeners in the scene. Please ensure there is always exactly one audio listener in the scene.
There are 2 audio listeners in the scene. Please ensure there is always exactly one audio listener in the scene.
There are 2 audio listeners in the scene. Please ensure there is always exactly one audio listener in the scene.
There are 2 audio listeners in the scene. Please ensure there is always exactly one audio listener in the scene.
There are 2 audio listeners in the scene. Please ensure there is always exactly one audio listener in the scene.
There are 2 audio listeners in the scene. Please ensure there is always exactly one audio listener in the scene.
There are 2 audio listeners in the scene. Please ensure there is always exactly one audio listener in the scene.
There are 2 audio listeners in the scene. Please ensure there is always exactly one audio listener in the scene.
There are 2 audio listeners in the scene. Please ensure there is always exactly one audio listener in the scene.
There are 2 audio listeners in the scene. Please ensure there is always exactly one audio listener in the scene.
There are 2 audio listeners in the scene. Please ensure there is always exactly one audio listener in the scene.
There are 2 audio listeners in the scene. Please ensure there is always exactly one audio listener in the scene.
There are 2 audio listeners in the scene. Please ensure there is always exactly one audio listener in the scene.
There are 2 audio listeners in the scene. Please ensure there is always exactly one audio listener in the scene.
There are 2 audio listeners in the scene. Please ensure there is always exactly one audio listener in the scene.
There are 2 audio listeners in the scene. Please ensure there is always exactly one audio listener in the scene.
There are 2 audio listeners in the scene. Please ensure there is always exactly one audio listener in the scene.
There are 2 audio listeners in the scene. Please ensure there is always exactly one audio listener in the scene.
There are 2 audio listeners in the scene. Please ensure there is always exactly one audio listener in the scene.
There are 2 audio listeners in the scene. Please ensure there is always exactly one audio listener in the scene.
There are 2 audio listeners in the scene. Please ensure there is always exactly one audio listener in the scene.
There are 2 audio listeners in the scene. Please ensure there is always exactly one audio listener in the scene.
There are 2 audio listeners in the scene. Please ensure there is always exactly one audio listener in the scene.
There are 2 audio listeners in the scene. Please ensure there is always exactly one audio listener in the scene.
There are 2 audio listeners in the scene. Please ensure there is always exactly one audio listener in the scene.
There are 2 audio listeners in the scene. Please ensure there is always exactly one audio listener in the scene.
There are 2 audio listeners in the scene. Please ensure there is always exactly one audio listener in the scene.
There are 2 audio listeners in the scene. Please ensure there is always exactly one audio listener in the scene.
There are 2 audio listeners in the scene. Please ensure there is always exactly one audio listener in the scene.
There are 2 audio listeners in the scene. Please ensure there is always exactly one audio listener in the scene.
There are 2 audio listeners in the scene. Please ensure there is always exactly one audio listener in the scene.
There are 2 audio listeners in the scene. Please ensure there is always exactly one audio listener in the scene.
There are 2 audio listeners in the scene. Please ensure there is always exactly one audio listener in the scene.
There are 2 audio listeners in the scene. Please ensure there is always exactly one audio listener in the scene.
There are 2 audio listeners in the scene. Please ensure there is always exactly one audio listener in the scene.
There are 2 audio listeners in the scene. Please ensure there is always exactly one audio listener in the scene.
There are 2 audio listeners in the scene. Please ensure there is always exactly one audio listener in the scene.
There are 2 audio listeners in the scene. Please ensure there is always exactly one audio listener in the scene.
There are 2 audio listeners in the scene. Please ensure there is always exactly one audio listener in the scene.
There are 2 audio listeners in the scene. Please ensure there is always exactly one audio listener in the scene.
There are 2 audio listeners in the scene. Please ensure there is always exactly one audio listener in the scene.
There are 2 audio listeners in the scene. Please ensure there is always exactly one audio listener in the scene.
There are 2 audio listeners in the scene. Please ensure there is always exactly one audio listener in the scene.
There are 2 audio listeners in the scene. Please ensure there is always exactly one audio listener in the scene.
There are 2 audio listeners in the scene. Please ensure there is always exactly one audio listener in the scene.
There are 2 audio listeners in the scene. Please ensure there is always exactly one audio listener in the scene.
There are 2 audio listeners in the scene. Please ensure there is always exactly one audio listener in the scene.
There are 2 audio listeners in the scene. Please ensure there is always exactly one audio listener in the scene.
There are 2 audio listeners in the scene. Please ensure there is always exactly one audio listener in the scene.
There are 2 audio listeners in the scene. Please ensure there is always exactly one audio listener in the scene.
There are 2 audio listeners in the scene. Please ensure there is always exactly one audio listener in the scene.
There are 2 audio listeners in the scene. Please ensure there is always exactly one audio listener in the scene.
There are 2 audio listeners in the scene. Please ensure there is always exactly one audio listener in the scene.
There are 2 audio listeners in the scene. Please ensure there is always exactly one audio listener in the scene.
There are 2 audio listeners in the scene. Please ensure there is always exactly one audio listener in the scene.
There are 2 audio listeners in the scene. Please ensure there is always exactly one audio listener in the scene.
There are 2 audio listeners in the scene. Please ensure there is always exactly one audio listener in the scene.
There are 2 audio listeners in the scene. Please ensure there is always exactly one audio listener in the scene.
There are 2 audio listeners in the scene. Please ensure there is always exactly one audio listener in the scene.
There are 2 audio listeners in the scene. Please ensure there is always exactly one audio listener in the scene.
There are 2 audio listeners in the scene. Please ensure there is always exactly one audio listener in the scene.
There are 2 audio listeners in the scene. Please ensure there is always exactly one audio listener in the scene.
There are 2 audio listeners in the scene. Please ensure there is always exactly one audio listener in the scene.
There are 2 audio listeners in the scene. Please ensure there is always exactly one audio listener in the scene.
There are 2 audio listeners in the scene. Please ensure there is always exactly one audio listener in the scene.
There are 2 audio listeners in the scene. Please ensure there is always exactly one audio listener in the scene.
There are 2 audio listeners in the scene. Please ensure there is always exactly one audio listener in the scene.
There are 2 audio listeners in the scene. Please ensure there is always exactly one audio listener in the scene.
There are 2 audio listeners in the scene. Please ensure there is always exactly one audio listener in the scene.
There are 2 audio listeners in the scene. Please ensure there is always exactly one audio listener in the scene.
There are 2 audio listeners in the scene. Please ensure there is always exactly one audio listener in the scene.
There are 2 audio listeners in the scene. Please ensure there is always exactly one audio listener in the scene.
There are 2 audio listeners in the scene. Please ensure there is always exactly one audio listener in the scene.
There are 2 audio listeners in the scene. Please ensure there is always exactly one audio listener in the scene.
There are 2 audio listeners in the scene. Please ensure there is always exactly one audio listener in the scene.
There are 2 audio listeners in the scene. Please ensure there is always exactly one audio listener in the scene.
There are 2 audio listeners in the scene. Please ensure there is always exactly one audio listener in the scene.
There are 2 audio listeners in the scene. Please ensure there is always exactly one audio listener in the scene.
There are 2 audio listeners in the scene. Please ensure there is always exactly one audio listener in the scene.
There are 2 audio listeners in the scene. Please ensure there is always exactly one audio listener in the scene.
There are 2 audio listeners in the scene. Please ensure there is always exactly one audio listener in the scene.
There are 2 audio listeners in the scene. Please ensure there is always exactly one audio listener in the scene.
There are 2 audio listeners in the scene. Please ensure there is always exactly one audio listener in the scene.
There are 2 audio listeners in the scene. Please ensure there is always exactly one audio listener in the scene.
There are 2 audio listeners in the scene. Please ensure there is always exactly one audio listener in the scene.
There are 2 audio listeners in the scene. Please ensure there is always exactly one audio listener in the scene.
There are 2 audio listeners in the scene. Please ensure there is always exactly one audio listener in the scene.
There are 2 audio listeners in the scene. Please ensure there is always exactly one audio listener in the scene.
There are 2 audio listeners in the scene. Please ensure there is always exactly one audio listener in the scene.
There are 2 audio listeners in the scene. Please ensure there is always exactly one audio listener in the scene.
There are 2 audio listeners in the scene. Please ensure there is always exactly one audio listener in the scene.
There are 2 audio listeners in the scene. Please ensure there is always exactly one audio listener in the scene.
There are 2 audio listeners in the scene. Please ensure there is always exactly one audio listener in the scene.
There are 2 audio listeners in the scene. Please ensure there is always exactly one audio listener in the scene.
There are 2 audio listeners in the scene. Please ensure there is always exactly one audio listener in the scene.
There are 2 audio listeners in the scene. Please ensure there is always exactly one audio listener in the scene.
There are 2 audio listeners in the scene. Please ensure there is always exactly one audio listener in the scene.
There are 2 audio listeners in the scene. Please ensure there is always exactly one audio listener in the scene.
There are 2 audio listeners in the scene. Please ensure there is always exactly one audio listener in the scene.
There are 2 audio listeners in the scene. Please ensure there is always exactly one audio listener in the scene.
There are 2 audio listeners in the scene. Please ensure there is always exactly one audio listener in the scene.
There are 2 audio listeners in the scene. Please ensure there is always exactly one audio listener in the scene.
There are 2 audio listeners in the scene. Please ensure there is always exactly one audio listener in the scene.
There are 2 audio listeners in the scene. Please ensure there is always exactly one audio listener in the scene.
There are 2 audio listeners in the scene. Please ensure there is always exactly one audio listener in the scene.
There are 2 audio listeners in the scene. Please ensure there is always exactly one audio listener in the scene.
There are 2 audio listeners in the scene. Please ensure there is always exactly one audio listener in the scene.
There are 2 audio listeners in the scene. Please ensure there is always exactly one audio listener in the scene.
There are 2 audio listeners in the scene. Please ensure there is always exactly one audio listener in the scene.
There are 2 audio listeners in the scene. Please ensure there is always exactly one audio listener in the scene.
There are 2 audio listeners in the scene. Please ensure there is always exactly one audio listener in the scene.
There are 2 audio listeners in the scene. Please ensure there is always exactly one audio listener in the scene.
There are 2 audio listeners in the scene. Please ensure there is always exactly one audio listener in the scene.
There are 2 audio listeners in the scene. Please ensure there is always exactly one audio listener in the scene.
There are 2 audio listeners in the scene. Please ensure there is always exactly one audio listener in the scene.
There are 2 audio listeners in the scene. Please ensure there is always exactly one audio listener in the scene.
There are 2 audio listeners in the scene. Please ensure there is always exactly one audio listener in the scene.
There are 2 audio listeners in the scene. Please ensure there is always exactly one audio listener in the scene.
There are 2 audio listeners in the scene. Please ensure there is always exactly one audio listener in the scene.
There are 2 audio listeners in the scene. Please ensure there is always exactly one audio listener in the scene.
There are 2 audio listeners in the scene. Please ensure there is always exactly one audio listener in the scene.
There are 2 audio listeners in the scene. Please ensure there is always exactly one audio listener in the scene.
There are 2 audio listeners in the scene. Please ensure there is always exactly one audio listener in the scene.
There are 2 audio listeners in the scene. Please ensure there is always exactly one audio listener in the scene.
There are 2 audio listeners in the scene. Please ensure there is always exactly one audio listener in the scene.
There are 2 audio listeners in the scene. Please ensure there is always exactly one audio listener in the scene.
There are 2 audio listeners in the scene. Please ensure there is always exactly one audio listener in the scene.
There are 2 audio listeners in the scene. Please ensure there is always exactly one audio listener in the scene.
There are 2 audio listeners in the scene. Please ensure there is always exactly one audio listener in the scene.
There are 2 audio listeners in the scene. Please ensure there is always exactly one audio listener in the scene.
There are 2 audio listeners in the scene. Please ensure there is always exactly one audio listener in the scene.
There are 2 audio listeners in the scene. Please ensure there is always exactly one audio listener in the scene.
There are 2 audio listeners in the scene. Please ensure there is always exactly one audio listener in the scene.
There are 2 audio listeners in the scene. Please ensure there is always exactly one audio listener in the scene.
There are 2 audio listeners in the scene. Please ensure there is always exactly one audio listener in the scene.
There are 2 audio listeners in the scene. Please ensure there is always exactly one audio listener in the scene.
There are 2 audio listeners in the scene. Please ensure there is always exactly one audio listener in the scene.
There are 2 audio listeners in the scene. Please ensure there is always exactly one audio listener in the scene.
There are 2 audio listeners in the scene. Please ensure there is always exactly one audio listener in the scene.
There are 2 audio listeners in the scene. Please ensure there is always exactly one audio listener in the scene.
There are 2 audio listeners in the scene. Please ensure there is always exactly one audio listener in the scene.
There are 2 audio listeners in the scene. Please ensure there is always exactly one audio listener in the scene.
There are 2 audio listeners in the scene. Please ensure there is always exactly one audio listener in the scene.
There are 2 audio listeners in the scene. Please ensure there is always exactly one audio listener in the scene.
There are 2 audio listeners in the scene. Please ensure there is always exactly one audio listener in the scene.
There are 2 audio listeners in the scene. Please ensure there is always exactly one audio listener in the scene.
There are 2 audio listeners in the scene. Please ensure there is always exactly one audio listener in the scene.
There are 2 audio listeners in the scene. Please ensure there is always exactly one audio listener in the scene.
There are 2 audio listeners in the scene. Please ensure there is always exactly one audio listener in the scene.
There are 2 audio listeners in the scene. Please ensure there is always exactly one audio listener in the scene.
There are 2 audio listeners in the scene. Please ensure there is always exactly one audio listener in the scene.
There are 2 audio listeners in the scene. Please ensure there is always exactly one audio listener in the scene.
There are 2 audio listeners in the scene. Please ensure there is always exactly one audio listener in the scene.
There are 2 audio listeners in the scene. Please ensure there is always exactly one audio listener in the scene.
There are 2 audio listeners in the scene. Please ensure there is always exactly one audio listener in the scene.
There are 2 audio listeners in the scene. Please ensure there is always exactly one audio listener in the scene.
There are 2 audio listeners in the scene. Please ensure there is always exactly one audio listener in the scene.
There are 2 audio listeners in the scene. Please ensure there is always exactly one audio listener in the scene.
There are 2 audio listeners in the scene. Please ensure there is always exactly one audio listener in the scene.
There are 2 audio listeners in the scene. Please ensure there is always exactly one audio listener in the scene.
There are 2 audio listeners in the scene. Please ensure there is always exactly one audio listener in the scene.
There are 2 audio listeners in the scene. Please ensure there is always exactly one audio listener in the scene.
There are 2 audio listeners in the scene. Please ensure there is always exactly one audio listener in the scene.
There are 2 audio listeners in the scene. Please ensure there is always exactly one audio listener in the scene.
There are 2 audio listeners in the scene. Please ensure there is always exactly one audio listener in the scene.
There are 2 audio listeners in the scene. Please ensure there is always exactly one audio listener in the scene.
There are 2 audio listeners in the scene. Please ensure there is always exactly one audio listener in the scene.
There are 2 audio listeners in the scene. Please ensure there is always exactly one audio listener in the scene.
There are 2 audio listeners in the scene. Please ensure there is always exactly one audio listener in the scene.
There are 2 audio listeners in the scene. Please ensure there is always exactly one audio listener in the scene.
There are 2 audio listeners in the scene. Please ensure there is always exactly one audio listener in the scene.
There are 2 audio listeners in the scene. Please ensure there is always exactly one audio listener in the scene.
There are 2 audio listeners in the scene. Please ensure there is always exactly one audio listener in the scene.
There are 2 audio listeners in the scene. Please ensure there is always exactly one audio listener in the scene.
There are 2 audio listeners in the scene. Please ensure there is always exactly one audio listener in the scene.
There are 2 audio listeners in the scene. Please ensure there is always exactly one audio listener in the scene.
There are 2 audio listeners in the scene. Please ensure there is always exactly one audio listener in the scene.
There are 2 audio listeners in the scene. Please ensure there is always exactly one audio listener in the scene.
There are 2 audio listeners in the scene. Please ensure there is always exactly one audio listener in the scene.
There are 2 audio listeners in the scene. Please ensure there is always exactly one audio listener in the scene.
There are 2 audio listeners in the scene. Please ensure there is always exactly one audio listener in the scene.
There are 2 audio listeners in the scene. Please ensure there is always exactly one audio listener in the scene.
There are 2 audio listeners in the scene. Please ensure there is always exactly one audio listener in the scene.
There are 2 audio listeners in the scene. Please ensure there is always exactly one audio listener in the scene.
There are 2 audio listeners in the scene. Please ensure there is always exactly one audio listener in the scene.
There are 2 audio listeners in the scene. Please ensure there is always exactly one audio listener in the scene.
There are 2 audio listeners in the scene. Please ensure there is always exactly one audio listener in the scene.
There are 2 audio listeners in the scene. Please ensure there is always exactly one audio listener in the scene.
There are 2 audio listeners in the scene. Please ensure there is always exactly one audio listener in the scene.
There are 2 audio listeners in the scene. Please ensure there is always exactly one audio listener in the scene.
There are 2 audio listeners in the scene. Please ensure there is always exactly one audio listener in the scene.
There are 2 audio listeners in the scene. Please ensure there is always exactly one audio listener in the scene.
There are 2 audio listeners in the scene. Please ensure there is always exactly one audio listener in the scene.
There are 2 audio listeners in the scene. Please ensure there is always exactly one audio listener in the scene.
There are 2 audio listeners in the scene. Please ensure there is always exactly one audio listener in the scene.
There are 2 audio listeners in the scene. Please ensure there is always exactly one audio listener in the scene.
There are 2 audio listeners in the scene. Please ensure there is always exactly one audio listener in the scene.
There are 2 audio listeners in the scene. Please ensure there is always exactly one audio listener in the scene.
There are 2 audio listeners in the scene. Please ensure there is always exactly one audio listener in the scene.
There are 2 audio listeners in the scene. Please ensure there is always exactly one audio listener in the scene.
There are 2 audio listeners in the scene. Please ensure there is always exactly one audio listener in the scene.
There are 2 audio listeners in the scene. Please ensure there is always exactly one audio listener in the scene.
There are 2 audio listeners in the scene. Please ensure there is always exactly one audio listener in the scene.
There are 2 audio listeners in the scene. Please ensure there is always exactly one audio listener in the scene.
There are 2 audio listeners in the scene. Please ensure there is always exactly one audio listener in the scene.
There are 2 audio listeners in the scene. Please ensure there is always exactly one audio listener in the scene.
There are 2 audio listeners in the scene. Please ensure there is always exactly one audio listener in the scene.
There are 2 audio listeners in the scene. Please ensure there is always exactly one audio listener in the scene.
There are 2 audio listeners in the scene. Please ensure there is always exactly one audio listener in the scene.
There are 2 audio listeners in the scene. Please ensure there is always exactly one audio listener in the scene.
There are 2 audio listeners in the scene. Please ensure there is always exactly one audio listener in the scene.
There are 2 audio listeners in the scene. Please ensure there is always exactly one audio listener in the scene.
There are 2 audio listeners in the scene. Please ensure there is always exactly one audio listener in the scene.
There are 2 audio listeners in the scene. Please ensure there is always exactly one audio listener in the scene.
There are 2 audio listeners in the scene. Please ensure there is always exactly one audio listener in the scene.
There are 2 audio listeners in the scene. Please ensure there is always exactly one audio listener in the scene.
There are 2 audio listeners in the scene. Please ensure there is always exactly one audio listener in the scene.
There are 2 audio listeners in the scene. Please ensure there is always exactly one audio listener in the scene.
There are 2 audio listeners in the scene. Please ensure there is always exactly one audio listener in the scene.
There are 2 audio listeners in the scene. Please ensure there is always exactly one audio listener in the scene.
There are 2 audio listeners in the scene. Please ensure there is always exactly one audio listener in the scene.
There are 2 audio listeners in the scene. Please ensure there is always exactly one audio listener in the scene.
There are 2 audio listeners in the scene. Please ensure there is always exactly one audio listener in the scene.
There are 2 audio listeners in the scene. Please ensure there is always exactly one audio listener in the scene.
There are 2 audio listeners in the scene. Please ensure there is always exactly one audio listener in the scene.
There are 2 audio listeners in the scene. Please ensure there is always exactly one audio listener in the scene.
There are 2 audio listeners in the scene. Please ensure there is always exactly one audio listener in the scene.
There are 2 audio listeners in the scene. Please ensure there is always exactly one audio listener in the scene.
There are 2 audio listeners in the scene. Please ensure there is always exactly one audio listener in the scene.
There are 2 audio listeners in the scene. Please ensure there is always exactly one audio listener in the scene.
There are 2 audio listeners in the scene. Please ensure there is always exactly one audio listener in the scene.
There are 2 audio listeners in the scene. Please ensure there is always exactly one audio listener in the scene.
There are 2 audio listeners in the scene. Please ensure there is always exactly one audio listener in the scene.
There are 2 audio listeners in the scene. Please ensure there is always exactly one audio listener in the scene.
There are 2 audio listeners in the scene. Please ensure there is always exactly one audio listener in the scene.
There are 2 audio listeners in the scene. Please ensure there is always exactly one audio listener in the scene.
There are 2 audio listeners in the scene. Please ensure there is always exactly one audio listener in the scene.
There are 2 audio listeners in the scene. Please ensure there is always exactly one audio listener in the scene.
There are 2 audio listeners in the scene. Please ensure there is always exactly one audio listener in the scene.
There are 2 audio listeners in the scene. Please ensure there is always exactly one audio listener in the scene.
There are 2 audio listeners in the scene. Please ensure there is always exactly one audio listener in the scene.
There are 2 audio listeners in the scene. Please ensure there is always exactly one audio listener in the scene.
There are 2 audio listeners in the scene. Please ensure there is always exactly one audio listener in the scene.
There are 2 audio listeners in the scene. Please ensure there is always exactly one audio listener in the scene.
There are 2 audio listeners in the scene. Please ensure there is always exactly one audio listener in the scene.
There are 2 audio listeners in the scene. Please ensure there is always exactly one audio listener in the scene.
There are 2 audio listeners in the scene. Please ensure there is always exactly one audio listener in the scene.
There are 2 audio listeners in the scene. Please ensure there is always exactly one audio listener in the scene.
There are 2 audio listeners in the scene. Please ensure there is always exactly one audio listener in the scene.
There are 2 audio listeners in the scene. Please ensure there is always exactly one audio listener in the scene.
There are 2 audio listeners in the scene. Please ensure there is always exactly one audio listener in the scene.
There are 2 audio listeners in the scene. Please ensure there is always exactly one audio listener in the scene.
There are 2 audio listeners in the scene. Please ensure there is always exactly one audio listener in the scene.
There are 2 audio listeners in the scene. Please ensure there is always exactly one audio listener in the scene.
There are 2 audio listeners in the scene. Please ensure there is always exactly one audio listener in the scene.
There are 2 audio listeners in the scene. Please ensure there is always exactly one audio listener in the scene.
There are 2 audio listeners in the scene. Please ensure there is always exactly one audio listener in the scene.
There are 2 audio listeners in the scene. Please ensure there is always exactly one audio listener in the scene.
There are 2 audio listeners in the scene. Please ensure there is always exactly one audio listener in the scene.
There are 2 audio listeners in the scene. Please ensure there is always exactly one audio listener in the scene.
There are 2 audio listeners in the scene. Please ensure there is always exactly one audio listener in the scene.
There are 2 audio listeners in the scene. Please ensure there is always exactly one audio listener in the scene.
There are 2 audio listeners in the scene. Please ensure there is always exactly one audio listener in the scene.
There are 2 audio listeners in the scene. Please ensure there is always exactly one audio listener in the scene.
There are 2 audio listeners in the scene. Please ensure there is always exactly one audio listener in the scene.
There are 2 audio listeners in the scene. Please ensure there is always exactly one audio listener in the scene.
There are 2 audio listeners in the scene. Please ensure there is always exactly one audio listener in the scene.
There are 2 audio listeners in the scene. Please ensure there is always exactly one audio listener in the scene.
There are 2 audio listeners in the scene. Please ensure there is always exactly one audio listener in the scene.
There are 2 audio listeners in the scene. Please ensure there is always exactly one audio listener in the scene.
There are 2 audio listeners in the scene. Please ensure there is always exactly one audio listener in the scene.
There are 2 audio listeners in the scene. Please ensure there is always exactly one audio listener in the scene.
There are 2 audio listeners in the scene. Please ensure there is always exactly one audio listener in the scene.
There are 2 audio listeners in the scene. Please ensure there is always exactly one audio listener in the scene.
There are 2 audio listeners in the scene. Please ensure there is always exactly one audio listener in the scene.
There are 2 audio listeners in the scene. Please ensure there is always exactly one audio listener in the scene.
There are 2 audio listeners in the scene. Please ensure there is always exactly one audio listener in the scene.
There are 2 audio listeners in the scene. Please ensure there is always exactly one audio listener in the scene.
There are 2 audio listeners in the scene. Please ensure there is always exactly one audio listener in the scene.
There are 2 audio listeners in the scene. Please ensure there is always exactly one audio listener in the scene.
There are 2 audio listeners in the scene. Please ensure there is always exactly one audio listener in the scene.
There are 2 audio listeners in the scene. Please ensure there is always exactly one audio listener in the scene.
There are 2 audio listeners in the scene. Please ensure there is always exactly one audio listener in the scene.
There are 2 audio listeners in the scene. Please ensure there is always exactly one audio listener in the scene.
There are 2 audio listeners in the scene. Please ensure there is always exactly one audio listener in the scene.
There are 2 audio listeners in the scene. Please ensure there is always exactly one audio listener in the scene.
There are 2 audio listeners in the scene. Please ensure there is always exactly one audio listener in the scene.
There are 2 audio listeners in the scene. Please ensure there is always exactly one audio listener in the scene.
There are 2 audio listeners in the scene. Please ensure there is always exactly one audio listener in the scene.
There are 2 audio listeners in the scene. Please ensure there is always exactly one audio listener in the scene.
There are 2 audio listeners in the scene. Please ensure there is always exactly one audio listener in the scene.
There are 2 audio listeners in the scene. Please ensure there is always exactly one audio listener in the scene.
There are 2 audio listeners in the scene. Please ensure there is always exactly one audio listener in the scene.
There are 2 audio listeners in the scene. Please ensure there is always exactly one audio listener in the scene.
There are 2 audio listeners in the scene. Please ensure there is always exactly one audio listener in the scene.
There are 2 audio listeners in the scene. Please ensure there is always exactly one audio listener in the scene.
There are 2 audio listeners in the scene. Please ensure there is always exactly one audio listener in the scene.
There are 2 audio listeners in the scene. Please ensure there is always exactly one audio listener in the scene.
There are 2 audio listeners in the scene. Please ensure there is always exactly one audio listener in the scene.
There are 2 audio listeners in the scene. Please ensure there is always exactly one audio listener in the scene.
There are 2 audio listeners in the scene. Please ensure there is always exactly one audio listener in the scene.
There are 2 audio listeners in the scene. Please ensure there is always exactly one audio listener in the scene.
There are 2 audio listeners in the scene. Please ensure there is always exactly one audio listener in the scene.
There are 2 audio listeners in the scene. Please ensure there is always exactly one audio listener in the scene.
There are 2 audio listeners in the scene. Please ensure there is always exactly one audio listener in the scene.
There are 2 audio listeners in the scene. Please ensure there is always exactly one audio listener in the scene.
There are 2 audio listeners in the scene. Please ensure there is always exactly one audio listener in the scene.
There are 2 audio listeners in the scene. Please ensure there is always exactly one audio listener in the scene.
There are 2 audio listeners in the scene. Please ensure there is always exactly one audio listener in the scene.
There are 2 audio listeners in the scene. Please ensure there is always exactly one audio listener in the scene.
There are 2 audio listeners in the scene. Please ensure there is always exactly one audio listener in the scene.
There are 2 audio listeners in the scene. Please ensure there is always exactly one audio listener in the scene.
There are 2 audio listeners in the scene. Please ensure there is always exactly one audio listener in the scene.
There are 2 audio listeners in the scene. Please ensure there is always exactly one audio listener in the scene.
There are 2 audio listeners in the scene. Please ensure there is always exactly one audio listener in the scene.
There are 2 audio listeners in the scene. Please ensure there is always exactly one audio listener in the scene.
There are 2 audio listeners in the scene. Please ensure there is always exactly one audio listener in the scene.
There are 2 audio listeners in the scene. Please ensure there is always exactly one audio listener in the scene.
There are 2 audio listeners in the scene. Please ensure there is always exactly one audio listener in the scene.
There are 2 audio listeners in the scene. Please ensure there is always exactly one audio listener in the scene.
There are 2 audio listeners in the scene. Please ensure there is always exactly one audio listener in the scene.
There are 2 audio listeners in the scene. Please ensure there is always exactly one audio listener in the scene.
There are 2 audio listeners in the scene. Please ensure there is always exactly one audio listener in the scene.
There are 2 audio listeners in the scene. Please ensure there is always exactly one audio listener in the scene.
There are 2 audio listeners in the scene. Please ensure there is always exactly one audio listener in the scene.
There are 2 audio listeners in the scene. Please ensure there is always exactly one audio listener in the scene.
There are 2 audio listeners in the scene. Please ensure there is always exactly one audio listener in the scene.
There are 2 audio listeners in the scene. Please ensure there is always exactly one audio listener in the scene.
There are 2 audio listeners in the scene. Please ensure there is always exactly one audio listener in the scene.
There are 2 audio listeners in the scene. Please ensure there is always exactly one audio listener in the scene.
There are 2 audio listeners in the scene. Please ensure there is always exactly one audio listener in the scene.
There are 2 audio listeners in the scene. Please ensure there is always exactly one audio listener in the scene.
There are 2 audio listeners in the scene. Please ensure there is always exactly one audio listener in the scene.
There are 2 audio listeners in the scene. Please ensure there is always exactly one audio listener in the scene.
There are 2 audio listeners in the scene. Please ensure there is always exactly one audio listener in the scene.
There are 2 audio listeners in the scene. Please ensure there is always exactly one audio listener in the scene.
There are 2 audio listeners in the scene. Please ensure there is always exactly one audio listener in the scene.
There are 2 audio listeners in the scene. Please ensure there is always exactly one audio listener in the scene.
There are 2 audio listeners in the scene. Please ensure there is always exactly one audio listener in the scene.
There are 2 audio listeners in the scene. Please ensure there is always exactly one audio listener in the scene.
There are 2 audio listeners in the scene. Please ensure there is always exactly one audio listener in the scene.
There are 2 audio listeners in the scene. Please ensure there is always exactly one audio listener in the scene.
There are 2 audio listeners in the scene. Please ensure there is always exactly one audio listener in the scene.
There are 2 audio listeners in the scene. Please ensure there is always exactly one audio listener in the scene.
There are 2 audio listeners in the scene. Please ensure there is always exactly one audio listener in the scene.
There are 2 audio listeners in the scene. Please ensure there is always exactly one audio listener in the scene.
There are 2 audio listeners in the scene. Please ensure there is always exactly one audio listener in the scene.
There are 2 audio listeners in the scene. Please ensure there is always exactly one audio listener in the scene.
There are 2 audio listeners in the scene. Please ensure there is always exactly one audio listener in the scene.
There are 2 audio listeners in the scene. Please ensure there is always exactly one audio listener in the scene.
There are 2 audio listeners in the scene. Please ensure there is always exactly one audio listener in the scene.
There are 2 audio listeners in the scene. Please ensure there is always exactly one audio listener in the scene.
There are 2 audio listeners in the scene. Please ensure there is always exactly one audio listener in the scene.
There are 2 audio listeners in the scene. Please ensure there is always exactly one audio listener in the scene.
There are 2 audio listeners in the scene. Please ensure there is always exactly one audio listener in the scene.
There are 2 audio listeners in the scene. Please ensure there is always exactly one audio listener in the scene.
There are 2 audio listeners in the scene. Please ensure there is always exactly one audio listener in the scene.
There are 2 audio listeners in the scene. Please ensure there is always exactly one audio listener in the scene.
There are 2 audio listeners in the scene. Please ensure there is always exactly one audio listener in the scene.
There are 2 audio listeners in the scene. Please ensure there is always exactly one audio listener in the scene.
There are 2 audio listeners in the scene. Please ensure there is always exactly one audio listener in the scene.
There are 2 audio listeners in the scene. Please ensure there is always exactly one audio listener in the scene.
There are 2 audio listeners in the scene. Please ensure there is always exactly one audio listener in the scene.
There are 2 audio listeners in the scene. Please ensure there is always exactly one audio listener in the scene.
There are 2 audio listeners in the scene. Please ensure there is always exactly one audio listener in the scene.
There are 2 audio listeners in the scene. Please ensure there is always exactly one audio listener in the scene.
There are 2 audio listeners in the scene. Please ensure there is always exactly one audio listener in the scene.
There are 2 audio listeners in the scene. Please ensure there is always exactly one audio listener in the scene.
There are 2 audio listeners in the scene. Please ensure there is always exactly one audio listener in the scene.
There are 2 audio listeners in the scene. Please ensure there is always exactly one audio listener in the scene.
There are 2 audio listeners in the scene. Please ensure there is always exactly one audio listener in the scene.
There are 2 audio listeners in the scene. Please ensure there is always exactly one audio listener in the scene.
There are 2 audio listeners in the scene. Please ensure there is always exactly one audio listener in the scene.
There are 2 audio listeners in the scene. Please ensure there is always exactly one audio listener in the scene.
There are 2 audio listeners in the scene. Please ensure there is always exactly one audio listener in the scene.
There are 2 audio listeners in the scene. Please ensure there is always exactly one audio listener in the scene.
There are 2 audio listeners in the scene. Please ensure there is always exactly one audio listener in the scene.
There are 2 audio listeners in the scene. Please ensure there is always exactly one audio listener in the scene.
There are 2 audio listeners in the scene. Please ensure there is always exactly one audio listener in the scene.
There are 2 audio listeners in the scene. Please ensure there is always exactly one audio listener in the scene.
There are 2 audio listeners in the scene. Please ensure there is always exactly one audio listener in the scene.
There are 2 audio listeners in the scene. Please ensure there is always exactly one audio listener in the scene.
There are 2 audio listeners in the scene. Please ensure there is always exactly one audio listener in the scene.
There are 2 audio listeners in the scene. Please ensure there is always exactly one audio listener in the scene.
There are 2 audio listeners in the scene. Please ensure there is always exactly one audio listener in the scene.
There are 2 audio listeners in the scene. Please ensure there is always exactly one audio listener in the scene.
There are 2 audio listeners in the scene. Please ensure there is always exactly one audio listener in the scene.
There are 2 audio listeners in the scene. Please ensure there is always exactly one audio listener in the scene.
There are 2 audio listeners in the scene. Please ensure there is always exactly one audio listener in the scene.
There are 2 audio listeners in the scene. Please ensure there is always exactly one audio listener in the scene.
There are 2 audio listeners in the scene. Please ensure there is always exactly one audio listener in the scene.
There are 2 audio listeners in the scene. Please ensure there is always exactly one audio listener in the scene.
There are 2 audio listeners in the scene. Please ensure there is always exactly one audio listener in the scene.
There are 2 audio listeners in the scene. Please ensure there is always exactly one audio listener in the scene.
There are 2 audio listeners in the scene. Please ensure there is always exactly one audio listener in the scene.
There are 2 audio listeners in the scene. Please ensure there is always exactly one audio listener in the scene.
There are 2 audio listeners in the scene. Please ensure there is always exactly one audio listener in the scene.
There are 2 audio listeners in the scene. Please ensure there is always exactly one audio listener in the scene.
There are 2 audio listeners in the scene. Please ensure there is always exactly one audio listener in the scene.
There are 2 audio listeners in the scene. Please ensure there is always exactly one audio listener in the scene.
There are 2 audio listeners in the scene. Please ensure there is always exactly one audio listener in the scene.
There are 2 audio listeners in the scene. Please ensure there is always exactly one audio listener in the scene.
There are 2 audio listeners in the scene. Please ensure there is always exactly one audio listener in the scene.
There are 2 audio listeners in the scene. Please ensure there is always exactly one audio listener in the scene.
There are 2 audio listeners in the scene. Please ensure there is always exactly one audio listener in the scene.
There are 2 audio listeners in the scene. Please ensure there is always exactly one audio listener in the scene.
There are 2 audio listeners in the scene. Please ensure there is always exactly one audio listener in the scene.
There are 2 audio listeners in the scene. Please ensure there is always exactly one audio listener in the scene.
There are 2 audio listeners in the scene. Please ensure there is always exactly one audio listener in the scene.
There are 2 audio listeners in the scene. Please ensure there is always exactly one audio listener in the scene.
There are 2 audio listeners in the scene. Please ensure there is always exactly one audio listener in the scene.
There are 2 audio listeners in the scene. Please ensure there is always exactly one audio listener in the scene.
There are 2 audio listeners in the scene. Please ensure there is always exactly one audio listener in the scene.
There are 2 audio listeners in the scene. Please ensure there is always exactly one audio listener in the scene.
There are 2 audio listeners in the scene. Please ensure there is always exactly one audio listener in the scene.
There are 2 audio listeners in the scene. Please ensure there is always exactly one audio listener in the scene.
There are 2 audio listeners in the scene. Please ensure there is always exactly one audio listener in the scene.
There are 2 audio listeners in the scene. Please ensure there is always exactly one audio listener in the scene.
There are 2 audio listeners in the scene. Please ensure there is always exactly one audio listener in the scene.
There are 2 audio listeners in the scene. Please ensure there is always exactly one audio listener in the scene.
There are 2 audio listeners in the scene. Please ensure there is always exactly one audio listener in the scene.
There are 2 audio listeners in the scene. Please ensure there is always exactly one audio listener in the scene.
There are 2 audio listeners in the scene. Please ensure there is always exactly one audio listener in the scene.
There are 2 audio listeners in the scene. Please ensure there is always exactly one audio listener in the scene.
There are 2 audio listeners in the scene. Please ensure there is always exactly one audio listener in the scene.
There are 2 audio listeners in the scene. Please ensure there is always exactly one audio listener in the scene.
There are 2 audio listeners in the scene. Please ensure there is always exactly one audio listener in the scene.
There are 2 audio listeners in the scene. Please ensure there is always exactly one audio listener in the scene.
There are 2 audio listeners in the scene. Please ensure there is always exactly one audio listener in the scene.
There are 2 audio listeners in the scene. Please ensure there is always exactly one audio listener in the scene.
There are 2 audio listeners in the scene. Please ensure there is always exactly one audio listener in the scene.
There are 2 audio listeners in the scene. Please ensure there is always exactly one audio listener in the scene.
There are 2 audio listeners in the scene. Please ensure there is always exactly one audio listener in the scene.
There are 2 audio listeners in the scene. Please ensure there is always exactly one audio listener in the scene.
There are 2 audio listeners in the scene. Please ensure there is always exactly one audio listener in the scene.
There are 2 audio listeners in the scene. Please ensure there is always exactly one audio listener in the scene.
There are 2 audio listeners in the scene. Please ensure there is always exactly one audio listener in the scene.
There are 2 audio listeners in the scene. Please ensure there is always exactly one audio listener in the scene.
There are 2 audio listeners in the scene. Please ensure there is always exactly one audio listener in the scene.
There are 2 audio listeners in the scene. Please ensure there is always exactly one audio listener in the scene.
There are 2 audio listeners in the scene. Please ensure there is always exactly one audio listener in the scene.
There are 2 audio listeners in the scene. Please ensure there is always exactly one audio listener in the scene.
There are 2 audio listeners in the scene. Please ensure there is always exactly one audio listener in the scene.
There are 2 audio listeners in the scene. Please ensure there is always exactly one audio listener in the scene.
There are 2 audio listeners in the scene. Please ensure there is always exactly one audio listener in the scene.
There are 2 audio listeners in the scene. Please ensure there is always exactly one audio listener in the scene.
There are 2 audio listeners in the scene. Please ensure there is always exactly one audio listener in the scene.
There are 2 audio listeners in the scene. Please ensure there is always exactly one audio listener in the scene.
There are 2 audio listeners in the scene. Please ensure there is always exactly one audio listener in the scene.
There are 2 audio listeners in the scene. Please ensure there is always exactly one audio listener in the scene.
There are 2 audio listeners in the scene. Please ensure there is always exactly one audio listener in the scene.
There are 2 audio listeners in the scene. Please ensure there is always exactly one audio listener in the scene.
There are 2 audio listeners in the scene. Please ensure there is always exactly one audio listener in the scene.
There are 2 audio listeners in the scene. Please ensure there is always exactly one audio listener in the scene.
There are 2 audio listeners in the scene. Please ensure there is always exactly one audio listener in the scene.
There are 2 audio listeners in the scene. Please ensure there is always exactly one audio listener in the scene.
There are 2 audio listeners in the scene. Please ensure there is always exactly one audio listener in the scene.
There are 2 audio listeners in the scene. Please ensure there is always exactly one audio listener in the scene.
There are 2 audio listeners in the scene. Please ensure there is always exactly one audio listener in the scene.
There are 2 audio listeners in the scene. Please ensure there is always exactly one audio listener in the scene.
There are 2 audio listeners in the scene. Please ensure there is always exactly one audio listener in the scene.
There are 2 audio listeners in the scene. Please ensure there is always exactly one audio listener in the scene.
There are 2 audio listeners in the scene. Please ensure there is always exactly one audio listener in the scene.
There are 2 audio listeners in the scene. Please ensure there is always exactly one audio listener in the scene.
There are 2 audio listeners in the scene. Please ensure there is always exactly one audio listener in the scene.
There are 2 audio listeners in the scene. Please ensure there is always exactly one audio listener in the scene.
There are 2 audio listeners in the scene. Please ensure there is always exactly one audio listener in the scene.
There are 2 audio listeners in the scene. Please ensure there is always exactly one audio listener in the scene.
There are 2 audio listeners in the scene. Please ensure there is always exactly one audio listener in the scene.
There are 2 audio listeners in the scene. Please ensure there is always exactly one audio listener in the scene.
There are 2 audio listeners in the scene. Please ensure there is always exactly one audio listener in the scene.
There are 2 audio listeners in the scene. Please ensure there is always exactly one audio listener in the scene.
There are 2 audio listeners in the scene. Please ensure there is always exactly one audio listener in the scene.
There are 2 audio listeners in the scene. Please ensure there is always exactly one audio listener in the scene.
There are 2 audio listeners in the scene. Please ensure there is always exactly one audio listener in the scene.
There are 2 audio listeners in the scene. Please ensure there is always exactly one audio listener in the scene.
There are 2 audio listeners in the scene. Please ensure there is always exactly one audio listener in the scene.
There are 2 audio listeners in the scene. Please ensure there is always exactly one audio listener in the scene.
There are 2 audio listeners in the scene. Please ensure there is always exactly one audio listener in the scene.
There are 2 audio listeners in the scene. Please ensure there is always exactly one audio listener in the scene.
There are 2 audio listeners in the scene. Please ensure there is always exactly one audio listener in the scene.
There are 2 audio listeners in the scene. Please ensure there is always exactly one audio listener in the scene.
There are 2 audio listeners in the scene. Please ensure there is always exactly one audio listener in the scene.
There are 2 audio listeners in the scene. Please ensure there is always exactly one audio listener in the scene.
There are 2 audio listeners in the scene. Please ensure there is always exactly one audio listener in the scene.
There are 2 audio listeners in the scene. Please ensure there is always exactly one audio listener in the scene.
There are 2 audio listeners in the scene. Please ensure there is always exactly one audio listener in the scene.
There are 2 audio listeners in the scene. Please ensure there is always exactly one audio listener in the scene.
There are 2 audio listeners in the scene. Please ensure there is always exactly one audio listener in the scene.
There are 2 audio listeners in the scene. Please ensure there is always exactly one audio listener in the scene.
There are 2 audio listeners in the scene. Please ensure there is always exactly one audio listener in the scene.
There are 2 audio listeners in the scene. Please ensure there is always exactly one audio listener in the scene.
There are 2 audio listeners in the scene. Please ensure there is always exactly one audio listener in the scene.
There are 2 audio listeners in the scene. Please ensure there is always exactly one audio listener in the scene.
There are 2 audio listeners in the scene. Please ensure there is always exactly one audio listener in the scene.
There are 2 audio listeners in the scene. Please ensure there is always exactly one audio listener in the scene.
There are 2 audio listeners in the scene. Please ensure there is always exactly one audio listener in the scene.
There are 2 audio listeners in the scene. Please ensure there is always exactly one audio listener in the scene.
There are 2 audio listeners in the scene. Please ensure there is always exactly one audio listener in the scene.
There are 2 audio listeners in the scene. Please ensure there is always exactly one audio listener in the scene.
There are 2 audio listeners in the scene. Please ensure there is always exactly one audio listener in the scene.
There are 2 audio listeners in the scene. Please ensure there is always exactly one audio listener in the scene.
There are 2 audio listeners in the scene. Please ensure there is always exactly one audio listener in the scene.
There are 2 audio listeners in the scene. Please ensure there is always exactly one audio listener in the scene.
There are 2 audio listeners in the scene. Please ensure there is always exactly one audio listener in the scene.
There are 2 audio listeners in the scene. Please ensure there is always exactly one audio listener in the scene.
There are 2 audio listeners in the scene. Please ensure there is always exactly one audio listener in the scene.
There are 2 audio listeners in the scene. Please ensure there is always exactly one audio listener in the scene.
There are 2 audio listeners in the scene. Please ensure there is always exactly one audio listener in the scene.
There are 2 audio listeners in the scene. Please ensure there is always exactly one audio listener in the scene.
There are 2 audio listeners in the scene. Please ensure there is always exactly one audio listener in the scene.
There are 2 audio listeners in the scene. Please ensure there is always exactly one audio listener in the scene.
There are 2 audio listeners in the scene. Please ensure there is always exactly one audio listener in the scene.
There are 2 audio listeners in the scene. Please ensure there is always exactly one audio listener in the scene.
There are 2 audio listeners in the scene. Please ensure there is always exactly one audio listener in the scene.
There are 2 audio listeners in the scene. Please ensure there is always exactly one audio listener in the scene.
There are 2 audio listeners in the scene. Please ensure there is always exactly one audio listener in the scene.
There are 2 audio listeners in the scene. Please ensure there is always exactly one audio listener in the scene.
There are 2 audio listeners in the scene. Please ensure there is always exactly one audio listener in the scene.
There are 2 audio listeners in the scene. Please ensure there is always exactly one audio listener in the scene.
There are 2 audio listeners in the scene. Please ensure there is always exactly one audio listener in the scene.
There are 2 audio listeners in the scene. Please ensure there is always exactly one audio listener in the scene.
There are 2 audio listeners in the scene. Please ensure there is always exactly one audio listener in the scene.
There are 2 audio listeners in the scene. Please ensure there is always exactly one audio listener in the scene.
There are 2 audio listeners in the scene. Please ensure there is always exactly one audio listener in the scene.
There are 2 audio listeners in the scene. Please ensure there is always exactly one audio listener in the scene.
There are 2 audio listeners in the scene. Please ensure there is always exactly one audio listener in the scene.
There are 2 audio listeners in the scene. Please ensure there is always exactly one audio listener in the scene.
There are 2 audio listeners in the scene. Please ensure there is always exactly one audio listener in the scene.
There are 2 audio listeners in the scene. Please ensure there is always exactly one audio listener in the scene.
There are 2 audio listeners in the scene. Please ensure there is always exactly one audio listener in the scene.
There are 2 audio listeners in the scene. Please ensure there is always exactly one audio listener in the scene.
There are 2 audio listeners in the scene. Please ensure there is always exactly one audio listener in the scene.
There are 2 audio listeners in the scene. Please ensure there is always exactly one audio listener in the scene.
There are 2 audio listeners in the scene. Please ensure there is always exactly one audio listener in the scene.
There are 2 audio listeners in the scene. Please ensure there is always exactly one audio listener in the scene.
There are 2 audio listeners in the scene. Please ensure there is always exactly one audio listener in the scene.
There are 2 audio listeners in the scene. Please ensure there is always exactly one audio listener in the scene.
There are 2 audio listeners in the scene. Please ensure there is always exactly one audio listener in the scene.
There are 2 audio listeners in the scene. Please ensure there is always exactly one audio listener in the scene.
There are 2 audio listeners in the scene. Please ensure there is always exactly one audio listener in the scene.
There are 2 audio listeners in the scene. Please ensure there is always exactly one audio listener in the scene.
There are 2 audio listeners in the scene. Please ensure there is always exactly one audio listener in the scene.
There are 2 audio listeners in the scene. Please ensure there is always exactly one audio listener in the scene.
There are 2 audio listeners in the scene. Please ensure there is always exactly one audio listener in the scene.
There are 2 audio listeners in the scene. Please ensure there is always exactly one audio listener in the scene.
There are 2 audio listeners in the scene. Please ensure there is always exactly one audio listener in the scene.
There are 2 audio listeners in the scene. Please ensure there is always exactly one audio listener in the scene.
There are 2 audio listeners in the scene. Please ensure there is always exactly one audio listener in the scene.
There are 2 audio listeners in the scene. Please ensure there is always exactly one audio listener in the scene.
There are 2 audio listeners in the scene. Please ensure there is always exactly one audio listener in the scene.
There are 2 audio listeners in the scene. Please ensure there is always exactly one audio listener in the scene.
There are 2 audio listeners in the scene. Please ensure there is always exactly one audio listener in the scene.
There are 2 audio listeners in the scene. Please ensure there is always exactly one audio listener in the scene.
There are 2 audio listeners in the scene. Please ensure there is always exactly one audio listener in the scene.
There are 2 audio listeners in the scene. Please ensure there is always exactly one audio listener in the scene.
There are 2 audio listeners in the scene. Please ensure there is always exactly one audio listener in the scene.
There are 2 audio listeners in the scene. Please ensure there is always exactly one audio listener in the scene.
There are 2 audio listeners in the scene. Please ensure there is always exactly one audio listener in the scene.
There are 2 audio listeners in the scene. Please ensure there is always exactly one audio listener in the scene.
There are 2 audio listeners in the scene. Please ensure there is always exactly one audio listener in the scene.
There are 2 audio listeners in the scene. Please ensure there is always exactly one audio listener in the scene.
There are 2 audio listeners in the scene. Please ensure there is always exactly one audio listener in the scene.
There are 2 audio listeners in the scene. Please ensure there is always exactly one audio listener in the scene.
There are 2 audio listeners in the scene. Please ensure there is always exactly one audio listener in the scene.
There are 2 audio listeners in the scene. Please ensure there is always exactly one audio listener in the scene.
There are 2 audio listeners in the scene. Please ensure there is always exactly one audio listener in the scene.
There are 2 audio listeners in the scene. Please ensure there is always exactly one audio listener in the scene.
There are 2 audio listeners in the scene. Please ensure there is always exactly one audio listener in the scene.
There are 2 audio listeners in the scene. Please ensure there is always exactly one audio listener in the scene.
There are 2 audio listeners in the scene. Please ensure there is always exactly one audio listener in the scene.
There are 2 audio listeners in the scene. Please ensure there is always exactly one audio listener in the scene.
There are 2 audio listeners in the scene. Please ensure there is always exactly one audio listener in the scene.
There are 2 audio listeners in the scene. Please ensure there is always exactly one audio listener in the scene.
There are 2 audio listeners in the scene. Please ensure there is always exactly one audio listener in the scene.
There are 2 audio listeners in the scene. Please ensure there is always exactly one audio listener in the scene.
There are 2 audio listeners in the scene. Please ensure there is always exactly one audio listener in the scene.
There are 2 audio listeners in the scene. Please ensure there is always exactly one audio listener in the scene.
There are 2 audio listeners in the scene. Please ensure there is always exactly one audio listener in the scene.
There are 2 audio listeners in the scene. Please ensure there is always exactly one audio listener in the scene.
There are 2 audio listeners in the scene. Please ensure there is always exactly one audio listener in the scene.
There are 2 audio listeners in the scene. Please ensure there is always exactly one audio listener in the scene.
There are 2 audio listeners in the scene. Please ensure there is always exactly one audio listener in the scene.
There are 2 audio listeners in the scene. Please ensure there is always exactly one audio listener in the scene.
There are 2 audio listeners in the scene. Please ensure there is always exactly one audio listener in the scene.
There are 2 audio listeners in the scene. Please ensure there is always exactly one audio listener in the scene.
There are 2 audio listeners in the scene. Please ensure there is always exactly one audio listener in the scene.
There are 2 audio listeners in the scene. Please ensure there is always exactly one audio listener in the scene.
There are 2 audio listeners in the scene. Please ensure there is always exactly one audio listener in the scene.
There are 2 audio listeners in the scene. Please ensure there is always exactly one audio listener in the scene.
There are 2 audio listeners in the scene. Please ensure there is always exactly one audio listener in the scene.
There are 2 audio listeners in the scene. Please ensure there is always exactly one audio listener in the scene.
There are 2 audio listeners in the scene. Please ensure there is always exactly one audio listener in the scene.
There are 2 audio listeners in the scene. Please ensure there is always exactly one audio listener in the scene.
There are 2 audio listeners in the scene. Please ensure there is always exactly one audio listener in the scene.
There are 2 audio listeners in the scene. Please ensure there is always exactly one audio listener in the scene.
There are 2 audio listeners in the scene. Please ensure there is always exactly one audio listener in the scene.
There are 2 audio listeners in the scene. Please ensure there is always exactly one audio listener in the scene.
There are 2 audio listeners in the scene. Please ensure there is always exactly one audio listener in the scene.
There are 2 audio listeners in the scene. Please ensure there is always exactly one audio listener in the scene.
There are 2 audio listeners in the scene. Please ensure there is always exactly one audio listener in the scene.
There are 2 audio listeners in the scene. Please ensure there is always exactly one audio listener in the scene.
There are 2 audio listeners in the scene. Please ensure there is always exactly one audio listener in the scene.
There are 2 audio listeners in the scene. Please ensure there is always exactly one audio listener in the scene.
There are 2 audio listeners in the scene. Please ensure there is always exactly one audio listener in the scene.
There are 2 audio listeners in the scene. Please ensure there is always exactly one audio listener in the scene.
There are 2 audio listeners in the scene. Please ensure there is always exactly one audio listener in the scene.
There are 2 audio listeners in the scene. Please ensure there is always exactly one audio listener in the scene.
There are 2 audio listeners in the scene. Please ensure there is always exactly one audio listener in the scene.
There are 2 audio listeners in the scene. Please ensure there is always exactly one audio listener in the scene.
There are 2 audio listeners in the scene. Please ensure there is always exactly one audio listener in the scene.
There are 2 audio listeners in the scene. Please ensure there is always exactly one audio listener in the scene.
There are 2 audio listeners in the scene. Please ensure there is always exactly one audio listener in the scene.
There are 2 audio listeners in the scene. Please ensure there is always exactly one audio listener in the scene.
There are 2 audio listeners in the scene. Please ensure there is always exactly one audio listener in the scene.
There are 2 audio listeners in the scene. Please ensure there is always exactly one audio listener in the scene.
There are 2 audio listeners in the scene. Please ensure there is always exactly one audio listener in the scene.
There are 2 audio listeners in the scene. Please ensure there is always exactly one audio listener in the scene.
There are 2 audio listeners in the scene. Please ensure there is always exactly one audio listener in the scene.
There are 2 audio listeners in the scene. Please ensure there is always exactly one audio listener in the scene.
There are 2 audio listeners in the scene. Please ensure there is always exactly one audio listener in the scene.
There are 2 audio listeners in the scene. Please ensure there is always exactly one audio listener in the scene.
There are 2 audio listeners in the scene. Please ensure there is always exactly one audio listener in the scene.
There are 2 audio listeners in the scene. Please ensure there is always exactly one audio listener in the scene.
There are 2 audio listeners in the scene. Please ensure there is always exactly one audio listener in the scene.
There are 2 audio listeners in the scene. Please ensure there is always exactly one audio listener in the scene.
There are 2 audio listeners in the scene. Please ensure there is always exactly one audio listener in the scene.
There are 2 audio listeners in the scene. Please ensure there is always exactly one audio listener in the scene.
There are 2 audio listeners in the scene. Please ensure there is always exactly one audio listener in the scene.
There are 2 audio listeners in the scene. Please ensure there is always exactly one audio listener in the scene.
There are 2 audio listeners in the scene. Please ensure there is always exactly one audio listener in the scene.
There are 2 audio listeners in the scene. Please ensure there is always exactly one audio listener in the scene.
There are 2 audio listeners in the scene. Please ensure there is always exactly one audio listener in the scene.
There are 2 audio listeners in the scene. Please ensure there is always exactly one audio listener in the scene.
There are 2 audio listeners in the scene. Please ensure there is always exactly one audio listener in the scene.
There are 2 audio listeners in the scene. Please ensure there is always exactly one audio listener in the scene.
There are 2 audio listeners in the scene. Please ensure there is always exactly one audio listener in the scene.
There are 2 audio listeners in the scene. Please ensure there is always exactly one audio listener in the scene.
There are 2 audio listeners in the scene. Please ensure there is always exactly one audio listener in the scene.
There are 2 audio listeners in the scene. Please ensure there is always exactly one audio listener in the scene.
There are 2 audio listeners in the scene. Please ensure there is always exactly one audio listener in the scene.
There are 2 audio listeners in the scene. Please ensure there is always exactly one audio listener in the scene.
There are 2 audio listeners in the scene. Please ensure there is always exactly one audio listener in the scene.
There are 2 audio listeners in the scene. Please ensure there is always exactly one audio listener in the scene.
There are 2 audio listeners in the scene. Please ensure there is always exactly one audio listener in the scene.
There are 2 audio listeners in the scene. Please ensure there is always exactly one audio listener in the scene.
There are 2 audio listeners in the scene. Please ensure there is always exactly one audio listener in the scene.
There are 2 audio listeners in the scene. Please ensure there is always exactly one audio listener in the scene.
There are 2 audio listeners in the scene. Please ensure there is always exactly one audio listener in the scene.
There are 2 audio listeners in the scene. Please ensure there is always exactly one audio listener in the scene.
There are 2 audio listeners in the scene. Please ensure there is always exactly one audio listener in the scene.
There are 2 audio listeners in the scene. Please ensure there is always exactly one audio listener in the scene.
There are 2 audio listeners in the scene. Please ensure there is always exactly one audio listener in the scene.
There are 2 audio listeners in the scene. Please ensure there is always exactly one audio listener in the scene.
There are 2 audio listeners in the scene. Please ensure there is always exactly one audio listener in the scene.
There are 2 audio listeners in the scene. Please ensure there is always exactly one audio listener in the scene.
There are 2 audio listeners in the scene. Please ensure there is always exactly one audio listener in the scene.
There are 2 audio listeners in the scene. Please ensure there is always exactly one audio listener in the scene.
There are 2 audio listeners in the scene. Please ensure there is always exactly one audio listener in the scene.
There are 2 audio listeners in the scene. Please ensure there is always exactly one audio listener in the scene.
There are 2 audio listeners in the scene. Please ensure there is always exactly one audio listener in the scene.
There are 2 audio listeners in the scene. Please ensure there is always exactly one audio listener in the scene.
There are 2 audio listeners in the scene. Please ensure there is always exactly one audio listener in the scene.
There are 2 audio listeners in the scene. Please ensure there is always exactly one audio listener in the scene.
There are 2 audio listeners in the scene. Please ensure there is always exactly one audio listener in the scene.
There are 2 audio listeners in the scene. Please ensure there is always exactly one audio listener in the scene.
There are 2 audio listeners in the scene. Please ensure there is always exactly one audio listener in the scene.
There are 2 audio listeners in the scene. Please ensure there is always exactly one audio listener in the scene.
There are 2 audio listeners in the scene. Please ensure there is always exactly one audio listener in the scene.
There are 2 audio listeners in the scene. Please ensure there is always exactly one audio listener in the scene.
There are 2 audio listeners in the scene. Please ensure there is always exactly one audio listener in the scene.
There are 2 audio listeners in the scene. Please ensure there is always exactly one audio listener in the scene.
There are 2 audio listeners in the scene. Please ensure there is always exactly one audio listener in the scene.
There are 2 audio listeners in the scene. Please ensure there is always exactly one audio listener in the scene.
There are 2 audio listeners in the scene. Please ensure there is always exactly one audio listener in the scene.
There are 2 audio listeners in the scene. Please ensure there is always exactly one audio listener in the scene.
There are 2 audio listeners in the scene. Please ensure there is always exactly one audio listener in the scene.
There are 2 audio listeners in the scene. Please ensure there is always exactly one audio listener in the scene.
There are 2 audio listeners in the scene. Please ensure there is always exactly one audio listener in the scene.
There are 2 audio listeners in the scene. Please ensure there is always exactly one audio listener in the scene.
There are 2 audio listeners in the scene. Please ensure there is always exactly one audio listener in the scene.
There are 2 audio listeners in the scene. Please ensure there is always exactly one audio listener in the scene.
There are 2 audio listeners in the scene. Please ensure there is always exactly one audio listener in the scene.
There are 2 audio listeners in the scene. Please ensure there is always exactly one audio listener in the scene.
There are 2 audio listeners in the scene. Please ensure there is always exactly one audio listener in the scene.
There are 2 audio listeners in the scene. Please ensure there is always exactly one audio listener in the scene.
There are 2 audio listeners in the scene. Please ensure there is always exactly one audio listener in the scene.
There are 2 audio listeners in the scene. Please ensure there is always exactly one audio listener in the scene.
There are 2 audio listeners in the scene. Please ensure there is always exactly one audio listener in the scene.
There are 2 audio listeners in the scene. Please ensure there is always exactly one audio listener in the scene.
There are 2 audio listeners in the scene. Please ensure there is always exactly one audio listener in the scene.
There are 2 audio listeners in the scene. Please ensure there is always exactly one audio listener in the scene.
There are 2 audio listeners in the scene. Please ensure there is always exactly one audio listener in the scene.
There are 2 audio listeners in the scene. Please ensure there is always exactly one audio listener in the scene.
There are 2 audio listeners in the scene. Please ensure there is always exactly one audio listener in the scene.
There are 2 audio listeners in the scene. Please ensure there is always exactly one audio listener in the scene.
There are 2 audio listeners in the scene. Please ensure there is always exactly one audio listener in the scene.
There are 2 audio listeners in the scene. Please ensure there is always exactly one audio listener in the scene.
There are 2 audio listeners in the scene. Please ensure there is always exactly one audio listener in the scene.
There are 2 audio listeners in the scene. Please ensure there is always exactly one audio listener in the scene.
There are 2 audio listeners in the scene. Please ensure there is always exactly one audio listener in the scene.
There are 2 audio listeners in the scene. Please ensure there is always exactly one audio listener in the scene.
There are 2 audio listeners in the scene. Please ensure there is always exactly one audio listener in the scene.
There are 2 audio listeners in the scene. Please ensure there is always exactly one audio listener in the scene.
There are 2 audio listeners in the scene. Please ensure there is always exactly one audio listener in the scene.
There are 2 audio listeners in the scene. Please ensure there is always exactly one audio listener in the scene.
There are 2 audio listeners in the scene. Please ensure there is always exactly one audio listener in the scene.
There are 2 audio listeners in the scene. Please ensure there is always exactly one audio listener in the scene.
There are 2 audio listeners in the scene. Please ensure there is always exactly one audio listener in the scene.
There are 2 audio listeners in the scene. Please ensure there is always exactly one audio listener in the scene.
There are 2 audio listeners in the scene. Please ensure there is always exactly one audio listener in the scene.
There are 2 audio listeners in the scene. Please ensure there is always exactly one audio listener in the scene.
There are 2 audio listeners in the scene. Please ensure there is always exactly one audio listener in the scene.
There are 2 audio listeners in the scene. Please ensure there is always exactly one audio listener in the scene.
There are 2 audio listeners in the scene. Please ensure there is always exactly one audio listener in the scene.
There are 2 audio listeners in the scene. Please ensure there is always exactly one audio listener in the scene.
There are 2 audio listeners in the scene. Please ensure there is always exactly one audio listener in the scene.
There are 2 audio listeners in the scene. Please ensure there is always exactly one audio listener in the scene.
There are 2 audio listeners in the scene. Please ensure there is always exactly one audio listener in the scene.
There are 2 audio listeners in the scene. Please ensure there is always exactly one audio listener in the scene.
There are 2 audio listeners in the scene. Please ensure there is always exactly one audio listener in the scene.
There are 2 audio listeners in the scene. Please ensure there is always exactly one audio listener in the scene.
There are 2 audio listeners in the scene. Please ensure there is always exactly one audio listener in the scene.
There are 2 audio listeners in the scene. Please ensure there is always exactly one audio listener in the scene.
There are 2 audio listeners in the scene. Please ensure there is always exactly one audio listener in the scene.
There are 2 audio listeners in the scene. Please ensure there is always exactly one audio listener in the scene.
There are 2 audio listeners in the scene. Please ensure there is always exactly one audio listener in the scene.
There are 2 audio listeners in the scene. Please ensure there is always exactly one audio listener in the scene.
There are 2 audio listeners in the scene. Please ensure there is always exactly one audio listener in the scene.
There are 2 audio listeners in the scene. Please ensure there is always exactly one audio listener in the scene.
There are 2 audio listeners in the scene. Please ensure there is always exactly one audio listener in the scene.
There are 2 audio listeners in the scene. Please ensure there is always exactly one audio listener in the scene.
There are 2 audio listeners in the scene. Please ensure there is always exactly one audio listener in the scene.
There are 2 audio listeners in the scene. Please ensure there is always exactly one audio listener in the scene.
There are 2 audio listeners in the scene. Please ensure there is always exactly one audio listener in the scene.
There are 2 audio listeners in the scene. Please ensure there is always exactly one audio listener in the scene.
There are 2 audio listeners in the scene. Please ensure there is always exactly one audio listener in the scene.
There are 2 audio listeners in the scene. Please ensure there is always exactly one audio listener in the scene.
There are 2 audio listeners in the scene. Please ensure there is always exactly one audio listener in the scene.
There are 2 audio listeners in the scene. Please ensure there is always exactly one audio listener in the scene.
There are 2 audio listeners in the scene. Please ensure there is always exactly one audio listener in the scene.
There are 2 audio listeners in the scene. Please ensure there is always exactly one audio listener in the scene.
There are 2 audio listeners in the scene. Please ensure there is always exactly one audio listener in the scene.
There are 2 audio listeners in the scene. Please ensure there is always exactly one audio listener in the scene.
There are 2 audio listeners in the scene. Please ensure there is always exactly one audio listener in the scene.
There are 2 audio listeners in the scene. Please ensure there is always exactly one audio listener in the scene.
There are 2 audio listeners in the scene. Please ensure there is always exactly one audio listener in the scene.
There are 2 audio listeners in the scene. Please ensure there is always exactly one audio listener in the scene.
There are 2 audio listeners in the scene. Please ensure there is always exactly one audio listener in the scene.
There are 2 audio listeners in the scene. Please ensure there is always exactly one audio listener in the scene.
There are 2 audio listeners in the scene. Please ensure there is always exactly one audio listener in the scene.
There are 2 audio listeners in the scene. Please ensure there is always exactly one audio listener in the scene.
There are 2 audio listeners in the scene. Please ensure there is always exactly one audio listener in the scene.
There are 2 audio listeners in the scene. Please ensure there is always exactly one audio listener in the scene.
There are 2 audio listeners in the scene. Please ensure there is always exactly one audio listener in the scene.
There are 2 audio listeners in the scene. Please ensure there is always exactly one audio listener in the scene.
There are 2 audio listeners in the scene. Please ensure there is always exactly one audio listener in the scene.
There are 2 audio listeners in the scene. Please ensure there is always exactly one audio listener in the scene.
There are 2 audio listeners in the scene. Please ensure there is always exactly one audio listener in the scene.
There are 2 audio listeners in the scene. Please ensure there is always exactly one audio listener in the scene.
There are 2 audio listeners in the scene. Please ensure there is always exactly one audio listener in the scene.
There are 2 audio listeners in the scene. Please ensure there is always exactly one audio listener in the scene.
There are 2 audio listeners in the scene. Please ensure there is always exactly one audio listener in the scene.
There are 2 audio listeners in the scene. Please ensure there is always exactly one audio listener in the scene.
There are 2 audio listeners in the scene. Please ensure there is always exactly one audio listener in the scene.
There are 2 audio listeners in the scene. Please ensure there is always exactly one audio listener in the scene.
There are 2 audio listeners in the scene. Please ensure there is always exactly one audio listener in the scene.
There are 2 audio listeners in the scene. Please ensure there is always exactly one audio listener in the scene.
There are 2 audio listeners in the scene. Please ensure there is always exactly one audio listener in the scene.
There are 2 audio listeners in the scene. Please ensure there is always exactly one audio listener in the scene.
There are 2 audio listeners in the scene. Please ensure there is always exactly one audio listener in the scene.
There are 2 audio listeners in the scene. Please ensure there is always exactly one audio listener in the scene.
There are 2 audio listeners in the scene. Please ensure there is always exactly one audio listener in the scene.
There are 2 audio listeners in the scene. Please ensure there is always exactly one audio listener in the scene.
There are 2 audio listeners in the scene. Please ensure there is always exactly one audio listener in the scene.
There are 2 audio listeners in the scene. Please ensure there is always exactly one audio listener in the scene.
There are 2 audio listeners in the scene. Please ensure there is always exactly one audio listener in the scene.
There are 2 audio listeners in the scene. Please ensure there is always exactly one audio listener in the scene.
There are 2 audio listeners in the scene. Please ensure there is always exactly one audio listener in the scene.
There are 2 audio listeners in the scene. Please ensure there is always exactly one audio listener in the scene.
There are 2 audio listeners in the scene. Please ensure there is always exactly one audio listener in the scene.
There are 2 audio listeners in the scene. Please ensure there is always exactly one audio listener in the scene.
There are 2 audio listeners in the scene. Please ensure there is always exactly one audio listener in the scene.
There are 2 audio listeners in the scene. Please ensure there is always exactly one audio listener in the scene.
There are 2 audio listeners in the scene. Please ensure there is always exactly one audio listener in the scene.
There are 2 audio listeners in the scene. Please ensure there is always exactly one audio listener in the scene.
There are 2 audio listeners in the scene. Please ensure there is always exactly one audio listener in the scene.
There are 2 audio listeners in the scene. Please ensure there is always exactly one audio listener in the scene.
There are 2 audio listeners in the scene. Please ensure there is always exactly one audio listener in the scene.
There are 2 audio listeners in the scene. Please ensure there is always exactly one audio listener in the scene.
There are 2 audio listeners in the scene. Please ensure there is always exactly one audio listener in the scene.
There are 2 audio listeners in the scene. Please ensure there is always exactly one audio listener in the scene.
There are 2 audio listeners in the scene. Please ensure there is always exactly one audio listener in the scene.
There are 2 audio listeners in the scene. Please ensure there is always exactly one audio listener in the scene.
There are 2 audio listeners in the scene. Please ensure there is always exactly one audio listener in the scene.
There are 2 audio listeners in the scene. Please ensure there is always exactly one audio listener in the scene.
There are 2 audio listeners in the scene. Please ensure there is always exactly one audio listener in the scene.
There are 2 audio listeners in the scene. Please ensure there is always exactly one audio listener in the scene.
There are 2 audio listeners in the scene. Please ensure there is always exactly one audio listener in the scene.
There are 2 audio listeners in the scene. Please ensure there is always exactly one audio listener in the scene.
There are 2 audio listeners in the scene. Please ensure there is always exactly one audio listener in the scene.
There are 2 audio listeners in the scene. Please ensure there is always exactly one audio listener in the scene.
There are 2 audio listeners in the scene. Please ensure there is always exactly one audio listener in the scene.
There are 2 audio listeners in the scene. Please ensure there is always exactly one audio listener in the scene.
There are 2 audio listeners in the scene. Please ensure there is always exactly one audio listener in the scene.
There are 2 audio listeners in the scene. Please ensure there is always exactly one audio listener in the scene.
There are 2 audio listeners in the scene. Please ensure there is always exactly one audio listener in the scene.
There are 2 audio listeners in the scene. Please ensure there is always exactly one audio listener in the scene.
There are 2 audio listeners in the scene. Please ensure there is always exactly one audio listener in the scene.
There are 2 audio listeners in the scene. Please ensure there is always exactly one audio listener in the scene.
There are 2 audio listeners in the scene. Please ensure there is always exactly one audio listener in the scene.
There are 2 audio listeners in the scene. Please ensure there is always exactly one audio listener in the scene.
There are 2 audio listeners in the scene. Please ensure there is always exactly one audio listener in the scene.
There are 2 audio listeners in the scene. Please ensure there is always exactly one audio listener in the scene.
There are 2 audio listeners in the scene. Please ensure there is always exactly one audio listener in the scene.
There are 2 audio listeners in the scene. Please ensure there is always exactly one audio listener in the scene.
There are 2 audio listeners in the scene. Please ensure there is always exactly one audio listener in the scene.
There are 2 audio listeners in the scene. Please ensure there is always exactly one audio listener in the scene.
There are 2 audio listeners in the scene. Please ensure there is always exactly one audio listener in the scene.
There are 2 audio listeners in the scene. Please ensure there is always exactly one audio listener in the scene.
There are 2 audio listeners in the scene. Please ensure there is always exactly one audio listener in the scene.
There are 2 audio listeners in the scene. Please ensure there is always exactly one audio listener in the scene.
There are 2 audio listeners in the scene. Please ensure there is always exactly one audio listener in the scene.
There are 2 audio listeners in the scene. Please ensure there is always exactly one audio listener in the scene.
There are 2 audio listeners in the scene. Please ensure there is always exactly one audio listener in the scene.
There are 2 audio listeners in the scene. Please ensure there is always exactly one audio listener in the scene.
There are 2 audio listeners in the scene. Please ensure there is always exactly one audio listener in the scene.
There are 2 audio listeners in the scene. Please ensure there is always exactly one audio listener in the scene.
There are 2 audio listeners in the scene. Please ensure there is always exactly one audio listener in the scene.
There are 2 audio listeners in the scene. Please ensure there is always exactly one audio listener in the scene.
There are 2 audio listeners in the scene. Please ensure there is always exactly one audio listener in the scene.
There are 2 audio listeners in the scene. Please ensure there is always exactly one audio listener in the scene.
There are 2 audio listeners in the scene. Please ensure there is always exactly one audio listener in the scene.
There are 2 audio listeners in the scene. Please ensure there is always exactly one audio listener in the scene.
There are 2 audio listeners in the scene. Please ensure there is always exactly one audio listener in the scene.
There are 2 audio listeners in the scene. Please ensure there is always exactly one audio listener in the scene.
There are 2 audio listeners in the scene. Please ensure there is always exactly one audio listener in the scene.
There are 2 audio listeners in the scene. Please ensure there is always exactly one audio listener in the scene.
There are 2 audio listeners in the scene. Please ensure there is always exactly one audio listener in the scene.
There are 2 audio listeners in the scene. Please ensure there is always exactly one audio listener in the scene.
There are 2 audio listeners in the scene. Please ensure there is always exactly one audio listener in the scene.
There are 2 audio listeners in the scene. Please ensure there is always exactly one audio listener in the scene.
There are 2 audio listeners in the scene. Please ensure there is always exactly one audio listener in the scene.
There are 2 audio listeners in the scene. Please ensure there is always exactly one audio listener in the scene.
There are 2 audio listeners in the scene. Please ensure there is always exactly one audio listener in the scene.
There are 2 audio listeners in the scene. Please ensure there is always exactly one audio listener in the scene.
There are 2 audio listeners in the scene. Please ensure there is always exactly one audio listener in the scene.
There are 2 audio listeners in the scene. Please ensure there is always exactly one audio listener in the scene.
There are 2 audio listeners in the scene. Please ensure there is always exactly one audio listener in the scene.
There are 2 audio listeners in the scene. Please ensure there is always exactly one audio listener in the scene.
There are 2 audio listeners in the scene. Please ensure there is always exactly one audio listener in the scene.
There are 2 audio listeners in the scene. Please ensure there is always exactly one audio listener in the scene.
There are 2 audio listeners in the scene. Please ensure there is always exactly one audio listener in the scene.
There are 2 audio listeners in the scene. Please ensure there is always exactly one audio listener in the scene.
There are 2 audio listeners in the scene. Please ensure there is always exactly one audio listener in the scene.
There are 2 audio listeners in the scene. Please ensure there is always exactly one audio listener in the scene.
There are 2 audio listeners in the scene. Please ensure there is always exactly one audio listener in the scene.
There are 2 audio listeners in the scene. Please ensure there is always exactly one audio listener in the scene.
There are 2 audio listeners in the scene. Please ensure there is always exactly one audio listener in the scene.
There are 2 audio listeners in the scene. Please ensure there is always exactly one audio listener in the scene.
There are 2 audio listeners in the scene. Please ensure there is always exactly one audio listener in the scene.
There are 2 audio listeners in the scene. Please ensure there is always exactly one audio listener in the scene.
There are 2 audio listeners in the scene. Please ensure there is always exactly one audio listener in the scene.
There are 2 audio listeners in the scene. Please ensure there is always exactly one audio listener in the scene.
There are 2 audio listeners in the scene. Please ensure there is always exactly one audio listener in the scene.
There are 2 audio listeners in the scene. Please ensure there is always exactly one audio listener in the scene.
There are 2 audio listeners in the scene. Please ensure there is always exactly one audio listener in the scene.
There are 2 audio listeners in the scene. Please ensure there is always exactly one audio listener in the scene.
There are 2 audio listeners in the scene. Please ensure there is always exactly one audio listener in the scene.
There are 2 audio listeners in the scene. Please ensure there is always exactly one audio listener in the scene.
There are 2 audio listeners in the scene. Please ensure there is always exactly one audio listener in the scene.
There are 2 audio listeners in the scene. Please ensure there is always exactly one audio listener in the scene.
There are 2 audio listeners in the scene. Please ensure there is always exactly one audio listener in the scene.
There are 2 audio listeners in the scene. Please ensure there is always exactly one audio listener in the scene.
There are 2 audio listeners in the scene. Please ensure there is always exactly one audio listener in the scene.
There are 2 audio listeners in the scene. Please ensure there is always exactly one audio listener in the scene.
There are 2 audio listeners in the scene. Please ensure there is always exactly one audio listener in the scene.
There are 2 audio listeners in the scene. Please ensure there is always exactly one audio listener in the scene.
There are 2 audio listeners in the scene. Please ensure there is always exactly one audio listener in the scene.
There are 2 audio listeners in the scene. Please ensure there is always exactly one audio listener in the scene.
There are 2 audio listeners in the scene. Please ensure there is always exactly one audio listener in the scene.
There are 2 audio listeners in the scene. Please ensure there is always exactly one audio listener in the scene.
There are 2 audio listeners in the scene. Please ensure there is always exactly one audio listener in the scene.
There are 2 audio listeners in the scene. Please ensure there is always exactly one audio listener in the scene.
There are 2 audio listeners in the scene. Please ensure there is always exactly one audio listener in the scene.
There are 2 audio listeners in the scene. Please ensure there is always exactly one audio listener in the scene.
There are 2 audio listeners in the scene. Please ensure there is always exactly one audio listener in the scene.
There are 2 audio listeners in the scene. Please ensure there is always exactly one audio listener in the scene.
There are 2 audio listeners in the scene. Please ensure there is always exactly one audio listener in the scene.
There are 2 audio listeners in the scene. Please ensure there is always exactly one audio listener in the scene.
There are 2 audio listeners in the scene. Please ensure there is always exactly one audio listener in the scene.
There are 2 audio listeners in the scene. Please ensure there is always exactly one audio listener in the scene.
There are 2 audio listeners in the scene. Please ensure there is always exactly one audio listener in the scene.
There are 2 audio listeners in the scene. Please ensure there is always exactly one audio listener in the scene.
There are 2 audio listeners in the scene. Please ensure there is always exactly one audio listener in the scene.
There are 2 audio listeners in the scene. Please ensure there is always exactly one audio listener in the scene.
There are 2 audio listeners in the scene. Please ensure there is always exactly one audio listener in the scene.
There are 2 audio listeners in the scene. Please ensure there is always exactly one audio listener in the scene.
There are 2 audio listeners in the scene. Please ensure there is always exactly one audio listener in the scene.
There are 2 audio listeners in the scene. Please ensure there is always exactly one audio listener in the scene.
There are 2 audio listeners in the scene. Please ensure there is always exactly one audio listener in the scene.
There are 2 audio listeners in the scene. Please ensure there is always exactly one audio listener in the scene.
There are 2 audio listeners in the scene. Please ensure there is always exactly one audio listener in the scene.
There are 2 audio listeners in the scene. Please ensure there is always exactly one audio listener in the scene.
There are 2 audio listeners in the scene. Please ensure there is always exactly one audio listener in the scene.
There are 2 audio listeners in the scene. Please ensure there is always exactly one audio listener in the scene.
There are 2 audio listeners in the scene. Please ensure there is always exactly one audio listener in the scene.
There are 2 audio listeners in the scene. Please ensure there is always exactly one audio listener in the scene.
There are 2 audio listeners in the scene. Please ensure there is always exactly one audio listener in the scene.
There are 2 audio listeners in the scene. Please ensure there is always exactly one audio listener in the scene.
There are 2 audio listeners in the scene. Please ensure there is always exactly one audio listener in the scene.
There are 2 audio listeners in the scene. Please ensure there is always exactly one audio listener in the scene.
There are 2 audio listeners in the scene. Please ensure there is always exactly one audio listener in the scene.
There are 2 audio listeners in the scene. Please ensure there is always exactly one audio listener in the scene.
There are 2 audio listeners in the scene. Please ensure there is always exactly one audio listener in the scene.
There are 2 audio listeners in the scene. Please ensure there is always exactly one audio listener in the scene.
There are 2 audio listeners in the scene. Please ensure there is always exactly one audio listener in the scene.
There are 2 audio listeners in the scene. Please ensure there is always exactly one audio listener in the scene.
There are 2 audio listeners in the scene. Please ensure there is always exactly one audio listener in the scene.
There are 2 audio listeners in the scene. Please ensure there is always exactly one audio listener in the scene.
There are 2 audio listeners in the scene. Please ensure there is always exactly one audio listener in the scene.
There are 2 audio listeners in the scene. Please ensure there is always exactly one audio listener in the scene.
There are 2 audio listeners in the scene. Please ensure there is always exactly one audio listener in the scene.
There are 2 audio listeners in the scene. Please ensure there is always exactly one audio listener in the scene.
There are 2 audio listeners in the scene. Please ensure there is always exactly one audio listener in the scene.
There are 2 audio listeners in the scene. Please ensure there is always exactly one audio listener in the scene.
There are 2 audio listeners in the scene. Please ensure there is always exactly one audio listener in the scene.
There are 2 audio listeners in the scene. Please ensure there is always exactly one audio listener in the scene.
There are 2 audio listeners in the scene. Please ensure there is always exactly one audio listener in the scene.
There are 2 audio listeners in the scene. Please ensure there is always exactly one audio listener in the scene.
There are 2 audio listeners in the scene. Please ensure there is always exactly one audio listener in the scene.
There are 2 audio listeners in the scene. Please ensure there is always exactly one audio listener in the scene.
There are 2 audio listeners in the scene. Please ensure there is always exactly one audio listener in the scene.
There are 2 audio listeners in the scene. Please ensure there is always exactly one audio listener in the scene.
There are 2 audio listeners in the scene. Please ensure there is always exactly one audio listener in the scene.
There are 2 audio listeners in the scene. Please ensure there is always exactly one audio listener in the scene.
There are 2 audio listeners in the scene. Please ensure there is always exactly one audio listener in the scene.
There are 2 audio listeners in the scene. Please ensure there is always exactly one audio listener in the scene.
There are 2 audio listeners in the scene. Please ensure there is always exactly one audio listener in the scene.
There are 2 audio listeners in the scene. Please ensure there is always exactly one audio listener in the scene.
There are 2 audio listeners in the scene. Please ensure there is always exactly one audio listener in the scene.
There are 2 audio listeners in the scene. Please ensure there is always exactly one audio listener in the scene.
There are 2 audio listeners in the scene. Please ensure there is always exactly one audio listener in the scene.
There are 2 audio listeners in the scene. Please ensure there is always exactly one audio listener in the scene.
There are 2 audio listeners in the scene. Please ensure there is always exactly one audio listener in the scene.
There are 2 audio listeners in the scene. Please ensure there is always exactly one audio listener in the scene.
There are 2 audio listeners in the scene. Please ensure there is always exactly one audio listener in the scene.
There are 2 audio listeners in the scene. Please ensure there is always exactly one audio listener in the scene.
There are 2 audio listeners in the scene. Please ensure there is always exactly one audio listener in the scene.
There are 2 audio listeners in the scene. Please ensure there is always exactly one audio listener in the scene.
There are 2 audio listeners in the scene. Please ensure there is always exactly one audio listener in the scene.
There are 2 audio listeners in the scene. Please ensure there is always exactly one audio listener in the scene.
There are 2 audio listeners in the scene. Please ensure there is always exactly one audio listener in the scene.
There are 2 audio listeners in the scene. Please ensure there is always exactly one audio listener in the scene.
There are 2 audio listeners in the scene. Please ensure there is always exactly one audio listener in the scene.
There are 2 audio listeners in the scene. Please ensure there is always exactly one audio listener in the scene.
There are 2 audio listeners in the scene. Please ensure there is always exactly one audio listener in the scene.
There are 2 audio listeners in the scene. Please ensure there is always exactly one audio listener in the scene.
There are 2 audio listeners in the scene. Please ensure there is always exactly one audio listener in the scene.
There are 2 audio listeners in the scene. Please ensure there is always exactly one audio listener in the scene.
There are 2 audio listeners in the scene. Please ensure there is always exactly one audio listener in the scene.
There are 2 audio listeners in the scene. Please ensure there is always exactly one audio listener in the scene.
There are 2 audio listeners in the scene. Please ensure there is always exactly one audio listener in the scene.
There are 2 audio listeners in the scene. Please ensure there is always exactly one audio listener in the scene.
There are 2 audio listeners in the scene. Please ensure there is always exactly one audio listener in the scene.
There are 2 audio listeners in the scene. Please ensure there is always exactly one audio listener in the scene.
There are 2 audio listeners in the scene. Please ensure there is always exactly one audio listener in the scene.
There are 2 audio listeners in the scene. Please ensure there is always exactly one audio listener in the scene.
There are 2 audio listeners in the scene. Please ensure there is always exactly one audio listener in the scene.
There are 2 audio listeners in the scene. Please ensure there is always exactly one audio listener in the scene.
There are 2 audio listeners in the scene. Please ensure there is always exactly one audio listener in the scene.
There are 2 audio listeners in the scene. Please ensure there is always exactly one audio listener in the scene.
There are 2 audio listeners in the scene. Please ensure there is always exactly one audio listener in the scene.
There are 2 audio listeners in the scene. Please ensure there is always exactly one audio listener in the scene.
There are 2 audio listeners in the scene. Please ensure there is always exactly one audio listener in the scene.
There are 2 audio listeners in the scene. Please ensure there is always exactly one audio listener in the scene.
There are 2 audio listeners in the scene. Please ensure there is always exactly one audio listener in the scene.
There are 2 audio listeners in the scene. Please ensure there is always exactly one audio listener in the scene.
There are 2 audio listeners in the scene. Please ensure there is always exactly one audio listener in the scene.
There are 2 audio listeners in the scene. Please ensure there is always exactly one audio listener in the scene.
There are 2 audio listeners in the scene. Please ensure there is always exactly one audio listener in the scene.
There are 2 audio listeners in the scene. Please ensure there is always exactly one audio listener in the scene.
There are 2 audio listeners in the scene. Please ensure there is always exactly one audio listener in the scene.
There are 2 audio listeners in the scene. Please ensure there is always exactly one audio listener in the scene.
There are 2 audio listeners in the scene. Please ensure there is always exactly one audio listener in the scene.
There are 2 audio listeners in the scene. Please ensure there is always exactly one audio listener in the scene.
There are 2 audio listeners in the scene. Please ensure there is always exactly one audio listener in the scene.
There are 2 audio listeners in the scene. Please ensure there is always exactly one audio listener in the scene.
There are 2 audio listeners in the scene. Please ensure there is always exactly one audio listener in the scene.
There are 2 audio listeners in the scene. Please ensure there is always exactly one audio listener in the scene.
There are 2 audio listeners in the scene. Please ensure there is always exactly one audio listener in the scene.
There are 2 audio listeners in the scene. Please ensure there is always exactly one audio listener in the scene.
There are 2 audio listeners in the scene. Please ensure there is always exactly one audio listener in the scene.
There are 2 audio listeners in the scene. Please ensure there is always exactly one audio listener in the scene.
There are 2 audio listeners in the scene. Please ensure there is always exactly one audio listener in the scene.
There are 2 audio listeners in the scene. Please ensure there is always exactly one audio listener in the scene.
There are 2 audio listeners in the scene. Please ensure there is always exactly one audio listener in the scene.
There are 2 audio listeners in the scene. Please ensure there is always exactly one audio listener in the scene.
There are 2 audio listeners in the scene. Please ensure there is always exactly one audio listener in the scene.
There are 2 audio listeners in the scene. Please ensure there is always exactly one audio listener in the scene.
There are 2 audio listeners in the scene. Please ensure there is always exactly one audio listener in the scene.
There are 2 audio listeners in the scene. Please ensure there is always exactly one audio listener in the scene.
There are 2 audio listeners in the scene. Please ensure there is always exactly one audio listener in the scene.
There are 2 audio listeners in the scene. Please ensure there is always exactly one audio listener in the scene.
There are 2 audio listeners in the scene. Please ensure there is always exactly one audio listener in the scene.
There are 2 audio listeners in the scene. Please ensure there is always exactly one audio listener in the scene.
There are 2 audio listeners in the scene. Please ensure there is always exactly one audio listener in the scene.
There are 2 audio listeners in the scene. Please ensure there is always exactly one audio listener in the scene.
There are 2 audio listeners in the scene. Please ensure there is always exactly one audio listener in the scene.
There are 2 audio listeners in the scene. Please ensure there is always exactly one audio listener in the scene.
There are 2 audio listeners in the scene. Please ensure there is always exactly one audio listener in the scene.
There are 2 audio listeners in the scene. Please ensure there is always exactly one audio listener in the scene.
There are 2 audio listeners in the scene. Please ensure there is always exactly one audio listener in the scene.
There are 2 audio listeners in the scene. Please ensure there is always exactly one audio listener in the scene.
There are 2 audio listeners in the scene. Please ensure there is always exactly one audio listener in the scene.
There are 2 audio listeners in the scene. Please ensure there is always exactly one audio listener in the scene.
There are 2 audio listeners in the scene. Please ensure there is always exactly one audio listener in the scene.
There are 2 audio listeners in the scene. Please ensure there is always exactly one audio listener in the scene.
Unloading 153 Unused Serialized files (Serialized files now loaded: 0)
UnloadTime: 0.536400 ms
Hookshot subscribed to input events
UnityEngine.Debug:ExtractStackTraceNoAlloc (byte*,int,string)
UnityEngine.StackTraceUtility:ExtractStackTrace ()
UnityEngine.DebugLogHandler:Internal_Log (UnityEngine.LogType,UnityEngine.LogOption,string,UnityEngine.Object)
UnityEngine.DebugLogHandler:LogFormat (UnityEngine.LogType,UnityEngine.Object,string,object[])
UnityEngine.Logger:Log (UnityEngine.LogType,object)
UnityEngine.Debug:Log (object)
Hookshot:OnEnable () (at Assets/Scripts/Hookshot/Hookshot.cs:29)

(Filename: Assets/Scripts/Hookshot/Hookshot.cs Line: 29)

Loaded scene 'Assets/Scenes/MineShaft.unity'
	Deserialize:            377.174 ms
	Integration:            127.066 ms
	Integration of assets:  3.030 ms
	Thread Wait Time:       4.987 ms
	Total Operation Time:   512.257 ms
Unloading 109 unused Assets / (1.2 MB). Loaded Objects now: 11368.
Memory consumption went from 1.07 GB to 1.07 GB.
Total: 26.337400 ms (FindLiveObjects: 1.715900 ms CreateObjectMapping: 0.324600 ms MarkObjects: 23.776300 ms  DeleteObjects: 0.208500 ms)

Cursor lock applied: Locked
UnityEngine.Debug:ExtractStackTraceNoAlloc (byte*,int,string)
UnityEngine.StackTraceUtility:ExtractStackTrace ()
UnityEngine.DebugLogHandler:Internal_Log (UnityEngine.LogType,UnityEngine.LogOption,string,UnityEngine.Object)
UnityEngine.DebugLogHandler:LogFormat (UnityEngine.LogType,UnityEngine.Object,string,object[])
UnityEngine.Logger:Log (UnityEngine.LogType,object)
UnityEngine.Debug:Log (object)
MovCamara:Start () (at Assets/Scripts/PlayerReference/MovCamara.cs:25)

(Filename: Assets/Scripts/PlayerReference/MovCamara.cs Line: 25)

Reduced additional punctual light shadows resolution by 8 to make 78 shadow maps fit in the 2048x2048 shadow atlas. To avoid this, increase shadow atlas size, decrease big shadow resolutions, or reduce the number of shadow maps active in the same frame
UnityEngine.Debug:ExtractStackTraceNoAlloc (byte*,int,string)
UnityEngine.StackTraceUtility:ExtractStackTrace ()
UnityEngine.DebugLogHandler:Internal_Log (UnityEngine.LogType,UnityEngine.LogOption,string,UnityEngine.Object)
UnityEngine.DebugLogHandler:LogFormat (UnityEngine.LogType,UnityEngine.Object,string,object[])
UnityEngine.Logger:Log (UnityEngine.LogType,object)
UnityEngine.Debug:Log (object)
UnityEngine.Rendering.Universal.Internal.AdditionalLightsShadowCasterPass:Setup (UnityEngine.Rendering.Universal.UniversalRenderingData,UnityEngine.Rendering.Universal.UniversalCameraData,UnityEngine.Rendering.Universal.UniversalLightData,UnityEngine.Rendering.Universal.UniversalShadowData) (at ./Library/PackageCache/com.unity.render-pipelines.universal@8457e85b8184/Runtime/Passes/AdditionalLightsShadowCasterPass.cs:460)
UnityEngine.Rendering.Universal.UniversalRenderer:OnBeforeRendering (UnityEngine.Rendering.RenderGraphModule.RenderGraph) (at ./Library/PackageCache/com.unity.render-pipelines.universal@8457e85b8184/Runtime/UniversalRendererRenderGraph.cs:808)
UnityEngine.Rendering.Universal.UniversalRenderer:OnRecordRenderGraph (UnityEngine.Rendering.RenderGraphModule.RenderGraph,UnityEngine.Rendering.ScriptableRenderContext) (at ./Library/PackageCache/com.unity.render-pipelines.universal@8457e85b8184/Runtime/UniversalRendererRenderGraph.cs:695)
UnityEngine.Rendering.Universal.ScriptableRenderer:RecordRenderGraph (UnityEngine.Rendering.RenderGraphModule.RenderGraph,UnityEngine.Rendering.ScriptableRenderContext) (at ./Library/PackageCache/com.unity.render-pipelines.universal@8457e85b8184/Runtime/ScriptableRenderer.cs:963)
UnityEngine.Rendering.Universal.UniversalRenderPipeline:RecordAndExecuteRenderGraph (UnityEngine.Rendering.RenderGraphModule.RenderGraph,UnityEngine.Rendering.ScriptableRenderContext,UnityEngine.Rendering.Universal.ScriptableRenderer,UnityEngine.Rendering.CommandBuffer,UnityEngine.Camera) (at ./Library/PackageCache/com.unity.render-pipelines.universal@8457e85b8184/Runtime/UniversalRenderPipelineRenderGraph.cs:27)
UnityEngine.Rendering.Universal.UniversalRenderPipeline:RenderSingleCamera (UnityEngine.Rendering.ScriptableRenderContext,UnityEngine.Rendering.Universal.UniversalCameraData) (at ./Library/PackageCache/com.unity.render-pipelines.universal@8457e85b8184/Runtime/UniversalRenderPipeline.cs:1062)
UnityEngine.Rendering.Universal.UniversalRenderPipeline:RenderCameraStack (UnityEngine.Rendering.ScriptableRenderContext,UnityEngine.Camera,bool) (at ./Library/PackageCache/com.unity.render-pipelines.universal@8457e85b8184/Runtime/UniversalRenderPipeline.cs:1275)
UnityEngine.Rendering.Universal.UniversalRenderPipeline:Render (UnityEngine.Rendering.ScriptableRenderContext,System.Collections.Generic.List`1<UnityEngine.Camera>) (at ./Library/PackageCache/com.unity.render-pipelines.universal@8457e85b8184/Runtime/UniversalRenderPipeline.cs:629)
UnityEngine.Rendering.RenderPipeline:InternalRender (UnityEngine.Rendering.ScriptableRenderContext,System.Collections.Generic.List`1<UnityEngine.Camera>)
UnityEngine.Rendering.RenderPipelineManager:DoRenderLoop_Internal (UnityEngine.Rendering.RenderPipelineAsset,intptr,object,Unity.Collections.LowLevel.Unsafe.AtomicSafetyHandle)
UnityEditor.EditorGUIUtility:RenderPlayModeViewCamerasInternal (UnityEngine.RenderTexture,int,UnityEngine.Vector2,bool,bool)
UnityEditor.PlayModeView:RenderView (UnityEngine.Vector2,bool)
UnityEditor.GameView:OnGUI ()
UnityEditor.HostView:InvokeOnGUI (UnityEngine.Rect)
UnityEditor.MaximizedHostView:OldOnGUI ()
UnityEngine.UIElements.IMGUIContainer:DoOnGUI (UnityEngine.Event,UnityEngine.Matrix4x4,UnityEngine.Rect,bool,UnityEngine.Rect,System.Action,bool)
UnityEngine.UIElements.IMGUIContainer:HandleIMGUIEvent (UnityEngine.Event,UnityEngine.Matrix4x4,UnityEngine.Rect,System.Action,bool)
UnityEngine.UIElements.IMGUIContainer:DoIMGUIRepaint ()
UnityEngine.UIElements.UIR.RenderChainCommand:ExecuteNonDrawMesh (UnityEngine.UIElements.UIR.DrawParams,single,System.Exception&)
UnityEngine.UIElements.UIR.UIRenderDevice:EvaluateChain (UnityEngine.UIElements.UIR.RenderChainCommand,UnityEngine.Material,UnityEngine.Texture,UnityEngine.UIElements.UIR.ShaderInfoAllocator,System.Nullable`1<UnityEngine.Rect>,UnityEngine.Rect,single,bool,UnityEngine.UIElements.TextureSlotCount,bool,System.Exception&,UnityEngine.UIElements.BaseVisualElementPanel)
UnityEngine.UIElements.UIR.RenderTreeManager:RenderSingleTree (UnityEngine.UIElements.UIR.RenderTree,UnityEngine.RenderTexture,UnityEngine.RectInt,UnityEngine.Rect)
UnityEngine.UIElements.UIR.RenderTreeManager:RenderRootTree ()
UnityEngine.UIElements.UIRRepaintUpdater:Render ()
UnityEngine.UIElements.BaseVisualElementPanel:Render ()
UnityEngine.UIElements.Panel:Render ()
UnityEditor.UIElements.EditorEventDispatchUtility:DoDispatch (UnityEngine.UIElements.BaseVisualElementPanel,UnityEngine.Event)
UnityEditor.UIElements.DefaultWindowBackend:ProcessEvent (UnityEngine.Event)
UnityEditor.GUIView:ProcessEvent (UnityEngine.EntityId,intptr,bool&)

(Filename: ./Library/PackageCache/com.unity.render-pipelines.universal@8457e85b8184/Runtime/Passes/AdditionalLightsShadowCasterPass.cs Line: 460)

d3d12: upload buffer was too small for the requested resource! Size: 16777216. Requested: 536870912.
Launched and connected shader compiler UnityShaderCompiler.exe after 0.01 seconds
Reduced additional punctual light shadows resolution by 4 to make 42 shadow maps fit in the 2048x2048 shadow atlas. To avoid this, increase shadow atlas size, decrease big shadow resolutions, or reduce the number of shadow maps active in the same frame
UnityEngine.Debug:ExtractStackTraceNoAlloc (byte*,int,string)
UnityEngine.StackTraceUtility:ExtractStackTrace ()
UnityEngine.DebugLogHandler:Internal_Log (UnityEngine.LogType,UnityEngine.LogOption,string,UnityEngine.Object)
UnityEngine.DebugLogHandler:LogFormat (UnityEngine.LogType,UnityEngine.Object,string,object[])
UnityEngine.Logger:Log (UnityEngine.LogType,object)
UnityEngine.Debug:Log (object)
UnityEngine.Rendering.Universal.Internal.AdditionalLightsShadowCasterPass:Setup (UnityEngine.Rendering.Universal.UniversalRenderingData,UnityEngine.Rendering.Universal.UniversalCameraData,UnityEngine.Rendering.Universal.UniversalLightData,UnityEngine.Rendering.Universal.UniversalShadowData) (at ./Library/PackageCache/com.unity.render-pipelines.universal@8457e85b8184/Runtime/Passes/AdditionalLightsShadowCasterPass.cs:460)
UnityEngine.Rendering.Universal.UniversalRenderer:OnBeforeRendering (UnityEngine.Rendering.RenderGraphModule.RenderGraph) (at ./Library/PackageCache/com.unity.render-pipelines.universal@8457e85b8184/Runtime/UniversalRendererRenderGraph.cs:808)
UnityEngine.Rendering.Universal.UniversalRenderer:OnRecordRenderGraph (UnityEngine.Rendering.RenderGraphModule.RenderGraph,UnityEngine.Rendering.ScriptableRenderContext) (at ./Library/PackageCache/com.unity.render-pipelines.universal@8457e85b8184/Runtime/UniversalRendererRenderGraph.cs:695)
UnityEngine.Rendering.Universal.ScriptableRenderer:RecordRenderGraph (UnityEngine.Rendering.RenderGraphModule.RenderGraph,UnityEngine.Rendering.ScriptableRenderContext) (at ./Library/PackageCache/com.unity.render-pipelines.universal@8457e85b8184/Runtime/ScriptableRenderer.cs:963)
UnityEngine.Rendering.Universal.UniversalRenderPipeline:RecordAndExecuteRenderGraph (UnityEngine.Rendering.RenderGraphModule.RenderGraph,UnityEngine.Rendering.ScriptableRenderContext,UnityEngine.Rendering.Universal.ScriptableRenderer,UnityEngine.Rendering.CommandBuffer,UnityEngine.Camera) (at ./Library/PackageCache/com.unity.render-pipelines.universal@8457e85b8184/Runtime/UniversalRenderPipelineRenderGraph.cs:27)
UnityEngine.Rendering.Universal.UniversalRenderPipeline:RenderSingleCamera (UnityEngine.Rendering.ScriptableRenderContext,UnityEngine.Rendering.Universal.UniversalCameraData) (at ./Library/PackageCache/com.unity.render-pipelines.universal@8457e85b8184/Runtime/UniversalRenderPipeline.cs:1062)
UnityEngine.Rendering.Universal.UniversalRenderPipeline:RenderCameraStack (UnityEngine.Rendering.ScriptableRenderContext,UnityEngine.Camera,bool) (at ./Library/PackageCache/com.unity.render-pipelines.universal@8457e85b8184/Runtime/UniversalRenderPipeline.cs:1275)
UnityEngine.Rendering.Universal.UniversalRenderPipeline:Render (UnityEngine.Rendering.ScriptableRenderContext,System.Collections.Generic.List`1<UnityEngine.Camera>) (at ./Library/PackageCache/com.unity.render-pipelines.universal@8457e85b8184/Runtime/UniversalRenderPipeline.cs:629)
UnityEngine.Rendering.RenderPipeline:InternalRender (UnityEngine.Rendering.ScriptableRenderContext,System.Collections.Generic.List`1<UnityEngine.Camera>)
UnityEngine.Rendering.RenderPipelineManager:DoRenderLoop_Internal (UnityEngine.Rendering.RenderPipelineAsset,intptr,object,Unity.Collections.LowLevel.Unsafe.AtomicSafetyHandle)
UnityEditor.EditorGUIUtility:RenderPlayModeViewCamerasInternal (UnityEngine.RenderTexture,int,UnityEngine.Vector2,bool,bool)
UnityEditor.PlayModeView:RenderView (UnityEngine.Vector2,bool)
UnityEditor.GameView:OnGUI ()
UnityEditor.HostView:InvokeOnGUI (UnityEngine.Rect)
UnityEditor.MaximizedHostView:OldOnGUI ()
UnityEngine.UIElements.IMGUIContainer:DoOnGUI (UnityEngine.Event,UnityEngine.Matrix4x4,UnityEngine.Rect,bool,UnityEngine.Rect,System.Action,bool)
UnityEngine.UIElements.IMGUIContainer:HandleIMGUIEvent (UnityEngine.Event,UnityEngine.Matrix4x4,UnityEngine.Rect,System.Action,bool)
UnityEngine.UIElements.IMGUIContainer:DoIMGUIRepaint ()
UnityEngine.UIElements.UIR.RenderChainCommand:ExecuteNonDrawMesh (UnityEngine.UIElements.UIR.DrawParams,single,System.Exception&)
UnityEngine.UIElements.UIR.UIRenderDevice:EvaluateChain (UnityEngine.UIElements.UIR.RenderChainCommand,UnityEngine.Material,UnityEngine.Texture,UnityEngine.UIElements.UIR.ShaderInfoAllocator,System.Nullable`1<UnityEngine.Rect>,UnityEngine.Rect,single,bool,UnityEngine.UIElements.TextureSlotCount,bool,System.Exception&,UnityEngine.UIElements.BaseVisualElementPanel)
UnityEngine.UIElements.UIR.RenderTreeManager:RenderSingleTree (UnityEngine.UIElements.UIR.RenderTree,UnityEngine.RenderTexture,UnityEngine.RectInt,UnityEngine.Rect)
UnityEngine.UIElements.UIR.RenderTreeManager:RenderRootTree ()
UnityEngine.UIElements.UIRRepaintUpdater:Render ()
UnityEngine.UIElements.BaseVisualElementPanel:Render ()
UnityEngine.UIElements.Panel:Render ()
UnityEditor.UIElements.EditorEventDispatchUtility:DoDispatch (UnityEngine.UIElements.BaseVisualElementPanel,UnityEngine.Event)
UnityEditor.UIElements.DefaultWindowBackend:ProcessEvent (UnityEngine.Event)
UnityEditor.GUIView:ProcessEvent (UnityEngine.EntityId,intptr,bool&)

(Filename: ./Library/PackageCache/com.unity.render-pipelines.universal@8457e85b8184/Runtime/Passes/AdditionalLightsShadowCasterPass.cs Line: 460)

Reduced additional punctual light shadows resolution by 4 to make 60 shadow maps fit in the 2048x2048 shadow atlas. To avoid this, increase shadow atlas size, decrease big shadow resolutions, or reduce the number of shadow maps active in the same frame
UnityEngine.Debug:ExtractStackTraceNoAlloc (byte*,int,string)
UnityEngine.StackTraceUtility:ExtractStackTrace ()
UnityEngine.DebugLogHandler:Internal_Log (UnityEngine.LogType,UnityEngine.LogOption,string,UnityEngine.Object)
UnityEngine.DebugLogHandler:LogFormat (UnityEngine.LogType,UnityEngine.Object,string,object[])
UnityEngine.Logger:Log (UnityEngine.LogType,object)
UnityEngine.Debug:Log (object)
UnityEngine.Rendering.Universal.Internal.AdditionalLightsShadowCasterPass:Setup (UnityEngine.Rendering.Universal.UniversalRenderingData,UnityEngine.Rendering.Universal.UniversalCameraData,UnityEngine.Rendering.Universal.UniversalLightData,UnityEngine.Rendering.Universal.UniversalShadowData) (at ./Library/PackageCache/com.unity.render-pipelines.universal@8457e85b8184/Runtime/Passes/AdditionalLightsShadowCasterPass.cs:460)
UnityEngine.Rendering.Universal.UniversalRenderer:OnBeforeRendering (UnityEngine.Rendering.RenderGraphModule.RenderGraph) (at ./Library/PackageCache/com.unity.render-pipelines.universal@8457e85b8184/Runtime/UniversalRendererRenderGraph.cs:808)
UnityEngine.Rendering.Universal.UniversalRenderer:OnRecordRenderGraph (UnityEngine.Rendering.RenderGraphModule.RenderGraph,UnityEngine.Rendering.ScriptableRenderContext) (at ./Library/PackageCache/com.unity.render-pipelines.universal@8457e85b8184/Runtime/UniversalRendererRenderGraph.cs:695)
UnityEngine.Rendering.Universal.ScriptableRenderer:RecordRenderGraph (UnityEngine.Rendering.RenderGraphModule.RenderGraph,UnityEngine.Rendering.ScriptableRenderContext) (at ./Library/PackageCache/com.unity.render-pipelines.universal@8457e85b8184/Runtime/ScriptableRenderer.cs:963)
UnityEngine.Rendering.Universal.UniversalRenderPipeline:RecordAndExecuteRenderGraph (UnityEngine.Rendering.RenderGraphModule.RenderGraph,UnityEngine.Rendering.ScriptableRenderContext,UnityEngine.Rendering.Universal.ScriptableRenderer,UnityEngine.Rendering.CommandBuffer,UnityEngine.Camera) (at ./Library/PackageCache/com.unity.render-pipelines.universal@8457e85b8184/Runtime/UniversalRenderPipelineRenderGraph.cs:27)
UnityEngine.Rendering.Universal.UniversalRenderPipeline:RenderSingleCamera (UnityEngine.Rendering.ScriptableRenderContext,UnityEngine.Rendering.Universal.UniversalCameraData) (at ./Library/PackageCache/com.unity.render-pipelines.universal@8457e85b8184/Runtime/UniversalRenderPipeline.cs:1062)
UnityEngine.Rendering.Universal.UniversalRenderPipeline:RenderCameraStack (UnityEngine.Rendering.ScriptableRenderContext,UnityEngine.Camera,bool) (at ./Library/PackageCache/com.unity.render-pipelines.universal@8457e85b8184/Runtime/UniversalRenderPipeline.cs:1275)
UnityEngine.Rendering.Universal.UniversalRenderPipeline:Render (UnityEngine.Rendering.ScriptableRenderContext,System.Collections.Generic.List`1<UnityEngine.Camera>) (at ./Library/PackageCache/com.unity.render-pipelines.universal@8457e85b8184/Runtime/UniversalRenderPipeline.cs:629)
UnityEngine.Rendering.RenderPipeline:InternalRender (UnityEngine.Rendering.ScriptableRenderContext,System.Collections.Generic.List`1<UnityEngine.Camera>)
UnityEngine.Rendering.RenderPipelineManager:DoRenderLoop_Internal (UnityEngine.Rendering.RenderPipelineAsset,intptr,object,Unity.Collections.LowLevel.Unsafe.AtomicSafetyHandle)
UnityEditor.EditorGUIUtility:RenderPlayModeViewCamerasInternal (UnityEngine.RenderTexture,int,UnityEngine.Vector2,bool,bool)
UnityEditor.PlayModeView:RenderView (UnityEngine.Vector2,bool)
UnityEditor.GameView:OnGUI ()
UnityEditor.HostView:InvokeOnGUI (UnityEngine.Rect)
UnityEditor.MaximizedHostView:OldOnGUI ()
UnityEngine.UIElements.IMGUIContainer:DoOnGUI (UnityEngine.Event,UnityEngine.Matrix4x4,UnityEngine.Rect,bool,UnityEngine.Rect,System.Action,bool)
UnityEngine.UIElements.IMGUIContainer:HandleIMGUIEvent (UnityEngine.Event,UnityEngine.Matrix4x4,UnityEngine.Rect,System.Action,bool)
UnityEngine.UIElements.IMGUIContainer:DoIMGUIRepaint ()
UnityEngine.UIElements.UIR.RenderChainCommand:ExecuteNonDrawMesh (UnityEngine.UIElements.UIR.DrawParams,single,System.Exception&)
UnityEngine.UIElements.UIR.UIRenderDevice:EvaluateChain (UnityEngine.UIElements.UIR.RenderChainCommand,UnityEngine.Material,UnityEngine.Texture,UnityEngine.UIElements.UIR.ShaderInfoAllocator,System.Nullable`1<UnityEngine.Rect>,UnityEngine.Rect,single,bool,UnityEngine.UIElements.TextureSlotCount,bool,System.Exception&,UnityEngine.UIElements.BaseVisualElementPanel)
UnityEngine.UIElements.UIR.RenderTreeManager:RenderSingleTree (UnityEngine.UIElements.UIR.RenderTree,UnityEngine.RenderTexture,UnityEngine.RectInt,UnityEngine.Rect)
UnityEngine.UIElements.UIR.RenderTreeManager:RenderRootTree ()
UnityEngine.UIElements.UIRRepaintUpdater:Render ()
UnityEngine.UIElements.BaseVisualElementPanel:Render ()
UnityEngine.UIElements.Panel:Render ()
UnityEditor.UIElements.EditorEventDispatchUtility:DoDispatch (UnityEngine.UIElements.BaseVisualElementPanel,UnityEngine.Event)
UnityEditor.UIElements.DefaultWindowBackend:ProcessEvent (UnityEngine.Event)
UnityEditor.GUIView:ProcessEvent (UnityEngine.EntityId,intptr,bool&)

(Filename: ./Library/PackageCache/com.unity.render-pipelines.universal@8457e85b8184/Runtime/Passes/AdditionalLightsShadowCasterPass.cs Line: 460)

Reduced additional punctual light shadows resolution by 8 to make 66 shadow maps fit in the 2048x2048 shadow atlas. To avoid this, increase shadow atlas size, decrease big shadow resolutions, or reduce the number of shadow maps active in the same frame
UnityEngine.Debug:ExtractStackTraceNoAlloc (byte*,int,string)
UnityEngine.StackTraceUtility:ExtractStackTrace ()
UnityEngine.DebugLogHandler:Internal_Log (UnityEngine.LogType,UnityEngine.LogOption,string,UnityEngine.Object)
UnityEngine.DebugLogHandler:LogFormat (UnityEngine.LogType,UnityEngine.Object,string,object[])
UnityEngine.Logger:Log (UnityEngine.LogType,object)
UnityEngine.Debug:Log (object)
UnityEngine.Rendering.Universal.Internal.AdditionalLightsShadowCasterPass:Setup (UnityEngine.Rendering.Universal.UniversalRenderingData,UnityEngine.Rendering.Universal.UniversalCameraData,UnityEngine.Rendering.Universal.UniversalLightData,UnityEngine.Rendering.Universal.UniversalShadowData) (at ./Library/PackageCache/com.unity.render-pipelines.universal@8457e85b8184/Runtime/Passes/AdditionalLightsShadowCasterPass.cs:460)
UnityEngine.Rendering.Universal.UniversalRenderer:OnBeforeRendering (UnityEngine.Rendering.RenderGraphModule.RenderGraph) (at ./Library/PackageCache/com.unity.render-pipelines.universal@8457e85b8184/Runtime/UniversalRendererRenderGraph.cs:808)
UnityEngine.Rendering.Universal.UniversalRenderer:OnRecordRenderGraph (UnityEngine.Rendering.RenderGraphModule.RenderGraph,UnityEngine.Rendering.ScriptableRenderContext) (at ./Library/PackageCache/com.unity.render-pipelines.universal@8457e85b8184/Runtime/UniversalRendererRenderGraph.cs:695)
UnityEngine.Rendering.Universal.ScriptableRenderer:RecordRenderGraph (UnityEngine.Rendering.RenderGraphModule.RenderGraph,UnityEngine.Rendering.ScriptableRenderContext) (at ./Library/PackageCache/com.unity.render-pipelines.universal@8457e85b8184/Runtime/ScriptableRenderer.cs:963)
UnityEngine.Rendering.Universal.UniversalRenderPipeline:RecordAndExecuteRenderGraph (UnityEngine.Rendering.RenderGraphModule.RenderGraph,UnityEngine.Rendering.ScriptableRenderContext,UnityEngine.Rendering.Universal.ScriptableRenderer,UnityEngine.Rendering.CommandBuffer,UnityEngine.Camera) (at ./Library/PackageCache/com.unity.render-pipelines.universal@8457e85b8184/Runtime/UniversalRenderPipelineRenderGraph.cs:27)
UnityEngine.Rendering.Universal.UniversalRenderPipeline:RenderSingleCamera (UnityEngine.Rendering.ScriptableRenderContext,UnityEngine.Rendering.Universal.UniversalCameraData) (at ./Library/PackageCache/com.unity.render-pipelines.universal@8457e85b8184/Runtime/UniversalRenderPipeline.cs:1062)
UnityEngine.Rendering.Universal.UniversalRenderPipeline:RenderCameraStack (UnityEngine.Rendering.ScriptableRenderContext,UnityEngine.Camera,bool) (at ./Library/PackageCache/com.unity.render-pipelines.universal@8457e85b8184/Runtime/UniversalRenderPipeline.cs:1275)
UnityEngine.Rendering.Universal.UniversalRenderPipeline:Render (UnityEngine.Rendering.ScriptableRenderContext,System.Collections.Generic.List`1<UnityEngine.Camera>) (at ./Library/PackageCache/com.unity.render-pipelines.universal@8457e85b8184/Runtime/UniversalRenderPipeline.cs:629)
UnityEngine.Rendering.RenderPipeline:InternalRender (UnityEngine.Rendering.ScriptableRenderContext,System.Collections.Generic.List`1<UnityEngine.Camera>)
UnityEngine.Rendering.RenderPipelineManager:DoRenderLoop_Internal (UnityEngine.Rendering.RenderPipelineAsset,intptr,object,Unity.Collections.LowLevel.Unsafe.AtomicSafetyHandle)
UnityEditor.EditorGUIUtility:RenderPlayModeViewCamerasInternal (UnityEngine.RenderTexture,int,UnityEngine.Vector2,bool,bool)
UnityEditor.PlayModeView:RenderView (UnityEngine.Vector2,bool)
UnityEditor.GameView:OnGUI ()
UnityEditor.HostView:InvokeOnGUI (UnityEngine.Rect)
UnityEditor.MaximizedHostView:OldOnGUI ()
UnityEngine.UIElements.IMGUIContainer:DoOnGUI (UnityEngine.Event,UnityEngine.Matrix4x4,UnityEngine.Rect,bool,UnityEngine.Rect,System.Action,bool)
UnityEngine.UIElements.IMGUIContainer:HandleIMGUIEvent (UnityEngine.Event,UnityEngine.Matrix4x4,UnityEngine.Rect,System.Action,bool)
UnityEngine.UIElements.IMGUIContainer:DoIMGUIRepaint ()
UnityEngine.UIElements.UIR.RenderChainCommand:ExecuteNonDrawMesh (UnityEngine.UIElements.UIR.DrawParams,single,System.Exception&)
UnityEngine.UIElements.UIR.UIRenderDevice:EvaluateChain (UnityEngine.UIElements.UIR.RenderChainCommand,UnityEngine.Material,UnityEngine.Texture,UnityEngine.UIElements.UIR.ShaderInfoAllocator,System.Nullable`1<UnityEngine.Rect>,UnityEngine.Rect,single,bool,UnityEngine.UIElements.TextureSlotCount,bool,System.Exception&,UnityEngine.UIElements.BaseVisualElementPanel)
UnityEngine.UIElements.UIR.RenderTreeManager:RenderSingleTree (UnityEngine.UIElements.UIR.RenderTree,UnityEngine.RenderTexture,UnityEngine.RectInt,UnityEngine.Rect)
UnityEngine.UIElements.UIR.RenderTreeManager:RenderRootTree ()
UnityEngine.UIElements.UIRRepaintUpdater:Render ()
UnityEngine.UIElements.BaseVisualElementPanel:Render ()
UnityEngine.UIElements.Panel:Render ()
UnityEditor.UIElements.EditorEventDispatchUtility:DoDispatch (UnityEngine.UIElements.BaseVisualElementPanel,UnityEngine.Event)
UnityEditor.UIElements.DefaultWindowBackend:ProcessEvent (UnityEngine.Event)
UnityEditor.GUIView:ProcessEvent (UnityEngine.EntityId,intptr,bool&)

(Filename: ./Library/PackageCache/com.unity.render-pipelines.universal@8457e85b8184/Runtime/Passes/AdditionalLightsShadowCasterPass.cs Line: 460)

Reduced additional punctual light shadows resolution by 8 to make 72 shadow maps fit in the 2048x2048 shadow atlas. To avoid this, increase shadow atlas size, decrease big shadow resolutions, or reduce the number of shadow maps active in the same frame
UnityEngine.Debug:ExtractStackTraceNoAlloc (byte*,int,string)
UnityEngine.StackTraceUtility:ExtractStackTrace ()
UnityEngine.DebugLogHandler:Internal_Log (UnityEngine.LogType,UnityEngine.LogOption,string,UnityEngine.Object)
UnityEngine.DebugLogHandler:LogFormat (UnityEngine.LogType,UnityEngine.Object,string,object[])
UnityEngine.Logger:Log (UnityEngine.LogType,object)
UnityEngine.Debug:Log (object)
UnityEngine.Rendering.Universal.Internal.AdditionalLightsShadowCasterPass:Setup (UnityEngine.Rendering.Universal.UniversalRenderingData,UnityEngine.Rendering.Universal.UniversalCameraData,UnityEngine.Rendering.Universal.UniversalLightData,UnityEngine.Rendering.Universal.UniversalShadowData) (at ./Library/PackageCache/com.unity.render-pipelines.universal@8457e85b8184/Runtime/Passes/AdditionalLightsShadowCasterPass.cs:460)
UnityEngine.Rendering.Universal.UniversalRenderer:OnBeforeRendering (UnityEngine.Rendering.RenderGraphModule.RenderGraph) (at ./Library/PackageCache/com.unity.render-pipelines.universal@8457e85b8184/Runtime/UniversalRendererRenderGraph.cs:808)
UnityEngine.Rendering.Universal.UniversalRenderer:OnRecordRenderGraph (UnityEngine.Rendering.RenderGraphModule.RenderGraph,UnityEngine.Rendering.ScriptableRenderContext) (at ./Library/PackageCache/com.unity.render-pipelines.universal@8457e85b8184/Runtime/UniversalRendererRenderGraph.cs:695)
UnityEngine.Rendering.Universal.ScriptableRenderer:RecordRenderGraph (UnityEngine.Rendering.RenderGraphModule.RenderGraph,UnityEngine.Rendering.ScriptableRenderContext) (at ./Library/PackageCache/com.unity.render-pipelines.universal@8457e85b8184/Runtime/ScriptableRenderer.cs:963)
UnityEngine.Rendering.Universal.UniversalRenderPipeline:RecordAndExecuteRenderGraph (UnityEngine.Rendering.RenderGraphModule.RenderGraph,UnityEngine.Rendering.ScriptableRenderContext,UnityEngine.Rendering.Universal.ScriptableRenderer,UnityEngine.Rendering.CommandBuffer,UnityEngine.Camera) (at ./Library/PackageCache/com.unity.render-pipelines.universal@8457e85b8184/Runtime/UniversalRenderPipelineRenderGraph.cs:27)
UnityEngine.Rendering.Universal.UniversalRenderPipeline:RenderSingleCamera (UnityEngine.Rendering.ScriptableRenderContext,UnityEngine.Rendering.Universal.UniversalCameraData) (at ./Library/PackageCache/com.unity.render-pipelines.universal@8457e85b8184/Runtime/UniversalRenderPipeline.cs:1062)
UnityEngine.Rendering.Universal.UniversalRenderPipeline:RenderCameraStack (UnityEngine.Rendering.ScriptableRenderContext,UnityEngine.Camera,bool) (at ./Library/PackageCache/com.unity.render-pipelines.universal@8457e85b8184/Runtime/UniversalRenderPipeline.cs:1275)
UnityEngine.Rendering.Universal.UniversalRenderPipeline:Render (UnityEngine.Rendering.ScriptableRenderContext,System.Collections.Generic.List`1<UnityEngine.Camera>) (at ./Library/PackageCache/com.unity.render-pipelines.universal@8457e85b8184/Runtime/UniversalRenderPipeline.cs:629)
UnityEngine.Rendering.RenderPipeline:InternalRender (UnityEngine.Rendering.ScriptableRenderContext,System.Collections.Generic.List`1<UnityEngine.Camera>)
UnityEngine.Rendering.RenderPipelineManager:DoRenderLoop_Internal (UnityEngine.Rendering.RenderPipelineAsset,intptr,object,Unity.Collections.LowLevel.Unsafe.AtomicSafetyHandle)
UnityEditor.EditorGUIUtility:RenderPlayModeViewCamerasInternal (UnityEngine.RenderTexture,int,UnityEngine.Vector2,bool,bool)
UnityEditor.PlayModeView:RenderView (UnityEngine.Vector2,bool)
UnityEditor.GameView:OnGUI ()
UnityEditor.HostView:InvokeOnGUI (UnityEngine.Rect)
UnityEditor.MaximizedHostView:OldOnGUI ()
UnityEngine.UIElements.IMGUIContainer:DoOnGUI (UnityEngine.Event,UnityEngine.Matrix4x4,UnityEngine.Rect,bool,UnityEngine.Rect,System.Action,bool)
UnityEngine.UIElements.IMGUIContainer:HandleIMGUIEvent (UnityEngine.Event,UnityEngine.Matrix4x4,UnityEngine.Rect,System.Action,bool)
UnityEngine.UIElements.IMGUIContainer:DoIMGUIRepaint ()
UnityEngine.UIElements.UIR.RenderChainCommand:ExecuteNonDrawMesh (UnityEngine.UIElements.UIR.DrawParams,single,System.Exception&)
UnityEngine.UIElements.UIR.UIRenderDevice:EvaluateChain (UnityEngine.UIElements.UIR.RenderChainCommand,UnityEngine.Material,UnityEngine.Texture,UnityEngine.UIElements.UIR.ShaderInfoAllocator,System.Nullable`1<UnityEngine.Rect>,UnityEngine.Rect,single,bool,UnityEngine.UIElements.TextureSlotCount,bool,System.Exception&,UnityEngine.UIElements.BaseVisualElementPanel)
UnityEngine.UIElements.UIR.RenderTreeManager:RenderSingleTree (UnityEngine.UIElements.UIR.RenderTree,UnityEngine.RenderTexture,UnityEngine.RectInt,UnityEngine.Rect)
UnityEngine.UIElements.UIR.RenderTreeManager:RenderRootTree ()
UnityEngine.UIElements.UIRRepaintUpdater:Render ()
UnityEngine.UIElements.BaseVisualElementPanel:Render ()
UnityEngine.UIElements.Panel:Render ()
UnityEditor.UIElements.EditorEventDispatchUtility:DoDispatch (UnityEngine.UIElements.BaseVisualElementPanel,UnityEngine.Event)
UnityEditor.UIElements.DefaultWindowBackend:ProcessEvent (UnityEngine.Event)
UnityEditor.GUIView:ProcessEvent (UnityEngine.EntityId,intptr,bool&)

(Filename: ./Library/PackageCache/com.unity.render-pipelines.universal@8457e85b8184/Runtime/Passes/AdditionalLightsShadowCasterPass.cs Line: 460)

Reduced additional punctual light shadows resolution by 8 to make 90 shadow maps fit in the 2048x2048 shadow atlas. To avoid this, increase shadow atlas size, decrease big shadow resolutions, or reduce the number of shadow maps active in the same frame
UnityEngine.Debug:ExtractStackTraceNoAlloc (byte*,int,string)
UnityEngine.StackTraceUtility:ExtractStackTrace ()
UnityEngine.DebugLogHandler:Internal_Log (UnityEngine.LogType,UnityEngine.LogOption,string,UnityEngine.Object)
UnityEngine.DebugLogHandler:LogFormat (UnityEngine.LogType,UnityEngine.Object,string,object[])
UnityEngine.Logger:Log (UnityEngine.LogType,object)
UnityEngine.Debug:Log (object)
UnityEngine.Rendering.Universal.Internal.AdditionalLightsShadowCasterPass:Setup (UnityEngine.Rendering.Universal.UniversalRenderingData,UnityEngine.Rendering.Universal.UniversalCameraData,UnityEngine.Rendering.Universal.UniversalLightData,UnityEngine.Rendering.Universal.UniversalShadowData) (at ./Library/PackageCache/com.unity.render-pipelines.universal@8457e85b8184/Runtime/Passes/AdditionalLightsShadowCasterPass.cs:460)
UnityEngine.Rendering.Universal.UniversalRenderer:OnBeforeRendering (UnityEngine.Rendering.RenderGraphModule.RenderGraph) (at ./Library/PackageCache/com.unity.render-pipelines.universal@8457e85b8184/Runtime/UniversalRendererRenderGraph.cs:808)
UnityEngine.Rendering.Universal.UniversalRenderer:OnRecordRenderGraph (UnityEngine.Rendering.RenderGraphModule.RenderGraph,UnityEngine.Rendering.ScriptableRenderContext) (at ./Library/PackageCache/com.unity.render-pipelines.universal@8457e85b8184/Runtime/UniversalRendererRenderGraph.cs:695)
UnityEngine.Rendering.Universal.ScriptableRenderer:RecordRenderGraph (UnityEngine.Rendering.RenderGraphModule.RenderGraph,UnityEngine.Rendering.ScriptableRenderContext) (at ./Library/PackageCache/com.unity.render-pipelines.universal@8457e85b8184/Runtime/ScriptableRenderer.cs:963)
UnityEngine.Rendering.Universal.UniversalRenderPipeline:RecordAndExecuteRenderGraph (UnityEngine.Rendering.RenderGraphModule.RenderGraph,UnityEngine.Rendering.ScriptableRenderContext,UnityEngine.Rendering.Universal.ScriptableRenderer,UnityEngine.Rendering.CommandBuffer,UnityEngine.Camera) (at ./Library/PackageCache/com.unity.render-pipelines.universal@8457e85b8184/Runtime/UniversalRenderPipelineRenderGraph.cs:27)
UnityEngine.Rendering.Universal.UniversalRenderPipeline:RenderSingleCamera (UnityEngine.Rendering.ScriptableRenderContext,UnityEngine.Rendering.Universal.UniversalCameraData) (at ./Library/PackageCache/com.unity.render-pipelines.universal@8457e85b8184/Runtime/UniversalRenderPipeline.cs:1062)
UnityEngine.Rendering.Universal.UniversalRenderPipeline:RenderCameraStack (UnityEngine.Rendering.ScriptableRenderContext,UnityEngine.Camera,bool) (at ./Library/PackageCache/com.unity.render-pipelines.universal@8457e85b8184/Runtime/UniversalRenderPipeline.cs:1275)
UnityEngine.Rendering.Universal.UniversalRenderPipeline:Render (UnityEngine.Rendering.ScriptableRenderContext,System.Collections.Generic.List`1<UnityEngine.Camera>) (at ./Library/PackageCache/com.unity.render-pipelines.universal@8457e85b8184/Runtime/UniversalRenderPipeline.cs:629)
UnityEngine.Rendering.RenderPipeline:InternalRender (UnityEngine.Rendering.ScriptableRenderContext,System.Collections.Generic.List`1<UnityEngine.Camera>)
UnityEngine.Rendering.RenderPipelineManager:DoRenderLoop_Internal (UnityEngine.Rendering.RenderPipelineAsset,intptr,object,Unity.Collections.LowLevel.Unsafe.AtomicSafetyHandle)
UnityEditor.EditorGUIUtility:RenderPlayModeViewCamerasInternal (UnityEngine.RenderTexture,int,UnityEngine.Vector2,bool,bool)
UnityEditor.PlayModeView:RenderView (UnityEngine.Vector2,bool)
UnityEditor.GameView:OnGUI ()
UnityEditor.HostView:InvokeOnGUI (UnityEngine.Rect)
UnityEditor.MaximizedHostView:OldOnGUI ()
UnityEngine.UIElements.IMGUIContainer:DoOnGUI (UnityEngine.Event,UnityEngine.Matrix4x4,UnityEngine.Rect,bool,UnityEngine.Rect,System.Action,bool)
UnityEngine.UIElements.IMGUIContainer:HandleIMGUIEvent (UnityEngine.Event,UnityEngine.Matrix4x4,UnityEngine.Rect,System.Action,bool)
UnityEngine.UIElements.IMGUIContainer:DoIMGUIRepaint ()
UnityEngine.UIElements.UIR.RenderChainCommand:ExecuteNonDrawMesh (UnityEngine.UIElements.UIR.DrawParams,single,System.Exception&)
UnityEngine.UIElements.UIR.UIRenderDevice:EvaluateChain (UnityEngine.UIElements.UIR.RenderChainCommand,UnityEngine.Material,UnityEngine.Texture,UnityEngine.UIElements.UIR.ShaderInfoAllocator,System.Nullable`1<UnityEngine.Rect>,UnityEngine.Rect,single,bool,UnityEngine.UIElements.TextureSlotCount,bool,System.Exception&,UnityEngine.UIElements.BaseVisualElementPanel)
UnityEngine.UIElements.UIR.RenderTreeManager:RenderSingleTree (UnityEngine.UIElements.UIR.RenderTree,UnityEngine.RenderTexture,UnityEngine.RectInt,UnityEngine.Rect)
UnityEngine.UIElements.UIR.RenderTreeManager:RenderRootTree ()
UnityEngine.UIElements.UIRRepaintUpdater:Render ()
UnityEngine.UIElements.BaseVisualElementPanel:Render ()
UnityEngine.UIElements.Panel:Render ()
UnityEditor.UIElements.EditorEventDispatchUtility:DoDispatch (UnityEngine.UIElements.BaseVisualElementPanel,UnityEngine.Event)
UnityEditor.UIElements.DefaultWindowBackend:ProcessEvent (UnityEngine.Event)
UnityEditor.GUIView:ProcessEvent (UnityEngine.EntityId,intptr,bool&)

(Filename: ./Library/PackageCache/com.unity.render-pipelines.universal@8457e85b8184/Runtime/Passes/AdditionalLightsShadowCasterPass.cs Line: 460)

Reduced additional punctual light shadows resolution by 8 to make 84 shadow maps fit in the 2048x2048 shadow atlas. To avoid this, increase shadow atlas size, decrease big shadow resolutions, or reduce the number of shadow maps active in the same frame
UnityEngine.Debug:ExtractStackTraceNoAlloc (byte*,int,string)
UnityEngine.StackTraceUtility:ExtractStackTrace ()
UnityEngine.DebugLogHandler:Internal_Log (UnityEngine.LogType,UnityEngine.LogOption,string,UnityEngine.Object)
UnityEngine.DebugLogHandler:LogFormat (UnityEngine.LogType,UnityEngine.Object,string,object[])
UnityEngine.Logger:Log (UnityEngine.LogType,object)
UnityEngine.Debug:Log (object)
UnityEngine.Rendering.Universal.Internal.AdditionalLightsShadowCasterPass:Setup (UnityEngine.Rendering.Universal.UniversalRenderingData,UnityEngine.Rendering.Universal.UniversalCameraData,UnityEngine.Rendering.Universal.UniversalLightData,UnityEngine.Rendering.Universal.UniversalShadowData) (at ./Library/PackageCache/com.unity.render-pipelines.universal@8457e85b8184/Runtime/Passes/AdditionalLightsShadowCasterPass.cs:460)
UnityEngine.Rendering.Universal.UniversalRenderer:OnBeforeRendering (UnityEngine.Rendering.RenderGraphModule.RenderGraph) (at ./Library/PackageCache/com.unity.render-pipelines.universal@8457e85b8184/Runtime/UniversalRendererRenderGraph.cs:808)
UnityEngine.Rendering.Universal.UniversalRenderer:OnRecordRenderGraph (UnityEngine.Rendering.RenderGraphModule.RenderGraph,UnityEngine.Rendering.ScriptableRenderContext) (at ./Library/PackageCache/com.unity.render-pipelines.universal@8457e85b8184/Runtime/UniversalRendererRenderGraph.cs:695)
UnityEngine.Rendering.Universal.ScriptableRenderer:RecordRenderGraph (UnityEngine.Rendering.RenderGraphModule.RenderGraph,UnityEngine.Rendering.ScriptableRenderContext) (at ./Library/PackageCache/com.unity.render-pipelines.universal@8457e85b8184/Runtime/ScriptableRenderer.cs:963)
UnityEngine.Rendering.Universal.UniversalRenderPipeline:RecordAndExecuteRenderGraph (UnityEngine.Rendering.RenderGraphModule.RenderGraph,UnityEngine.Rendering.ScriptableRenderContext,UnityEngine.Rendering.Universal.ScriptableRenderer,UnityEngine.Rendering.CommandBuffer,UnityEngine.Camera) (at ./Library/PackageCache/com.unity.render-pipelines.universal@8457e85b8184/Runtime/UniversalRenderPipelineRenderGraph.cs:27)
UnityEngine.Rendering.Universal.UniversalRenderPipeline:RenderSingleCamera (UnityEngine.Rendering.ScriptableRenderContext,UnityEngine.Rendering.Universal.UniversalCameraData) (at ./Library/PackageCache/com.unity.render-pipelines.universal@8457e85b8184/Runtime/UniversalRenderPipeline.cs:1062)
UnityEngine.Rendering.Universal.UniversalRenderPipeline:RenderCameraStack (UnityEngine.Rendering.ScriptableRenderContext,UnityEngine.Camera,bool) (at ./Library/PackageCache/com.unity.render-pipelines.universal@8457e85b8184/Runtime/UniversalRenderPipeline.cs:1275)
UnityEngine.Rendering.Universal.UniversalRenderPipeline:Render (UnityEngine.Rendering.ScriptableRenderContext,System.Collections.Generic.List`1<UnityEngine.Camera>) (at ./Library/PackageCache/com.unity.render-pipelines.universal@8457e85b8184/Runtime/UniversalRenderPipeline.cs:629)
UnityEngine.Rendering.RenderPipeline:InternalRender (UnityEngine.Rendering.ScriptableRenderContext,System.Collections.Generic.List`1<UnityEngine.Camera>)
UnityEngine.Rendering.RenderPipelineManager:DoRenderLoop_Internal (UnityEngine.Rendering.RenderPipelineAsset,intptr,object,Unity.Collections.LowLevel.Unsafe.AtomicSafetyHandle)
UnityEditor.EditorGUIUtility:RenderPlayModeViewCamerasInternal (UnityEngine.RenderTexture,int,UnityEngine.Vector2,bool,bool)
UnityEditor.PlayModeView:RenderView (UnityEngine.Vector2,bool)
UnityEditor.GameView:OnGUI ()
UnityEditor.HostView:InvokeOnGUI (UnityEngine.Rect)
UnityEditor.MaximizedHostView:OldOnGUI ()
UnityEngine.UIElements.IMGUIContainer:DoOnGUI (UnityEngine.Event,UnityEngine.Matrix4x4,UnityEngine.Rect,bool,UnityEngine.Rect,System.Action,bool)
UnityEngine.UIElements.IMGUIContainer:HandleIMGUIEvent (UnityEngine.Event,UnityEngine.Matrix4x4,UnityEngine.Rect,System.Action,bool)
UnityEngine.UIElements.IMGUIContainer:DoIMGUIRepaint ()
UnityEngine.UIElements.UIR.RenderChainCommand:ExecuteNonDrawMesh (UnityEngine.UIElements.UIR.DrawParams,single,System.Exception&)
UnityEngine.UIElements.UIR.UIRenderDevice:EvaluateChain (UnityEngine.UIElements.UIR.RenderChainCommand,UnityEngine.Material,UnityEngine.Texture,UnityEngine.UIElements.UIR.ShaderInfoAllocator,System.Nullable`1<UnityEngine.Rect>,UnityEngine.Rect,single,bool,UnityEngine.UIElements.TextureSlotCount,bool,System.Exception&,UnityEngine.UIElements.BaseVisualElementPanel)
UnityEngine.UIElements.UIR.RenderTreeManager:RenderSingleTree (UnityEngine.UIElements.UIR.RenderTree,UnityEngine.RenderTexture,UnityEngine.RectInt,UnityEngine.Rect)
UnityEngine.UIElements.UIR.RenderTreeManager:RenderRootTree ()
UnityEngine.UIElements.UIRRepaintUpdater:Render ()
UnityEngine.UIElements.BaseVisualElementPanel:Render ()
UnityEngine.UIElements.Panel:Render ()
UnityEditor.UIElements.EditorEventDispatchUtility:DoDispatch (UnityEngine.UIElements.BaseVisualElementPanel,UnityEngine.Event)
UnityEditor.UIElements.DefaultWindowBackend:ProcessEvent (UnityEngine.Event)
UnityEditor.GUIView:ProcessEvent (UnityEngine.EntityId,intptr,bool&)

(Filename: ./Library/PackageCache/com.unity.render-pipelines.universal@8457e85b8184/Runtime/Passes/AdditionalLightsShadowCasterPass.cs Line: 460)

Reduced additional punctual light shadows resolution by 8 to make 72 shadow maps fit in the 2048x2048 shadow atlas. To avoid this, increase shadow atlas size, decrease big shadow resolutions, or reduce the number of shadow maps active in the same frame
UnityEngine.Debug:ExtractStackTraceNoAlloc (byte*,int,string)
UnityEngine.StackTraceUtility:ExtractStackTrace ()
UnityEngine.DebugLogHandler:Internal_Log (UnityEngine.LogType,UnityEngine.LogOption,string,UnityEngine.Object)
UnityEngine.DebugLogHandler:LogFormat (UnityEngine.LogType,UnityEngine.Object,string,object[])
UnityEngine.Logger:Log (UnityEngine.LogType,object)
UnityEngine.Debug:Log (object)
UnityEngine.Rendering.Universal.Internal.AdditionalLightsShadowCasterPass:Setup (UnityEngine.Rendering.Universal.UniversalRenderingData,UnityEngine.Rendering.Universal.UniversalCameraData,UnityEngine.Rendering.Universal.UniversalLightData,UnityEngine.Rendering.Universal.UniversalShadowData) (at ./Library/PackageCache/com.unity.render-pipelines.universal@8457e85b8184/Runtime/Passes/AdditionalLightsShadowCasterPass.cs:460)
UnityEngine.Rendering.Universal.UniversalRenderer:OnBeforeRendering (UnityEngine.Rendering.RenderGraphModule.RenderGraph) (at ./Library/PackageCache/com.unity.render-pipelines.universal@8457e85b8184/Runtime/UniversalRendererRenderGraph.cs:808)
UnityEngine.Rendering.Universal.UniversalRenderer:OnRecordRenderGraph (UnityEngine.Rendering.RenderGraphModule.RenderGraph,UnityEngine.Rendering.ScriptableRenderContext) (at ./Library/PackageCache/com.unity.render-pipelines.universal@8457e85b8184/Runtime/UniversalRendererRenderGraph.cs:695)
UnityEngine.Rendering.Universal.ScriptableRenderer:RecordRenderGraph (UnityEngine.Rendering.RenderGraphModule.RenderGraph,UnityEngine.Rendering.ScriptableRenderContext) (at ./Library/PackageCache/com.unity.render-pipelines.universal@8457e85b8184/Runtime/ScriptableRenderer.cs:963)
UnityEngine.Rendering.Universal.UniversalRenderPipeline:RecordAndExecuteRenderGraph (UnityEngine.Rendering.RenderGraphModule.RenderGraph,UnityEngine.Rendering.ScriptableRenderContext,UnityEngine.Rendering.Universal.ScriptableRenderer,UnityEngine.Rendering.CommandBuffer,UnityEngine.Camera) (at ./Library/PackageCache/com.unity.render-pipelines.universal@8457e85b8184/Runtime/UniversalRenderPipelineRenderGraph.cs:27)
UnityEngine.Rendering.Universal.UniversalRenderPipeline:RenderSingleCamera (UnityEngine.Rendering.ScriptableRenderContext,UnityEngine.Rendering.Universal.UniversalCameraData) (at ./Library/PackageCache/com.unity.render-pipelines.universal@8457e85b8184/Runtime/UniversalRenderPipeline.cs:1062)
UnityEngine.Rendering.Universal.UniversalRenderPipeline:RenderCameraStack (UnityEngine.Rendering.ScriptableRenderContext,UnityEngine.Camera,bool) (at ./Library/PackageCache/com.unity.render-pipelines.universal@8457e85b8184/Runtime/UniversalRenderPipeline.cs:1275)
UnityEngine.Rendering.Universal.UniversalRenderPipeline:Render (UnityEngine.Rendering.ScriptableRenderContext,System.Collections.Generic.List`1<UnityEngine.Camera>) (at ./Library/PackageCache/com.unity.render-pipelines.universal@8457e85b8184/Runtime/UniversalRenderPipeline.cs:629)
UnityEngine.Rendering.RenderPipeline:InternalRender (UnityEngine.Rendering.ScriptableRenderContext,System.Collections.Generic.List`1<UnityEngine.Camera>)
UnityEngine.Rendering.RenderPipelineManager:DoRenderLoop_Internal (UnityEngine.Rendering.RenderPipelineAsset,intptr,object,Unity.Collections.LowLevel.Unsafe.AtomicSafetyHandle)
UnityEditor.EditorGUIUtility:RenderPlayModeViewCamerasInternal (UnityEngine.RenderTexture,int,UnityEngine.Vector2,bool,bool)
UnityEditor.PlayModeView:RenderView (UnityEngine.Vector2,bool)
UnityEditor.GameView:OnGUI ()
UnityEditor.HostView:InvokeOnGUI (UnityEngine.Rect)
UnityEditor.MaximizedHostView:OldOnGUI ()
UnityEngine.UIElements.IMGUIContainer:DoOnGUI (UnityEngine.Event,UnityEngine.Matrix4x4,UnityEngine.Rect,bool,UnityEngine.Rect,System.Action,bool)
UnityEngine.UIElements.IMGUIContainer:HandleIMGUIEvent (UnityEngine.Event,UnityEngine.Matrix4x4,UnityEngine.Rect,System.Action,bool)
UnityEngine.UIElements.IMGUIContainer:DoIMGUIRepaint ()
UnityEngine.UIElements.UIR.RenderChainCommand:ExecuteNonDrawMesh (UnityEngine.UIElements.UIR.DrawParams,single,System.Exception&)
UnityEngine.UIElements.UIR.UIRenderDevice:EvaluateChain (UnityEngine.UIElements.UIR.RenderChainCommand,UnityEngine.Material,UnityEngine.Texture,UnityEngine.UIElements.UIR.ShaderInfoAllocator,System.Nullable`1<UnityEngine.Rect>,UnityEngine.Rect,single,bool,UnityEngine.UIElements.TextureSlotCount,bool,System.Exception&,UnityEngine.UIElements.BaseVisualElementPanel)
UnityEngine.UIElements.UIR.RenderTreeManager:RenderSingleTree (UnityEngine.UIElements.UIR.RenderTree,UnityEngine.RenderTexture,UnityEngine.RectInt,UnityEngine.Rect)
UnityEngine.UIElements.UIR.RenderTreeManager:RenderRootTree ()
UnityEngine.UIElements.UIRRepaintUpdater:Render ()
UnityEngine.UIElements.BaseVisualElementPanel:Render ()
UnityEngine.UIElements.Panel:Render ()
UnityEditor.UIElements.EditorEventDispatchUtility:DoDispatch (UnityEngine.UIElements.BaseVisualElementPanel,UnityEngine.Event)
UnityEditor.UIElements.DefaultWindowBackend:ProcessEvent (UnityEngine.Event)
UnityEditor.GUIView:ProcessEvent (UnityEngine.EntityId,intptr,bool&)

(Filename: ./Library/PackageCache/com.unity.render-pipelines.universal@8457e85b8184/Runtime/Passes/AdditionalLightsShadowCasterPass.cs Line: 460)

Reduced additional punctual light shadows resolution by 8 to make 66 shadow maps fit in the 2048x2048 shadow atlas. To avoid this, increase shadow atlas size, decrease big shadow resolutions, or reduce the number of shadow maps active in the same frame
UnityEngine.Debug:ExtractStackTraceNoAlloc (byte*,int,string)
UnityEngine.StackTraceUtility:ExtractStackTrace ()
UnityEngine.DebugLogHandler:Internal_Log (UnityEngine.LogType,UnityEngine.LogOption,string,UnityEngine.Object)
UnityEngine.DebugLogHandler:LogFormat (UnityEngine.LogType,UnityEngine.Object,string,object[])
UnityEngine.Logger:Log (UnityEngine.LogType,object)
UnityEngine.Debug:Log (object)
UnityEngine.Rendering.Universal.Internal.AdditionalLightsShadowCasterPass:Setup (UnityEngine.Rendering.Universal.UniversalRenderingData,UnityEngine.Rendering.Universal.UniversalCameraData,UnityEngine.Rendering.Universal.UniversalLightData,UnityEngine.Rendering.Universal.UniversalShadowData) (at ./Library/PackageCache/com.unity.render-pipelines.universal@8457e85b8184/Runtime/Passes/AdditionalLightsShadowCasterPass.cs:460)
UnityEngine.Rendering.Universal.UniversalRenderer:OnBeforeRendering (UnityEngine.Rendering.RenderGraphModule.RenderGraph) (at ./Library/PackageCache/com.unity.render-pipelines.universal@8457e85b8184/Runtime/UniversalRendererRenderGraph.cs:808)
UnityEngine.Rendering.Universal.UniversalRenderer:OnRecordRenderGraph (UnityEngine.Rendering.RenderGraphModule.RenderGraph,UnityEngine.Rendering.ScriptableRenderContext) (at ./Library/PackageCache/com.unity.render-pipelines.universal@8457e85b8184/Runtime/UniversalRendererRenderGraph.cs:695)
UnityEngine.Rendering.Universal.ScriptableRenderer:RecordRenderGraph (UnityEngine.Rendering.RenderGraphModule.RenderGraph,UnityEngine.Rendering.ScriptableRenderContext) (at ./Library/PackageCache/com.unity.render-pipelines.universal@8457e85b8184/Runtime/ScriptableRenderer.cs:963)
UnityEngine.Rendering.Universal.UniversalRenderPipeline:RecordAndExecuteRenderGraph (UnityEngine.Rendering.RenderGraphModule.RenderGraph,UnityEngine.Rendering.ScriptableRenderContext,UnityEngine.Rendering.Universal.ScriptableRenderer,UnityEngine.Rendering.CommandBuffer,UnityEngine.Camera) (at ./Library/PackageCache/com.unity.render-pipelines.universal@8457e85b8184/Runtime/UniversalRenderPipelineRenderGraph.cs:27)
UnityEngine.Rendering.Universal.UniversalRenderPipeline:RenderSingleCamera (UnityEngine.Rendering.ScriptableRenderContext,UnityEngine.Rendering.Universal.UniversalCameraData) (at ./Library/PackageCache/com.unity.render-pipelines.universal@8457e85b8184/Runtime/UniversalRenderPipeline.cs:1062)
UnityEngine.Rendering.Universal.UniversalRenderPipeline:RenderCameraStack (UnityEngine.Rendering.ScriptableRenderContext,UnityEngine.Camera,bool) (at ./Library/PackageCache/com.unity.render-pipelines.universal@8457e85b8184/Runtime/UniversalRenderPipeline.cs:1275)
UnityEngine.Rendering.Universal.UniversalRenderPipeline:Render (UnityEngine.Rendering.ScriptableRenderContext,System.Collections.Generic.List`1<UnityEngine.Camera>) (at ./Library/PackageCache/com.unity.render-pipelines.universal@8457e85b8184/Runtime/UniversalRenderPipeline.cs:629)
UnityEngine.Rendering.RenderPipeline:InternalRender (UnityEngine.Rendering.ScriptableRenderContext,System.Collections.Generic.List`1<UnityEngine.Camera>)
UnityEngine.Rendering.RenderPipelineManager:DoRenderLoop_Internal (UnityEngine.Rendering.RenderPipelineAsset,intptr,object,Unity.Collections.LowLevel.Unsafe.AtomicSafetyHandle)
UnityEditor.EditorGUIUtility:RenderPlayModeViewCamerasInternal (UnityEngine.RenderTexture,int,UnityEngine.Vector2,bool,bool)
UnityEditor.PlayModeView:RenderView (UnityEngine.Vector2,bool)
UnityEditor.GameView:OnGUI ()
UnityEditor.HostView:InvokeOnGUI (UnityEngine.Rect)
UnityEditor.MaximizedHostView:OldOnGUI ()
UnityEngine.UIElements.IMGUIContainer:DoOnGUI (UnityEngine.Event,UnityEngine.Matrix4x4,UnityEngine.Rect,bool,UnityEngine.Rect,System.Action,bool)
UnityEngine.UIElements.IMGUIContainer:HandleIMGUIEvent (UnityEngine.Event,UnityEngine.Matrix4x4,UnityEngine.Rect,System.Action,bool)
UnityEngine.UIElements.IMGUIContainer:DoIMGUIRepaint ()
UnityEngine.UIElements.UIR.RenderChainCommand:ExecuteNonDrawMesh (UnityEngine.UIElements.UIR.DrawParams,single,System.Exception&)
UnityEngine.UIElements.UIR.UIRenderDevice:EvaluateChain (UnityEngine.UIElements.UIR.RenderChainCommand,UnityEngine.Material,UnityEngine.Texture,UnityEngine.UIElements.UIR.ShaderInfoAllocator,System.Nullable`1<UnityEngine.Rect>,UnityEngine.Rect,single,bool,UnityEngine.UIElements.TextureSlotCount,bool,System.Exception&,UnityEngine.UIElements.BaseVisualElementPanel)
UnityEngine.UIElements.UIR.RenderTreeManager:RenderSingleTree (UnityEngine.UIElements.UIR.RenderTree,UnityEngine.RenderTexture,UnityEngine.RectInt,UnityEngine.Rect)
UnityEngine.UIElements.UIR.RenderTreeManager:RenderRootTree ()
UnityEngine.UIElements.UIRRepaintUpdater:Render ()
UnityEngine.UIElements.BaseVisualElementPanel:Render ()
UnityEngine.UIElements.Panel:Render ()
UnityEditor.UIElements.EditorEventDispatchUtility:DoDispatch (UnityEngine.UIElements.BaseVisualElementPanel,UnityEngine.Event)
UnityEditor.UIElements.DefaultWindowBackend:ProcessEvent (UnityEngine.Event)
UnityEditor.GUIView:ProcessEvent (UnityEngine.EntityId,intptr,bool&)

(Filename: ./Library/PackageCache/com.unity.render-pipelines.universal@8457e85b8184/Runtime/Passes/AdditionalLightsShadowCasterPass.cs Line: 460)

Reduced additional punctual light shadows resolution by 8 to make 84 shadow maps fit in the 2048x2048 shadow atlas. To avoid this, increase shadow atlas size, decrease big shadow resolutions, or reduce the number of shadow maps active in the same frame
UnityEngine.Debug:ExtractStackTraceNoAlloc (byte*,int,string)
UnityEngine.StackTraceUtility:ExtractStackTrace ()
UnityEngine.DebugLogHandler:Internal_Log (UnityEngine.LogType,UnityEngine.LogOption,string,UnityEngine.Object)
UnityEngine.DebugLogHandler:LogFormat (UnityEngine.LogType,UnityEngine.Object,string,object[])
UnityEngine.Logger:Log (UnityEngine.LogType,object)
UnityEngine.Debug:Log (object)
UnityEngine.Rendering.Universal.Internal.AdditionalLightsShadowCasterPass:Setup (UnityEngine.Rendering.Universal.UniversalRenderingData,UnityEngine.Rendering.Universal.UniversalCameraData,UnityEngine.Rendering.Universal.UniversalLightData,UnityEngine.Rendering.Universal.UniversalShadowData) (at ./Library/PackageCache/com.unity.render-pipelines.universal@8457e85b8184/Runtime/Passes/AdditionalLightsShadowCasterPass.cs:460)
UnityEngine.Rendering.Universal.UniversalRenderer:OnBeforeRendering (UnityEngine.Rendering.RenderGraphModule.RenderGraph) (at ./Library/PackageCache/com.unity.render-pipelines.universal@8457e85b8184/Runtime/UniversalRendererRenderGraph.cs:808)
UnityEngine.Rendering.Universal.UniversalRenderer:OnRecordRenderGraph (UnityEngine.Rendering.RenderGraphModule.RenderGraph,UnityEngine.Rendering.ScriptableRenderContext) (at ./Library/PackageCache/com.unity.render-pipelines.universal@8457e85b8184/Runtime/UniversalRendererRenderGraph.cs:695)
UnityEngine.Rendering.Universal.ScriptableRenderer:RecordRenderGraph (UnityEngine.Rendering.RenderGraphModule.RenderGraph,UnityEngine.Rendering.ScriptableRenderContext) (at ./Library/PackageCache/com.unity.render-pipelines.universal@8457e85b8184/Runtime/ScriptableRenderer.cs:963)
UnityEngine.Rendering.Universal.UniversalRenderPipeline:RecordAndExecuteRenderGraph (UnityEngine.Rendering.RenderGraphModule.RenderGraph,UnityEngine.Rendering.ScriptableRenderContext,UnityEngine.Rendering.Universal.ScriptableRenderer,UnityEngine.Rendering.CommandBuffer,UnityEngine.Camera) (at ./Library/PackageCache/com.unity.render-pipelines.universal@8457e85b8184/Runtime/UniversalRenderPipelineRenderGraph.cs:27)
UnityEngine.Rendering.Universal.UniversalRenderPipeline:RenderSingleCamera (UnityEngine.Rendering.ScriptableRenderContext,UnityEngine.Rendering.Universal.UniversalCameraData) (at ./Library/PackageCache/com.unity.render-pipelines.universal@8457e85b8184/Runtime/UniversalRenderPipeline.cs:1062)
UnityEngine.Rendering.Universal.UniversalRenderPipeline:RenderCameraStack (UnityEngine.Rendering.ScriptableRenderContext,UnityEngine.Camera,bool) (at ./Library/PackageCache/com.unity.render-pipelines.universal@8457e85b8184/Runtime/UniversalRenderPipeline.cs:1275)
UnityEngine.Rendering.Universal.UniversalRenderPipeline:Render (UnityEngine.Rendering.ScriptableRenderContext,System.Collections.Generic.List`1<UnityEngine.Camera>) (at ./Library/PackageCache/com.unity.render-pipelines.universal@8457e85b8184/Runtime/UniversalRenderPipeline.cs:629)
UnityEngine.Rendering.RenderPipeline:InternalRender (UnityEngine.Rendering.ScriptableRenderContext,System.Collections.Generic.List`1<UnityEngine.Camera>)
UnityEngine.Rendering.RenderPipelineManager:DoRenderLoop_Internal (UnityEngine.Rendering.RenderPipelineAsset,intptr,object,Unity.Collections.LowLevel.Unsafe.AtomicSafetyHandle)
UnityEditor.EditorGUIUtility:RenderPlayModeViewCamerasInternal (UnityEngine.RenderTexture,int,UnityEngine.Vector2,bool,bool)
UnityEditor.PlayModeView:RenderView (UnityEngine.Vector2,bool)
UnityEditor.GameView:OnGUI ()
UnityEditor.HostView:InvokeOnGUI (UnityEngine.Rect)
UnityEditor.MaximizedHostView:OldOnGUI ()
UnityEngine.UIElements.IMGUIContainer:DoOnGUI (UnityEngine.Event,UnityEngine.Matrix4x4,UnityEngine.Rect,bool,UnityEngine.Rect,System.Action,bool)
UnityEngine.UIElements.IMGUIContainer:HandleIMGUIEvent (UnityEngine.Event,UnityEngine.Matrix4x4,UnityEngine.Rect,System.Action,bool)
UnityEngine.UIElements.IMGUIContainer:DoIMGUIRepaint ()
UnityEngine.UIElements.UIR.RenderChainCommand:ExecuteNonDrawMesh (UnityEngine.UIElements.UIR.DrawParams,single,System.Exception&)
UnityEngine.UIElements.UIR.UIRenderDevice:EvaluateChain (UnityEngine.UIElements.UIR.RenderChainCommand,UnityEngine.Material,UnityEngine.Texture,UnityEngine.UIElements.UIR.ShaderInfoAllocator,System.Nullable`1<UnityEngine.Rect>,UnityEngine.Rect,single,bool,UnityEngine.UIElements.TextureSlotCount,bool,System.Exception&,UnityEngine.UIElements.BaseVisualElementPanel)
UnityEngine.UIElements.UIR.RenderTreeManager:RenderSingleTree (UnityEngine.UIElements.UIR.RenderTree,UnityEngine.RenderTexture,UnityEngine.RectInt,UnityEngine.Rect)
UnityEngine.UIElements.UIR.RenderTreeManager:RenderRootTree ()
UnityEngine.UIElements.UIRRepaintUpdater:Render ()
UnityEngine.UIElements.BaseVisualElementPanel:Render ()
UnityEngine.UIElements.Panel:Render ()
UnityEditor.UIElements.EditorEventDispatchUtility:DoDispatch (UnityEngine.UIElements.BaseVisualElementPanel,UnityEngine.Event)
UnityEditor.UIElements.DefaultWindowBackend:ProcessEvent (UnityEngine.Event)
UnityEditor.GUIView:ProcessEvent (UnityEngine.EntityId,intptr,bool&)

(Filename: ./Library/PackageCache/com.unity.render-pipelines.universal@8457e85b8184/Runtime/Passes/AdditionalLightsShadowCasterPass.cs Line: 460)

Reduced additional punctual light shadows resolution by 8 to make 90 shadow maps fit in the 2048x2048 shadow atlas. To avoid this, increase shadow atlas size, decrease big shadow resolutions, or reduce the number of shadow maps active in the same frame
UnityEngine.Debug:ExtractStackTraceNoAlloc (byte*,int,string)
UnityEngine.StackTraceUtility:ExtractStackTrace ()
UnityEngine.DebugLogHandler:Internal_Log (UnityEngine.LogType,UnityEngine.LogOption,string,UnityEngine.Object)
UnityEngine.DebugLogHandler:LogFormat (UnityEngine.LogType,UnityEngine.Object,string,object[])
UnityEngine.Logger:Log (UnityEngine.LogType,object)
UnityEngine.Debug:Log (object)
UnityEngine.Rendering.Universal.Internal.AdditionalLightsShadowCasterPass:Setup (UnityEngine.Rendering.Universal.UniversalRenderingData,UnityEngine.Rendering.Universal.UniversalCameraData,UnityEngine.Rendering.Universal.UniversalLightData,UnityEngine.Rendering.Universal.UniversalShadowData) (at ./Library/PackageCache/com.unity.render-pipelines.universal@8457e85b8184/Runtime/Passes/AdditionalLightsShadowCasterPass.cs:460)
UnityEngine.Rendering.Universal.UniversalRenderer:OnBeforeRendering (UnityEngine.Rendering.RenderGraphModule.RenderGraph) (at ./Library/PackageCache/com.unity.render-pipelines.universal@8457e85b8184/Runtime/UniversalRendererRenderGraph.cs:808)
UnityEngine.Rendering.Universal.UniversalRenderer:OnRecordRenderGraph (UnityEngine.Rendering.RenderGraphModule.RenderGraph,UnityEngine.Rendering.ScriptableRenderContext) (at ./Library/PackageCache/com.unity.render-pipelines.universal@8457e85b8184/Runtime/UniversalRendererRenderGraph.cs:695)
UnityEngine.Rendering.Universal.ScriptableRenderer:RecordRenderGraph (UnityEngine.Rendering.RenderGraphModule.RenderGraph,UnityEngine.Rendering.ScriptableRenderContext) (at ./Library/PackageCache/com.unity.render-pipelines.universal@8457e85b8184/Runtime/ScriptableRenderer.cs:963)
UnityEngine.Rendering.Universal.UniversalRenderPipeline:RecordAndExecuteRenderGraph (UnityEngine.Rendering.RenderGraphModule.RenderGraph,UnityEngine.Rendering.ScriptableRenderContext,UnityEngine.Rendering.Universal.ScriptableRenderer,UnityEngine.Rendering.CommandBuffer,UnityEngine.Camera) (at ./Library/PackageCache/com.unity.render-pipelines.universal@8457e85b8184/Runtime/UniversalRenderPipelineRenderGraph.cs:27)
UnityEngine.Rendering.Universal.UniversalRenderPipeline:RenderSingleCamera (UnityEngine.Rendering.ScriptableRenderContext,UnityEngine.Rendering.Universal.UniversalCameraData) (at ./Library/PackageCache/com.unity.render-pipelines.universal@8457e85b8184/Runtime/UniversalRenderPipeline.cs:1062)
UnityEngine.Rendering.Universal.UniversalRenderPipeline:RenderCameraStack (UnityEngine.Rendering.ScriptableRenderContext,UnityEngine.Camera,bool) (at ./Library/PackageCache/com.unity.render-pipelines.universal@8457e85b8184/Runtime/UniversalRenderPipeline.cs:1275)
UnityEngine.Rendering.Universal.UniversalRenderPipeline:Render (UnityEngine.Rendering.ScriptableRenderContext,System.Collections.Generic.List`1<UnityEngine.Camera>) (at ./Library/PackageCache/com.unity.render-pipelines.universal@8457e85b8184/Runtime/UniversalRenderPipeline.cs:629)
UnityEngine.Rendering.RenderPipeline:InternalRender (UnityEngine.Rendering.ScriptableRenderContext,System.Collections.Generic.List`1<UnityEngine.Camera>)
UnityEngine.Rendering.RenderPipelineManager:DoRenderLoop_Internal (UnityEngine.Rendering.RenderPipelineAsset,intptr,object,Unity.Collections.LowLevel.Unsafe.AtomicSafetyHandle)
UnityEditor.EditorGUIUtility:RenderPlayModeViewCamerasInternal (UnityEngine.RenderTexture,int,UnityEngine.Vector2,bool,bool)
UnityEditor.PlayModeView:RenderView (UnityEngine.Vector2,bool)
UnityEditor.GameView:OnGUI ()
UnityEditor.HostView:InvokeOnGUI (UnityEngine.Rect)
UnityEditor.MaximizedHostView:OldOnGUI ()
UnityEngine.UIElements.IMGUIContainer:DoOnGUI (UnityEngine.Event,UnityEngine.Matrix4x4,UnityEngine.Rect,bool,UnityEngine.Rect,System.Action,bool)
UnityEngine.UIElements.IMGUIContainer:HandleIMGUIEvent (UnityEngine.Event,UnityEngine.Matrix4x4,UnityEngine.Rect,System.Action,bool)
UnityEngine.UIElements.IMGUIContainer:DoIMGUIRepaint ()
UnityEngine.UIElements.UIR.RenderChainCommand:ExecuteNonDrawMesh (UnityEngine.UIElements.UIR.DrawParams,single,System.Exception&)
UnityEngine.UIElements.UIR.UIRenderDevice:EvaluateChain (UnityEngine.UIElements.UIR.RenderChainCommand,UnityEngine.Material,UnityEngine.Texture,UnityEngine.UIElements.UIR.ShaderInfoAllocator,System.Nullable`1<UnityEngine.Rect>,UnityEngine.Rect,single,bool,UnityEngine.UIElements.TextureSlotCount,bool,System.Exception&,UnityEngine.UIElements.BaseVisualElementPanel)
UnityEngine.UIElements.UIR.RenderTreeManager:RenderSingleTree (UnityEngine.UIElements.UIR.RenderTree,UnityEngine.RenderTexture,UnityEngine.RectInt,UnityEngine.Rect)
UnityEngine.UIElements.UIR.RenderTreeManager:RenderRootTree ()
UnityEngine.UIElements.UIRRepaintUpdater:Render ()
UnityEngine.UIElements.BaseVisualElementPanel:Render ()
UnityEngine.UIElements.Panel:Render ()
UnityEditor.UIElements.EditorEventDispatchUtility:DoDispatch (UnityEngine.UIElements.BaseVisualElementPanel,UnityEngine.Event)
UnityEditor.UIElements.DefaultWindowBackend:ProcessEvent (UnityEngine.Event)
UnityEditor.GUIView:ProcessEvent (UnityEngine.EntityId,intptr,bool&)

(Filename: ./Library/PackageCache/com.unity.render-pipelines.universal@8457e85b8184/Runtime/Passes/AdditionalLightsShadowCasterPass.cs Line: 460)

Reduced additional punctual light shadows resolution by 8 to make 84 shadow maps fit in the 2048x2048 shadow atlas. To avoid this, increase shadow atlas size, decrease big shadow resolutions, or reduce the number of shadow maps active in the same frame
UnityEngine.Debug:ExtractStackTraceNoAlloc (byte*,int,string)
UnityEngine.StackTraceUtility:ExtractStackTrace ()
UnityEngine.DebugLogHandler:Internal_Log (UnityEngine.LogType,UnityEngine.LogOption,string,UnityEngine.Object)
UnityEngine.DebugLogHandler:LogFormat (UnityEngine.LogType,UnityEngine.Object,string,object[])
UnityEngine.Logger:Log (UnityEngine.LogType,object)
UnityEngine.Debug:Log (object)
UnityEngine.Rendering.Universal.Internal.AdditionalLightsShadowCasterPass:Setup (UnityEngine.Rendering.Universal.UniversalRenderingData,UnityEngine.Rendering.Universal.UniversalCameraData,UnityEngine.Rendering.Universal.UniversalLightData,UnityEngine.Rendering.Universal.UniversalShadowData) (at ./Library/PackageCache/com.unity.render-pipelines.universal@8457e85b8184/Runtime/Passes/AdditionalLightsShadowCasterPass.cs:460)
UnityEngine.Rendering.Universal.UniversalRenderer:OnBeforeRendering (UnityEngine.Rendering.RenderGraphModule.RenderGraph) (at ./Library/PackageCache/com.unity.render-pipelines.universal@8457e85b8184/Runtime/UniversalRendererRenderGraph.cs:808)
UnityEngine.Rendering.Universal.UniversalRenderer:OnRecordRenderGraph (UnityEngine.Rendering.RenderGraphModule.RenderGraph,UnityEngine.Rendering.ScriptableRenderContext) (at ./Library/PackageCache/com.unity.render-pipelines.universal@8457e85b8184/Runtime/UniversalRendererRenderGraph.cs:695)
UnityEngine.Rendering.Universal.ScriptableRenderer:RecordRenderGraph (UnityEngine.Rendering.RenderGraphModule.RenderGraph,UnityEngine.Rendering.ScriptableRenderContext) (at ./Library/PackageCache/com.unity.render-pipelines.universal@8457e85b8184/Runtime/ScriptableRenderer.cs:963)
UnityEngine.Rendering.Universal.UniversalRenderPipeline:RecordAndExecuteRenderGraph (UnityEngine.Rendering.RenderGraphModule.RenderGraph,UnityEngine.Rendering.ScriptableRenderContext,UnityEngine.Rendering.Universal.ScriptableRenderer,UnityEngine.Rendering.CommandBuffer,UnityEngine.Camera) (at ./Library/PackageCache/com.unity.render-pipelines.universal@8457e85b8184/Runtime/UniversalRenderPipelineRenderGraph.cs:27)
UnityEngine.Rendering.Universal.UniversalRenderPipeline:RenderSingleCamera (UnityEngine.Rendering.ScriptableRenderContext,UnityEngine.Rendering.Universal.UniversalCameraData) (at ./Library/PackageCache/com.unity.render-pipelines.universal@8457e85b8184/Runtime/UniversalRenderPipeline.cs:1062)
UnityEngine.Rendering.Universal.UniversalRenderPipeline:RenderCameraStack (UnityEngine.Rendering.ScriptableRenderContext,UnityEngine.Camera,bool) (at ./Library/PackageCache/com.unity.render-pipelines.universal@8457e85b8184/Runtime/UniversalRenderPipeline.cs:1275)
UnityEngine.Rendering.Universal.UniversalRenderPipeline:Render (UnityEngine.Rendering.ScriptableRenderContext,System.Collections.Generic.List`1<UnityEngine.Camera>) (at ./Library/PackageCache/com.unity.render-pipelines.universal@8457e85b8184/Runtime/UniversalRenderPipeline.cs:629)
UnityEngine.Rendering.RenderPipeline:InternalRender (UnityEngine.Rendering.ScriptableRenderContext,System.Collections.Generic.List`1<UnityEngine.Camera>)
UnityEngine.Rendering.RenderPipelineManager:DoRenderLoop_Internal (UnityEngine.Rendering.RenderPipelineAsset,intptr,object,Unity.Collections.LowLevel.Unsafe.AtomicSafetyHandle)
UnityEditor.EditorGUIUtility:RenderPlayModeViewCamerasInternal (UnityEngine.RenderTexture,int,UnityEngine.Vector2,bool,bool)
UnityEditor.PlayModeView:RenderView (UnityEngine.Vector2,bool)
UnityEditor.GameView:OnGUI ()
UnityEditor.HostView:InvokeOnGUI (UnityEngine.Rect)
UnityEditor.MaximizedHostView:OldOnGUI ()
UnityEngine.UIElements.IMGUIContainer:DoOnGUI (UnityEngine.Event,UnityEngine.Matrix4x4,UnityEngine.Rect,bool,UnityEngine.Rect,System.Action,bool)
UnityEngine.UIElements.IMGUIContainer:HandleIMGUIEvent (UnityEngine.Event,UnityEngine.Matrix4x4,UnityEngine.Rect,System.Action,bool)
UnityEngine.UIElements.IMGUIContainer:DoIMGUIRepaint ()
UnityEngine.UIElements.UIR.RenderChainCommand:ExecuteNonDrawMesh (UnityEngine.UIElements.UIR.DrawParams,single,System.Exception&)
UnityEngine.UIElements.UIR.UIRenderDevice:EvaluateChain (UnityEngine.UIElements.UIR.RenderChainCommand,UnityEngine.Material,UnityEngine.Texture,UnityEngine.UIElements.UIR.ShaderInfoAllocator,System.Nullable`1<UnityEngine.Rect>,UnityEngine.Rect,single,bool,UnityEngine.UIElements.TextureSlotCount,bool,System.Exception&,UnityEngine.UIElements.BaseVisualElementPanel)
UnityEngine.UIElements.UIR.RenderTreeManager:RenderSingleTree (UnityEngine.UIElements.UIR.RenderTree,UnityEngine.RenderTexture,UnityEngine.RectInt,UnityEngine.Rect)
UnityEngine.UIElements.UIR.RenderTreeManager:RenderRootTree ()
UnityEngine.UIElements.UIRRepaintUpdater:Render ()
UnityEngine.UIElements.BaseVisualElementPanel:Render ()
UnityEngine.UIElements.Panel:Render ()
UnityEditor.UIElements.EditorEventDispatchUtility:DoDispatch (UnityEngine.UIElements.BaseVisualElementPanel,UnityEngine.Event)
UnityEditor.UIElements.DefaultWindowBackend:ProcessEvent (UnityEngine.Event)
UnityEditor.GUIView:ProcessEvent (UnityEngine.EntityId,intptr,bool&)

(Filename: ./Library/PackageCache/com.unity.render-pipelines.universal@8457e85b8184/Runtime/Passes/AdditionalLightsShadowCasterPass.cs Line: 460)

Reduced additional punctual light shadows resolution by 8 to make 78 shadow maps fit in the 2048x2048 shadow atlas. To avoid this, increase shadow atlas size, decrease big shadow resolutions, or reduce the number of shadow maps active in the same frame
UnityEngine.Debug:ExtractStackTraceNoAlloc (byte*,int,string)
UnityEngine.StackTraceUtility:ExtractStackTrace ()
UnityEngine.DebugLogHandler:Internal_Log (UnityEngine.LogType,UnityEngine.LogOption,string,UnityEngine.Object)
UnityEngine.DebugLogHandler:LogFormat (UnityEngine.LogType,UnityEngine.Object,string,object[])
UnityEngine.Logger:Log (UnityEngine.LogType,object)
UnityEngine.Debug:Log (object)
UnityEngine.Rendering.Universal.Internal.AdditionalLightsShadowCasterPass:Setup (UnityEngine.Rendering.Universal.UniversalRenderingData,UnityEngine.Rendering.Universal.UniversalCameraData,UnityEngine.Rendering.Universal.UniversalLightData,UnityEngine.Rendering.Universal.UniversalShadowData) (at ./Library/PackageCache/com.unity.render-pipelines.universal@8457e85b8184/Runtime/Passes/AdditionalLightsShadowCasterPass.cs:460)
UnityEngine.Rendering.Universal.UniversalRenderer:OnBeforeRendering (UnityEngine.Rendering.RenderGraphModule.RenderGraph) (at ./Library/PackageCache/com.unity.render-pipelines.universal@8457e85b8184/Runtime/UniversalRendererRenderGraph.cs:808)
UnityEngine.Rendering.Universal.UniversalRenderer:OnRecordRenderGraph (UnityEngine.Rendering.RenderGraphModule.RenderGraph,UnityEngine.Rendering.ScriptableRenderContext) (at ./Library/PackageCache/com.unity.render-pipelines.universal@8457e85b8184/Runtime/UniversalRendererRenderGraph.cs:695)
UnityEngine.Rendering.Universal.ScriptableRenderer:RecordRenderGraph (UnityEngine.Rendering.RenderGraphModule.RenderGraph,UnityEngine.Rendering.ScriptableRenderContext) (at ./Library/PackageCache/com.unity.render-pipelines.universal@8457e85b8184/Runtime/ScriptableRenderer.cs:963)
UnityEngine.Rendering.Universal.UniversalRenderPipeline:RecordAndExecuteRenderGraph (UnityEngine.Rendering.RenderGraphModule.RenderGraph,UnityEngine.Rendering.ScriptableRenderContext,UnityEngine.Rendering.Universal.ScriptableRenderer,UnityEngine.Rendering.CommandBuffer,UnityEngine.Camera) (at ./Library/PackageCache/com.unity.render-pipelines.universal@8457e85b8184/Runtime/UniversalRenderPipelineRenderGraph.cs:27)
UnityEngine.Rendering.Universal.UniversalRenderPipeline:RenderSingleCamera (UnityEngine.Rendering.ScriptableRenderContext,UnityEngine.Rendering.Universal.UniversalCameraData) (at ./Library/PackageCache/com.unity.render-pipelines.universal@8457e85b8184/Runtime/UniversalRenderPipeline.cs:1062)
UnityEngine.Rendering.Universal.UniversalRenderPipeline:RenderCameraStack (UnityEngine.Rendering.ScriptableRenderContext,UnityEngine.Camera,bool) (at ./Library/PackageCache/com.unity.render-pipelines.universal@8457e85b8184/Runtime/UniversalRenderPipeline.cs:1275)
UnityEngine.Rendering.Universal.UniversalRenderPipeline:Render (UnityEngine.Rendering.ScriptableRenderContext,System.Collections.Generic.List`1<UnityEngine.Camera>) (at ./Library/PackageCache/com.unity.render-pipelines.universal@8457e85b8184/Runtime/UniversalRenderPipeline.cs:629)
UnityEngine.Rendering.RenderPipeline:InternalRender (UnityEngine.Rendering.ScriptableRenderContext,System.Collections.Generic.List`1<UnityEngine.Camera>)
UnityEngine.Rendering.RenderPipelineManager:DoRenderLoop_Internal (UnityEngine.Rendering.RenderPipelineAsset,intptr,object,Unity.Collections.LowLevel.Unsafe.AtomicSafetyHandle)
UnityEditor.EditorGUIUtility:RenderPlayModeViewCamerasInternal (UnityEngine.RenderTexture,int,UnityEngine.Vector2,bool,bool)
UnityEditor.PlayModeView:RenderView (UnityEngine.Vector2,bool)
UnityEditor.GameView:OnGUI ()
UnityEditor.HostView:InvokeOnGUI (UnityEngine.Rect)
UnityEditor.MaximizedHostView:OldOnGUI ()
UnityEngine.UIElements.IMGUIContainer:DoOnGUI (UnityEngine.Event,UnityEngine.Matrix4x4,UnityEngine.Rect,bool,UnityEngine.Rect,System.Action,bool)
UnityEngine.UIElements.IMGUIContainer:HandleIMGUIEvent (UnityEngine.Event,UnityEngine.Matrix4x4,UnityEngine.Rect,System.Action,bool)
UnityEngine.UIElements.IMGUIContainer:DoIMGUIRepaint ()
UnityEngine.UIElements.UIR.RenderChainCommand:ExecuteNonDrawMesh (UnityEngine.UIElements.UIR.DrawParams,single,System.Exception&)
UnityEngine.UIElements.UIR.UIRenderDevice:EvaluateChain (UnityEngine.UIElements.UIR.RenderChainCommand,UnityEngine.Material,UnityEngine.Texture,UnityEngine.UIElements.UIR.ShaderInfoAllocator,System.Nullable`1<UnityEngine.Rect>,UnityEngine.Rect,single,bool,UnityEngine.UIElements.TextureSlotCount,bool,System.Exception&,UnityEngine.UIElements.BaseVisualElementPanel)
UnityEngine.UIElements.UIR.RenderTreeManager:RenderSingleTree (UnityEngine.UIElements.UIR.RenderTree,UnityEngine.RenderTexture,UnityEngine.RectInt,UnityEngine.Rect)
UnityEngine.UIElements.UIR.RenderTreeManager:RenderRootTree ()
UnityEngine.UIElements.UIRRepaintUpdater:Render ()
UnityEngine.UIElements.BaseVisualElementPanel:Render ()
UnityEngine.UIElements.Panel:Render ()
UnityEditor.UIElements.EditorEventDispatchUtility:DoDispatch (UnityEngine.UIElements.BaseVisualElementPanel,UnityEngine.Event)
UnityEditor.UIElements.DefaultWindowBackend:ProcessEvent (UnityEngine.Event)
UnityEditor.GUIView:ProcessEvent (UnityEngine.EntityId,intptr,bool&)

(Filename: ./Library/PackageCache/com.unity.render-pipelines.universal@8457e85b8184/Runtime/Passes/AdditionalLightsShadowCasterPass.cs Line: 460)

Reduced additional punctual light shadows resolution by 8 to make 66 shadow maps fit in the 2048x2048 shadow atlas. To avoid this, increase shadow atlas size, decrease big shadow resolutions, or reduce the number of shadow maps active in the same frame
UnityEngine.Debug:ExtractStackTraceNoAlloc (byte*,int,string)
UnityEngine.StackTraceUtility:ExtractStackTrace ()
UnityEngine.DebugLogHandler:Internal_Log (UnityEngine.LogType,UnityEngine.LogOption,string,UnityEngine.Object)
UnityEngine.DebugLogHandler:LogFormat (UnityEngine.LogType,UnityEngine.Object,string,object[])
UnityEngine.Logger:Log (UnityEngine.LogType,object)
UnityEngine.Debug:Log (object)
UnityEngine.Rendering.Universal.Internal.AdditionalLightsShadowCasterPass:Setup (UnityEngine.Rendering.Universal.UniversalRenderingData,UnityEngine.Rendering.Universal.UniversalCameraData,UnityEngine.Rendering.Universal.UniversalLightData,UnityEngine.Rendering.Universal.UniversalShadowData) (at ./Library/PackageCache/com.unity.render-pipelines.universal@8457e85b8184/Runtime/Passes/AdditionalLightsShadowCasterPass.cs:460)
UnityEngine.Rendering.Universal.UniversalRenderer:OnBeforeRendering (UnityEngine.Rendering.RenderGraphModule.RenderGraph) (at ./Library/PackageCache/com.unity.render-pipelines.universal@8457e85b8184/Runtime/UniversalRendererRenderGraph.cs:808)
UnityEngine.Rendering.Universal.UniversalRenderer:OnRecordRenderGraph (UnityEngine.Rendering.RenderGraphModule.RenderGraph,UnityEngine.Rendering.ScriptableRenderContext) (at ./Library/PackageCache/com.unity.render-pipelines.universal@8457e85b8184/Runtime/UniversalRendererRenderGraph.cs:695)
UnityEngine.Rendering.Universal.ScriptableRenderer:RecordRenderGraph (UnityEngine.Rendering.RenderGraphModule.RenderGraph,UnityEngine.Rendering.ScriptableRenderContext) (at ./Library/PackageCache/com.unity.render-pipelines.universal@8457e85b8184/Runtime/ScriptableRenderer.cs:963)
UnityEngine.Rendering.Universal.UniversalRenderPipeline:RecordAndExecuteRenderGraph (UnityEngine.Rendering.RenderGraphModule.RenderGraph,UnityEngine.Rendering.ScriptableRenderContext,UnityEngine.Rendering.Universal.ScriptableRenderer,UnityEngine.Rendering.CommandBuffer,UnityEngine.Camera) (at ./Library/PackageCache/com.unity.render-pipelines.universal@8457e85b8184/Runtime/UniversalRenderPipelineRenderGraph.cs:27)
UnityEngine.Rendering.Universal.UniversalRenderPipeline:RenderSingleCamera (UnityEngine.Rendering.ScriptableRenderContext,UnityEngine.Rendering.Universal.UniversalCameraData) (at ./Library/PackageCache/com.unity.render-pipelines.universal@8457e85b8184/Runtime/UniversalRenderPipeline.cs:1062)
UnityEngine.Rendering.Universal.UniversalRenderPipeline:RenderCameraStack (UnityEngine.Rendering.ScriptableRenderContext,UnityEngine.Camera,bool) (at ./Library/PackageCache/com.unity.render-pipelines.universal@8457e85b8184/Runtime/UniversalRenderPipeline.cs:1275)
UnityEngine.Rendering.Universal.UniversalRenderPipeline:Render (UnityEngine.Rendering.ScriptableRenderContext,System.Collections.Generic.List`1<UnityEngine.Camera>) (at ./Library/PackageCache/com.unity.render-pipelines.universal@8457e85b8184/Runtime/UniversalRenderPipeline.cs:629)
UnityEngine.Rendering.RenderPipeline:InternalRender (UnityEngine.Rendering.ScriptableRenderContext,System.Collections.Generic.List`1<UnityEngine.Camera>)
UnityEngine.Rendering.RenderPipelineManager:DoRenderLoop_Internal (UnityEngine.Rendering.RenderPipelineAsset,intptr,object,Unity.Collections.LowLevel.Unsafe.AtomicSafetyHandle)
UnityEditor.EditorGUIUtility:RenderPlayModeViewCamerasInternal (UnityEngine.RenderTexture,int,UnityEngine.Vector2,bool,bool)
UnityEditor.PlayModeView:RenderView (UnityEngine.Vector2,bool)
UnityEditor.GameView:OnGUI ()
UnityEditor.HostView:InvokeOnGUI (UnityEngine.Rect)
UnityEditor.MaximizedHostView:OldOnGUI ()
UnityEngine.UIElements.IMGUIContainer:DoOnGUI (UnityEngine.Event,UnityEngine.Matrix4x4,UnityEngine.Rect,bool,UnityEngine.Rect,System.Action,bool)
UnityEngine.UIElements.IMGUIContainer:HandleIMGUIEvent (UnityEngine.Event,UnityEngine.Matrix4x4,UnityEngine.Rect,System.Action,bool)
UnityEngine.UIElements.IMGUIContainer:DoIMGUIRepaint ()
UnityEngine.UIElements.UIR.RenderChainCommand:ExecuteNonDrawMesh (UnityEngine.UIElements.UIR.DrawParams,single,System.Exception&)
UnityEngine.UIElements.UIR.UIRenderDevice:EvaluateChain (UnityEngine.UIElements.UIR.RenderChainCommand,UnityEngine.Material,UnityEngine.Texture,UnityEngine.UIElements.UIR.ShaderInfoAllocator,System.Nullable`1<UnityEngine.Rect>,UnityEngine.Rect,single,bool,UnityEngine.UIElements.TextureSlotCount,bool,System.Exception&,UnityEngine.UIElements.BaseVisualElementPanel)
UnityEngine.UIElements.UIR.RenderTreeManager:RenderSingleTree (UnityEngine.UIElements.UIR.RenderTree,UnityEngine.RenderTexture,UnityEngine.RectInt,UnityEngine.Rect)
UnityEngine.UIElements.UIR.RenderTreeManager:RenderRootTree ()
UnityEngine.UIElements.UIRRepaintUpdater:Render ()
UnityEngine.UIElements.BaseVisualElementPanel:Render ()
UnityEngine.UIElements.Panel:Render ()
UnityEditor.UIElements.EditorEventDispatchUtility:DoDispatch (UnityEngine.UIElements.BaseVisualElementPanel,UnityEngine.Event)
UnityEditor.UIElements.DefaultWindowBackend:ProcessEvent (UnityEngine.Event)
UnityEditor.GUIView:ProcessEvent (UnityEngine.EntityId,intptr,bool&)

(Filename: ./Library/PackageCache/com.unity.render-pipelines.universal@8457e85b8184/Runtime/Passes/AdditionalLightsShadowCasterPass.cs Line: 460)

Reduced additional punctual light shadows resolution by 8 to make 78 shadow maps fit in the 2048x2048 shadow atlas. To avoid this, increase shadow atlas size, decrease big shadow resolutions, or reduce the number of shadow maps active in the same frame
UnityEngine.Debug:ExtractStackTraceNoAlloc (byte*,int,string)
UnityEngine.StackTraceUtility:ExtractStackTrace ()
UnityEngine.DebugLogHandler:Internal_Log (UnityEngine.LogType,UnityEngine.LogOption,string,UnityEngine.Object)
UnityEngine.DebugLogHandler:LogFormat (UnityEngine.LogType,UnityEngine.Object,string,object[])
UnityEngine.Logger:Log (UnityEngine.LogType,object)
UnityEngine.Debug:Log (object)
UnityEngine.Rendering.Universal.Internal.AdditionalLightsShadowCasterPass:Setup (UnityEngine.Rendering.Universal.UniversalRenderingData,UnityEngine.Rendering.Universal.UniversalCameraData,UnityEngine.Rendering.Universal.UniversalLightData,UnityEngine.Rendering.Universal.UniversalShadowData) (at ./Library/PackageCache/com.unity.render-pipelines.universal@8457e85b8184/Runtime/Passes/AdditionalLightsShadowCasterPass.cs:460)
UnityEngine.Rendering.Universal.UniversalRenderer:OnBeforeRendering (UnityEngine.Rendering.RenderGraphModule.RenderGraph) (at ./Library/PackageCache/com.unity.render-pipelines.universal@8457e85b8184/Runtime/UniversalRendererRenderGraph.cs:808)
UnityEngine.Rendering.Universal.UniversalRenderer:OnRecordRenderGraph (UnityEngine.Rendering.RenderGraphModule.RenderGraph,UnityEngine.Rendering.ScriptableRenderContext) (at ./Library/PackageCache/com.unity.render-pipelines.universal@8457e85b8184/Runtime/UniversalRendererRenderGraph.cs:695)
UnityEngine.Rendering.Universal.ScriptableRenderer:RecordRenderGraph (UnityEngine.Rendering.RenderGraphModule.RenderGraph,UnityEngine.Rendering.ScriptableRenderContext) (at ./Library/PackageCache/com.unity.render-pipelines.universal@8457e85b8184/Runtime/ScriptableRenderer.cs:963)
UnityEngine.Rendering.Universal.UniversalRenderPipeline:RecordAndExecuteRenderGraph (UnityEngine.Rendering.RenderGraphModule.RenderGraph,UnityEngine.Rendering.ScriptableRenderContext,UnityEngine.Rendering.Universal.ScriptableRenderer,UnityEngine.Rendering.CommandBuffer,UnityEngine.Camera) (at ./Library/PackageCache/com.unity.render-pipelines.universal@8457e85b8184/Runtime/UniversalRenderPipelineRenderGraph.cs:27)
UnityEngine.Rendering.Universal.UniversalRenderPipeline:RenderSingleCamera (UnityEngine.Rendering.ScriptableRenderContext,UnityEngine.Rendering.Universal.UniversalCameraData) (at ./Library/PackageCache/com.unity.render-pipelines.universal@8457e85b8184/Runtime/UniversalRenderPipeline.cs:1062)
UnityEngine.Rendering.Universal.UniversalRenderPipeline:RenderCameraStack (UnityEngine.Rendering.ScriptableRenderContext,UnityEngine.Camera,bool) (at ./Library/PackageCache/com.unity.render-pipelines.universal@8457e85b8184/Runtime/UniversalRenderPipeline.cs:1275)
UnityEngine.Rendering.Universal.UniversalRenderPipeline:Render (UnityEngine.Rendering.ScriptableRenderContext,System.Collections.Generic.List`1<UnityEngine.Camera>) (at ./Library/PackageCache/com.unity.render-pipelines.universal@8457e85b8184/Runtime/UniversalRenderPipeline.cs:629)
UnityEngine.Rendering.RenderPipeline:InternalRender (UnityEngine.Rendering.ScriptableRenderContext,System.Collections.Generic.List`1<UnityEngine.Camera>)
UnityEngine.Rendering.RenderPipelineManager:DoRenderLoop_Internal (UnityEngine.Rendering.RenderPipelineAsset,intptr,object,Unity.Collections.LowLevel.Unsafe.AtomicSafetyHandle)
UnityEditor.EditorGUIUtility:RenderPlayModeViewCamerasInternal (UnityEngine.RenderTexture,int,UnityEngine.Vector2,bool,bool)
UnityEditor.PlayModeView:RenderView (UnityEngine.Vector2,bool)
UnityEditor.GameView:OnGUI ()
UnityEditor.HostView:InvokeOnGUI (UnityEngine.Rect)
UnityEditor.MaximizedHostView:OldOnGUI ()
UnityEngine.UIElements.IMGUIContainer:DoOnGUI (UnityEngine.Event,UnityEngine.Matrix4x4,UnityEngine.Rect,bool,UnityEngine.Rect,System.Action,bool)
UnityEngine.UIElements.IMGUIContainer:HandleIMGUIEvent (UnityEngine.Event,UnityEngine.Matrix4x4,UnityEngine.Rect,System.Action,bool)
UnityEngine.UIElements.IMGUIContainer:DoIMGUIRepaint ()
UnityEngine.UIElements.UIR.RenderChainCommand:ExecuteNonDrawMesh (UnityEngine.UIElements.UIR.DrawParams,single,System.Exception&)
UnityEngine.UIElements.UIR.UIRenderDevice:EvaluateChain (UnityEngine.UIElements.UIR.RenderChainCommand,UnityEngine.Material,UnityEngine.Texture,UnityEngine.UIElements.UIR.ShaderInfoAllocator,System.Nullable`1<UnityEngine.Rect>,UnityEngine.Rect,single,bool,UnityEngine.UIElements.TextureSlotCount,bool,System.Exception&,UnityEngine.UIElements.BaseVisualElementPanel)
UnityEngine.UIElements.UIR.RenderTreeManager:RenderSingleTree (UnityEngine.UIElements.UIR.RenderTree,UnityEngine.RenderTexture,UnityEngine.RectInt,UnityEngine.Rect)
UnityEngine.UIElements.UIR.RenderTreeManager:RenderRootTree ()
UnityEngine.UIElements.UIRRepaintUpdater:Render ()
UnityEngine.UIElements.BaseVisualElementPanel:Render ()
UnityEngine.UIElements.Panel:Render ()
UnityEditor.UIElements.EditorEventDispatchUtility:DoDispatch (UnityEngine.UIElements.BaseVisualElementPanel,UnityEngine.Event)
UnityEditor.UIElements.DefaultWindowBackend:ProcessEvent (UnityEngine.Event)
UnityEditor.GUIView:ProcessEvent (UnityEngine.EntityId,intptr,bool&)

(Filename: ./Library/PackageCache/com.unity.render-pipelines.universal@8457e85b8184/Runtime/Passes/AdditionalLightsShadowCasterPass.cs Line: 460)

Reduced additional punctual light shadows resolution by 8 to make 84 shadow maps fit in the 2048x2048 shadow atlas. To avoid this, increase shadow atlas size, decrease big shadow resolutions, or reduce the number of shadow maps active in the same frame
UnityEngine.Debug:ExtractStackTraceNoAlloc (byte*,int,string)
UnityEngine.StackTraceUtility:ExtractStackTrace ()
UnityEngine.DebugLogHandler:Internal_Log (UnityEngine.LogType,UnityEngine.LogOption,string,UnityEngine.Object)
UnityEngine.DebugLogHandler:LogFormat (UnityEngine.LogType,UnityEngine.Object,string,object[])
UnityEngine.Logger:Log (UnityEngine.LogType,object)
UnityEngine.Debug:Log (object)
UnityEngine.Rendering.Universal.Internal.AdditionalLightsShadowCasterPass:Setup (UnityEngine.Rendering.Universal.UniversalRenderingData,UnityEngine.Rendering.Universal.UniversalCameraData,UnityEngine.Rendering.Universal.UniversalLightData,UnityEngine.Rendering.Universal.UniversalShadowData) (at ./Library/PackageCache/com.unity.render-pipelines.universal@8457e85b8184/Runtime/Passes/AdditionalLightsShadowCasterPass.cs:460)
UnityEngine.Rendering.Universal.UniversalRenderer:OnBeforeRendering (UnityEngine.Rendering.RenderGraphModule.RenderGraph) (at ./Library/PackageCache/com.unity.render-pipelines.universal@8457e85b8184/Runtime/UniversalRendererRenderGraph.cs:808)
UnityEngine.Rendering.Universal.UniversalRenderer:OnRecordRenderGraph (UnityEngine.Rendering.RenderGraphModule.RenderGraph,UnityEngine.Rendering.ScriptableRenderContext) (at ./Library/PackageCache/com.unity.render-pipelines.universal@8457e85b8184/Runtime/UniversalRendererRenderGraph.cs:695)
UnityEngine.Rendering.Universal.ScriptableRenderer:RecordRenderGraph (UnityEngine.Rendering.RenderGraphModule.RenderGraph,UnityEngine.Rendering.ScriptableRenderContext) (at ./Library/PackageCache/com.unity.render-pipelines.universal@8457e85b8184/Runtime/ScriptableRenderer.cs:963)
UnityEngine.Rendering.Universal.UniversalRenderPipeline:RecordAndExecuteRenderGraph (UnityEngine.Rendering.RenderGraphModule.RenderGraph,UnityEngine.Rendering.ScriptableRenderContext,UnityEngine.Rendering.Universal.ScriptableRenderer,UnityEngine.Rendering.CommandBuffer,UnityEngine.Camera) (at ./Library/PackageCache/com.unity.render-pipelines.universal@8457e85b8184/Runtime/UniversalRenderPipelineRenderGraph.cs:27)
UnityEngine.Rendering.Universal.UniversalRenderPipeline:RenderSingleCamera (UnityEngine.Rendering.ScriptableRenderContext,UnityEngine.Rendering.Universal.UniversalCameraData) (at ./Library/PackageCache/com.unity.render-pipelines.universal@8457e85b8184/Runtime/UniversalRenderPipeline.cs:1062)
UnityEngine.Rendering.Universal.UniversalRenderPipeline:RenderCameraStack (UnityEngine.Rendering.ScriptableRenderContext,UnityEngine.Camera,bool) (at ./Library/PackageCache/com.unity.render-pipelines.universal@8457e85b8184/Runtime/UniversalRenderPipeline.cs:1275)
UnityEngine.Rendering.Universal.UniversalRenderPipeline:Render (UnityEngine.Rendering.ScriptableRenderContext,System.Collections.Generic.List`1<UnityEngine.Camera>) (at ./Library/PackageCache/com.unity.render-pipelines.universal@8457e85b8184/Runtime/UniversalRenderPipeline.cs:629)
UnityEngine.Rendering.RenderPipeline:InternalRender (UnityEngine.Rendering.ScriptableRenderContext,System.Collections.Generic.List`1<UnityEngine.Camera>)
UnityEngine.Rendering.RenderPipelineManager:DoRenderLoop_Internal (UnityEngine.Rendering.RenderPipelineAsset,intptr,object,Unity.Collections.LowLevel.Unsafe.AtomicSafetyHandle)
UnityEditor.EditorGUIUtility:RenderPlayModeViewCamerasInternal (UnityEngine.RenderTexture,int,UnityEngine.Vector2,bool,bool)
UnityEditor.PlayModeView:RenderView (UnityEngine.Vector2,bool)
UnityEditor.GameView:OnGUI ()
UnityEditor.HostView:InvokeOnGUI (UnityEngine.Rect)
UnityEditor.MaximizedHostView:OldOnGUI ()
UnityEngine.UIElements.IMGUIContainer:DoOnGUI (UnityEngine.Event,UnityEngine.Matrix4x4,UnityEngine.Rect,bool,UnityEngine.Rect,System.Action,bool)
UnityEngine.UIElements.IMGUIContainer:HandleIMGUIEvent (UnityEngine.Event,UnityEngine.Matrix4x4,UnityEngine.Rect,System.Action,bool)
UnityEngine.UIElements.IMGUIContainer:DoIMGUIRepaint ()
UnityEngine.UIElements.UIR.RenderChainCommand:ExecuteNonDrawMesh (UnityEngine.UIElements.UIR.DrawParams,single,System.Exception&)
UnityEngine.UIElements.UIR.UIRenderDevice:EvaluateChain (UnityEngine.UIElements.UIR.RenderChainCommand,UnityEngine.Material,UnityEngine.Texture,UnityEngine.UIElements.UIR.ShaderInfoAllocator,System.Nullable`1<UnityEngine.Rect>,UnityEngine.Rect,single,bool,UnityEngine.UIElements.TextureSlotCount,bool,System.Exception&,UnityEngine.UIElements.BaseVisualElementPanel)
UnityEngine.UIElements.UIR.RenderTreeManager:RenderSingleTree (UnityEngine.UIElements.UIR.RenderTree,UnityEngine.RenderTexture,UnityEngine.RectInt,UnityEngine.Rect)
UnityEngine.UIElements.UIR.RenderTreeManager:RenderRootTree ()
UnityEngine.UIElements.UIRRepaintUpdater:Render ()
UnityEngine.UIElements.BaseVisualElementPanel:Render ()
UnityEngine.UIElements.Panel:Render ()
UnityEditor.UIElements.EditorEventDispatchUtility:DoDispatch (UnityEngine.UIElements.BaseVisualElementPanel,UnityEngine.Event)
UnityEditor.UIElements.DefaultWindowBackend:ProcessEvent (UnityEngine.Event)
UnityEditor.GUIView:ProcessEvent (UnityEngine.EntityId,intptr,bool&)

(Filename: ./Library/PackageCache/com.unity.render-pipelines.universal@8457e85b8184/Runtime/Passes/AdditionalLightsShadowCasterPass.cs Line: 460)

Reduced additional punctual light shadows resolution by 8 to make 90 shadow maps fit in the 2048x2048 shadow atlas. To avoid this, increase shadow atlas size, decrease big shadow resolutions, or reduce the number of shadow maps active in the same frame
UnityEngine.Debug:ExtractStackTraceNoAlloc (byte*,int,string)
UnityEngine.StackTraceUtility:ExtractStackTrace ()
UnityEngine.DebugLogHandler:Internal_Log (UnityEngine.LogType,UnityEngine.LogOption,string,UnityEngine.Object)
UnityEngine.DebugLogHandler:LogFormat (UnityEngine.LogType,UnityEngine.Object,string,object[])
UnityEngine.Logger:Log (UnityEngine.LogType,object)
UnityEngine.Debug:Log (object)
UnityEngine.Rendering.Universal.Internal.AdditionalLightsShadowCasterPass:Setup (UnityEngine.Rendering.Universal.UniversalRenderingData,UnityEngine.Rendering.Universal.UniversalCameraData,UnityEngine.Rendering.Universal.UniversalLightData,UnityEngine.Rendering.Universal.UniversalShadowData) (at ./Library/PackageCache/com.unity.render-pipelines.universal@8457e85b8184/Runtime/Passes/AdditionalLightsShadowCasterPass.cs:460)
UnityEngine.Rendering.Universal.UniversalRenderer:OnBeforeRendering (UnityEngine.Rendering.RenderGraphModule.RenderGraph) (at ./Library/PackageCache/com.unity.render-pipelines.universal@8457e85b8184/Runtime/UniversalRendererRenderGraph.cs:808)
UnityEngine.Rendering.Universal.UniversalRenderer:OnRecordRenderGraph (UnityEngine.Rendering.RenderGraphModule.RenderGraph,UnityEngine.Rendering.ScriptableRenderContext) (at ./Library/PackageCache/com.unity.render-pipelines.universal@8457e85b8184/Runtime/UniversalRendererRenderGraph.cs:695)
UnityEngine.Rendering.Universal.ScriptableRenderer:RecordRenderGraph (UnityEngine.Rendering.RenderGraphModule.RenderGraph,UnityEngine.Rendering.ScriptableRenderContext) (at ./Library/PackageCache/com.unity.render-pipelines.universal@8457e85b8184/Runtime/ScriptableRenderer.cs:963)
UnityEngine.Rendering.Universal.UniversalRenderPipeline:RecordAndExecuteRenderGraph (UnityEngine.Rendering.RenderGraphModule.RenderGraph,UnityEngine.Rendering.ScriptableRenderContext,UnityEngine.Rendering.Universal.ScriptableRenderer,UnityEngine.Rendering.CommandBuffer,UnityEngine.Camera) (at ./Library/PackageCache/com.unity.render-pipelines.universal@8457e85b8184/Runtime/UniversalRenderPipelineRenderGraph.cs:27)
UnityEngine.Rendering.Universal.UniversalRenderPipeline:RenderSingleCamera (UnityEngine.Rendering.ScriptableRenderContext,UnityEngine.Rendering.Universal.UniversalCameraData) (at ./Library/PackageCache/com.unity.render-pipelines.universal@8457e85b8184/Runtime/UniversalRenderPipeline.cs:1062)
UnityEngine.Rendering.Universal.UniversalRenderPipeline:RenderCameraStack (UnityEngine.Rendering.ScriptableRenderContext,UnityEngine.Camera,bool) (at ./Library/PackageCache/com.unity.render-pipelines.universal@8457e85b8184/Runtime/UniversalRenderPipeline.cs:1275)
UnityEngine.Rendering.Universal.UniversalRenderPipeline:Render (UnityEngine.Rendering.ScriptableRenderContext,System.Collections.Generic.List`1<UnityEngine.Camera>) (at ./Library/PackageCache/com.unity.render-pipelines.universal@8457e85b8184/Runtime/UniversalRenderPipeline.cs:629)
UnityEngine.Rendering.RenderPipeline:InternalRender (UnityEngine.Rendering.ScriptableRenderContext,System.Collections.Generic.List`1<UnityEngine.Camera>)
UnityEngine.Rendering.RenderPipelineManager:DoRenderLoop_Internal (UnityEngine.Rendering.RenderPipelineAsset,intptr,object,Unity.Collections.LowLevel.Unsafe.AtomicSafetyHandle)
UnityEditor.EditorGUIUtility:RenderPlayModeViewCamerasInternal (UnityEngine.RenderTexture,int,UnityEngine.Vector2,bool,bool)
UnityEditor.PlayModeView:RenderView (UnityEngine.Vector2,bool)
UnityEditor.GameView:OnGUI ()
UnityEditor.HostView:InvokeOnGUI (UnityEngine.Rect)
UnityEditor.MaximizedHostView:OldOnGUI ()
UnityEngine.UIElements.IMGUIContainer:DoOnGUI (UnityEngine.Event,UnityEngine.Matrix4x4,UnityEngine.Rect,bool,UnityEngine.Rect,System.Action,bool)
UnityEngine.UIElements.IMGUIContainer:HandleIMGUIEvent (UnityEngine.Event,UnityEngine.Matrix4x4,UnityEngine.Rect,System.Action,bool)
UnityEngine.UIElements.IMGUIContainer:DoIMGUIRepaint ()
UnityEngine.UIElements.UIR.RenderChainCommand:ExecuteNonDrawMesh (UnityEngine.UIElements.UIR.DrawParams,single,System.Exception&)
UnityEngine.UIElements.UIR.UIRenderDevice:EvaluateChain (UnityEngine.UIElements.UIR.RenderChainCommand,UnityEngine.Material,UnityEngine.Texture,UnityEngine.UIElements.UIR.ShaderInfoAllocator,System.Nullable`1<UnityEngine.Rect>,UnityEngine.Rect,single,bool,UnityEngine.UIElements.TextureSlotCount,bool,System.Exception&,UnityEngine.UIElements.BaseVisualElementPanel)
UnityEngine.UIElements.UIR.RenderTreeManager:RenderSingleTree (UnityEngine.UIElements.UIR.RenderTree,UnityEngine.RenderTexture,UnityEngine.RectInt,UnityEngine.Rect)
UnityEngine.UIElements.UIR.RenderTreeManager:RenderRootTree ()
UnityEngine.UIElements.UIRRepaintUpdater:Render ()
UnityEngine.UIElements.BaseVisualElementPanel:Render ()
UnityEngine.UIElements.Panel:Render ()
UnityEditor.UIElements.EditorEventDispatchUtility:DoDispatch (UnityEngine.UIElements.BaseVisualElementPanel,UnityEngine.Event)
UnityEditor.UIElements.DefaultWindowBackend:ProcessEvent (UnityEngine.Event)
UnityEditor.GUIView:ProcessEvent (UnityEngine.EntityId,intptr,bool&)

(Filename: ./Library/PackageCache/com.unity.render-pipelines.universal@8457e85b8184/Runtime/Passes/AdditionalLightsShadowCasterPass.cs Line: 460)

Reduced additional punctual light shadows resolution by 8 to make 84 shadow maps fit in the 2048x2048 shadow atlas. To avoid this, increase shadow atlas size, decrease big shadow resolutions, or reduce the number of shadow maps active in the same frame
UnityEngine.Debug:ExtractStackTraceNoAlloc (byte*,int,string)
UnityEngine.StackTraceUtility:ExtractStackTrace ()
UnityEngine.DebugLogHandler:Internal_Log (UnityEngine.LogType,UnityEngine.LogOption,string,UnityEngine.Object)
UnityEngine.DebugLogHandler:LogFormat (UnityEngine.LogType,UnityEngine.Object,string,object[])
UnityEngine.Logger:Log (UnityEngine.LogType,object)
UnityEngine.Debug:Log (object)
UnityEngine.Rendering.Universal.Internal.AdditionalLightsShadowCasterPass:Setup (UnityEngine.Rendering.Universal.UniversalRenderingData,UnityEngine.Rendering.Universal.UniversalCameraData,UnityEngine.Rendering.Universal.UniversalLightData,UnityEngine.Rendering.Universal.UniversalShadowData) (at ./Library/PackageCache/com.unity.render-pipelines.universal@8457e85b8184/Runtime/Passes/AdditionalLightsShadowCasterPass.cs:460)
UnityEngine.Rendering.Universal.UniversalRenderer:OnBeforeRendering (UnityEngine.Rendering.RenderGraphModule.RenderGraph) (at ./Library/PackageCache/com.unity.render-pipelines.universal@8457e85b8184/Runtime/UniversalRendererRenderGraph.cs:808)
UnityEngine.Rendering.Universal.UniversalRenderer:OnRecordRenderGraph (UnityEngine.Rendering.RenderGraphModule.RenderGraph,UnityEngine.Rendering.ScriptableRenderContext) (at ./Library/PackageCache/com.unity.render-pipelines.universal@8457e85b8184/Runtime/UniversalRendererRenderGraph.cs:695)
UnityEngine.Rendering.Universal.ScriptableRenderer:RecordRenderGraph (UnityEngine.Rendering.RenderGraphModule.RenderGraph,UnityEngine.Rendering.ScriptableRenderContext) (at ./Library/PackageCache/com.unity.render-pipelines.universal@8457e85b8184/Runtime/ScriptableRenderer.cs:963)
UnityEngine.Rendering.Universal.UniversalRenderPipeline:RecordAndExecuteRenderGraph (UnityEngine.Rendering.RenderGraphModule.RenderGraph,UnityEngine.Rendering.ScriptableRenderContext,UnityEngine.Rendering.Universal.ScriptableRenderer,UnityEngine.Rendering.CommandBuffer,UnityEngine.Camera) (at ./Library/PackageCache/com.unity.render-pipelines.universal@8457e85b8184/Runtime/UniversalRenderPipelineRenderGraph.cs:27)
UnityEngine.Rendering.Universal.UniversalRenderPipeline:RenderSingleCamera (UnityEngine.Rendering.ScriptableRenderContext,UnityEngine.Rendering.Universal.UniversalCameraData) (at ./Library/PackageCache/com.unity.render-pipelines.universal@8457e85b8184/Runtime/UniversalRenderPipeline.cs:1062)
UnityEngine.Rendering.Universal.UniversalRenderPipeline:RenderCameraStack (UnityEngine.Rendering.ScriptableRenderContext,UnityEngine.Camera,bool) (at ./Library/PackageCache/com.unity.render-pipelines.universal@8457e85b8184/Runtime/UniversalRenderPipeline.cs:1275)
UnityEngine.Rendering.Universal.UniversalRenderPipeline:Render (UnityEngine.Rendering.ScriptableRenderContext,System.Collections.Generic.List`1<UnityEngine.Camera>) (at ./Library/PackageCache/com.unity.render-pipelines.universal@8457e85b8184/Runtime/UniversalRenderPipeline.cs:629)
UnityEngine.Rendering.RenderPipeline:InternalRender (UnityEngine.Rendering.ScriptableRenderContext,System.Collections.Generic.List`1<UnityEngine.Camera>)
UnityEngine.Rendering.RenderPipelineManager:DoRenderLoop_Internal (UnityEngine.Rendering.RenderPipelineAsset,intptr,object,Unity.Collections.LowLevel.Unsafe.AtomicSafetyHandle)
UnityEditor.EditorGUIUtility:RenderPlayModeViewCamerasInternal (UnityEngine.RenderTexture,int,UnityEngine.Vector2,bool,bool)
UnityEditor.PlayModeView:RenderView (UnityEngine.Vector2,bool)
UnityEditor.GameView:OnGUI ()
UnityEditor.HostView:InvokeOnGUI (UnityEngine.Rect)
UnityEditor.MaximizedHostView:OldOnGUI ()
UnityEngine.UIElements.IMGUIContainer:DoOnGUI (UnityEngine.Event,UnityEngine.Matrix4x4,UnityEngine.Rect,bool,UnityEngine.Rect,System.Action,bool)
UnityEngine.UIElements.IMGUIContainer:HandleIMGUIEvent (UnityEngine.Event,UnityEngine.Matrix4x4,UnityEngine.Rect,System.Action,bool)
UnityEngine.UIElements.IMGUIContainer:DoIMGUIRepaint ()
UnityEngine.UIElements.UIR.RenderChainCommand:ExecuteNonDrawMesh (UnityEngine.UIElements.UIR.DrawParams,single,System.Exception&)
UnityEngine.UIElements.UIR.UIRenderDevice:EvaluateChain (UnityEngine.UIElements.UIR.RenderChainCommand,UnityEngine.Material,UnityEngine.Texture,UnityEngine.UIElements.UIR.ShaderInfoAllocator,System.Nullable`1<UnityEngine.Rect>,UnityEngine.Rect,single,bool,UnityEngine.UIElements.TextureSlotCount,bool,System.Exception&,UnityEngine.UIElements.BaseVisualElementPanel)
UnityEngine.UIElements.UIR.RenderTreeManager:RenderSingleTree (UnityEngine.UIElements.UIR.RenderTree,UnityEngine.RenderTexture,UnityEngine.RectInt,UnityEngine.Rect)
UnityEngine.UIElements.UIR.RenderTreeManager:RenderRootTree ()
UnityEngine.UIElements.UIRRepaintUpdater:Render ()
UnityEngine.UIElements.BaseVisualElementPanel:Render ()
UnityEngine.UIElements.Panel:Render ()
UnityEditor.UIElements.EditorEventDispatchUtility:DoDispatch (UnityEngine.UIElements.BaseVisualElementPanel,UnityEngine.Event)
UnityEditor.UIElements.DefaultWindowBackend:ProcessEvent (UnityEngine.Event)
UnityEditor.GUIView:ProcessEvent (UnityEngine.EntityId,intptr,bool&)

(Filename: ./Library/PackageCache/com.unity.render-pipelines.universal@8457e85b8184/Runtime/Passes/AdditionalLightsShadowCasterPass.cs Line: 460)

Reduced additional punctual light shadows resolution by 8 to make 78 shadow maps fit in the 2048x2048 shadow atlas. To avoid this, increase shadow atlas size, decrease big shadow resolutions, or reduce the number of shadow maps active in the same frame
UnityEngine.Debug:ExtractStackTraceNoAlloc (byte*,int,string)
UnityEngine.StackTraceUtility:ExtractStackTrace ()
UnityEngine.DebugLogHandler:Internal_Log (UnityEngine.LogType,UnityEngine.LogOption,string,UnityEngine.Object)
UnityEngine.DebugLogHandler:LogFormat (UnityEngine.LogType,UnityEngine.Object,string,object[])
UnityEngine.Logger:Log (UnityEngine.LogType,object)
UnityEngine.Debug:Log (object)
UnityEngine.Rendering.Universal.Internal.AdditionalLightsShadowCasterPass:Setup (UnityEngine.Rendering.Universal.UniversalRenderingData,UnityEngine.Rendering.Universal.UniversalCameraData,UnityEngine.Rendering.Universal.UniversalLightData,UnityEngine.Rendering.Universal.UniversalShadowData) (at ./Library/PackageCache/com.unity.render-pipelines.universal@8457e85b8184/Runtime/Passes/AdditionalLightsShadowCasterPass.cs:460)
UnityEngine.Rendering.Universal.UniversalRenderer:OnBeforeRendering (UnityEngine.Rendering.RenderGraphModule.RenderGraph) (at ./Library/PackageCache/com.unity.render-pipelines.universal@8457e85b8184/Runtime/UniversalRendererRenderGraph.cs:808)
UnityEngine.Rendering.Universal.UniversalRenderer:OnRecordRenderGraph (UnityEngine.Rendering.RenderGraphModule.RenderGraph,UnityEngine.Rendering.ScriptableRenderContext) (at ./Library/PackageCache/com.unity.render-pipelines.universal@8457e85b8184/Runtime/UniversalRendererRenderGraph.cs:695)
UnityEngine.Rendering.Universal.ScriptableRenderer:RecordRenderGraph (UnityEngine.Rendering.RenderGraphModule.RenderGraph,UnityEngine.Rendering.ScriptableRenderContext) (at ./Library/PackageCache/com.unity.render-pipelines.universal@8457e85b8184/Runtime/ScriptableRenderer.cs:963)
UnityEngine.Rendering.Universal.UniversalRenderPipeline:RecordAndExecuteRenderGraph (UnityEngine.Rendering.RenderGraphModule.RenderGraph,UnityEngine.Rendering.ScriptableRenderContext,UnityEngine.Rendering.Universal.ScriptableRenderer,UnityEngine.Rendering.CommandBuffer,UnityEngine.Camera) (at ./Library/PackageCache/com.unity.render-pipelines.universal@8457e85b8184/Runtime/UniversalRenderPipelineRenderGraph.cs:27)
UnityEngine.Rendering.Universal.UniversalRenderPipeline:RenderSingleCamera (UnityEngine.Rendering.ScriptableRenderContext,UnityEngine.Rendering.Universal.UniversalCameraData) (at ./Library/PackageCache/com.unity.render-pipelines.universal@8457e85b8184/Runtime/UniversalRenderPipeline.cs:1062)
UnityEngine.Rendering.Universal.UniversalRenderPipeline:RenderCameraStack (UnityEngine.Rendering.ScriptableRenderContext,UnityEngine.Camera,bool) (at ./Library/PackageCache/com.unity.render-pipelines.universal@8457e85b8184/Runtime/UniversalRenderPipeline.cs:1275)
UnityEngine.Rendering.Universal.UniversalRenderPipeline:Render (UnityEngine.Rendering.ScriptableRenderContext,System.Collections.Generic.List`1<UnityEngine.Camera>) (at ./Library/PackageCache/com.unity.render-pipelines.universal@8457e85b8184/Runtime/UniversalRenderPipeline.cs:629)
UnityEngine.Rendering.RenderPipeline:InternalRender (UnityEngine.Rendering.ScriptableRenderContext,System.Collections.Generic.List`1<UnityEngine.Camera>)
UnityEngine.Rendering.RenderPipelineManager:DoRenderLoop_Internal (UnityEngine.Rendering.RenderPipelineAsset,intptr,object,Unity.Collections.LowLevel.Unsafe.AtomicSafetyHandle)
UnityEditor.EditorGUIUtility:RenderPlayModeViewCamerasInternal (UnityEngine.RenderTexture,int,UnityEngine.Vector2,bool,bool)
UnityEditor.PlayModeView:RenderView (UnityEngine.Vector2,bool)
UnityEditor.GameView:OnGUI ()
UnityEditor.HostView:InvokeOnGUI (UnityEngine.Rect)
UnityEditor.MaximizedHostView:OldOnGUI ()
UnityEngine.UIElements.IMGUIContainer:DoOnGUI (UnityEngine.Event,UnityEngine.Matrix4x4,UnityEngine.Rect,bool,UnityEngine.Rect,System.Action,bool)
UnityEngine.UIElements.IMGUIContainer:HandleIMGUIEvent (UnityEngine.Event,UnityEngine.Matrix4x4,UnityEngine.Rect,System.Action,bool)
UnityEngine.UIElements.IMGUIContainer:DoIMGUIRepaint ()
UnityEngine.UIElements.UIR.RenderChainCommand:ExecuteNonDrawMesh (UnityEngine.UIElements.UIR.DrawParams,single,System.Exception&)
UnityEngine.UIElements.UIR.UIRenderDevice:EvaluateChain (UnityEngine.UIElements.UIR.RenderChainCommand,UnityEngine.Material,UnityEngine.Texture,UnityEngine.UIElements.UIR.ShaderInfoAllocator,System.Nullable`1<UnityEngine.Rect>,UnityEngine.Rect,single,bool,UnityEngine.UIElements.TextureSlotCount,bool,System.Exception&,UnityEngine.UIElements.BaseVisualElementPanel)
UnityEngine.UIElements.UIR.RenderTreeManager:RenderSingleTree (UnityEngine.UIElements.UIR.RenderTree,UnityEngine.RenderTexture,UnityEngine.RectInt,UnityEngine.Rect)
UnityEngine.UIElements.UIR.RenderTreeManager:RenderRootTree ()
UnityEngine.UIElements.UIRRepaintUpdater:Render ()
UnityEngine.UIElements.BaseVisualElementPanel:Render ()
UnityEngine.UIElements.Panel:Render ()
UnityEditor.UIElements.EditorEventDispatchUtility:DoDispatch (UnityEngine.UIElements.BaseVisualElementPanel,UnityEngine.Event)
UnityEditor.UIElements.DefaultWindowBackend:ProcessEvent (UnityEngine.Event)
UnityEditor.GUIView:ProcessEvent (UnityEngine.EntityId,intptr,bool&)

(Filename: ./Library/PackageCache/com.unity.render-pipelines.universal@8457e85b8184/Runtime/Passes/AdditionalLightsShadowCasterPass.cs Line: 460)

Reduced additional punctual light shadows resolution by 8 to make 66 shadow maps fit in the 2048x2048 shadow atlas. To avoid this, increase shadow atlas size, decrease big shadow resolutions, or reduce the number of shadow maps active in the same frame
UnityEngine.Debug:ExtractStackTraceNoAlloc (byte*,int,string)
UnityEngine.StackTraceUtility:ExtractStackTrace ()
UnityEngine.DebugLogHandler:Internal_Log (UnityEngine.LogType,UnityEngine.LogOption,string,UnityEngine.Object)
UnityEngine.DebugLogHandler:LogFormat (UnityEngine.LogType,UnityEngine.Object,string,object[])
UnityEngine.Logger:Log (UnityEngine.LogType,object)
UnityEngine.Debug:Log (object)
UnityEngine.Rendering.Universal.Internal.AdditionalLightsShadowCasterPass:Setup (UnityEngine.Rendering.Universal.UniversalRenderingData,UnityEngine.Rendering.Universal.UniversalCameraData,UnityEngine.Rendering.Universal.UniversalLightData,UnityEngine.Rendering.Universal.UniversalShadowData) (at ./Library/PackageCache/com.unity.render-pipelines.universal@8457e85b8184/Runtime/Passes/AdditionalLightsShadowCasterPass.cs:460)
UnityEngine.Rendering.Universal.UniversalRenderer:OnBeforeRendering (UnityEngine.Rendering.RenderGraphModule.RenderGraph) (at ./Library/PackageCache/com.unity.render-pipelines.universal@8457e85b8184/Runtime/UniversalRendererRenderGraph.cs:808)
UnityEngine.Rendering.Universal.UniversalRenderer:OnRecordRenderGraph (UnityEngine.Rendering.RenderGraphModule.RenderGraph,UnityEngine.Rendering.ScriptableRenderContext) (at ./Library/PackageCache/com.unity.render-pipelines.universal@8457e85b8184/Runtime/UniversalRendererRenderGraph.cs:695)
UnityEngine.Rendering.Universal.ScriptableRenderer:RecordRenderGraph (UnityEngine.Rendering.RenderGraphModule.RenderGraph,UnityEngine.Rendering.ScriptableRenderContext) (at ./Library/PackageCache/com.unity.render-pipelines.universal@8457e85b8184/Runtime/ScriptableRenderer.cs:963)
UnityEngine.Rendering.Universal.UniversalRenderPipeline:RecordAndExecuteRenderGraph (UnityEngine.Rendering.RenderGraphModule.RenderGraph,UnityEngine.Rendering.ScriptableRenderContext,UnityEngine.Rendering.Universal.ScriptableRenderer,UnityEngine.Rendering.CommandBuffer,UnityEngine.Camera) (at ./Library/PackageCache/com.unity.render-pipelines.universal@8457e85b8184/Runtime/UniversalRenderPipelineRenderGraph.cs:27)
UnityEngine.Rendering.Universal.UniversalRenderPipeline:RenderSingleCamera (UnityEngine.Rendering.ScriptableRenderContext,UnityEngine.Rendering.Universal.UniversalCameraData) (at ./Library/PackageCache/com.unity.render-pipelines.universal@8457e85b8184/Runtime/UniversalRenderPipeline.cs:1062)
UnityEngine.Rendering.Universal.UniversalRenderPipeline:RenderCameraStack (UnityEngine.Rendering.ScriptableRenderContext,UnityEngine.Camera,bool) (at ./Library/PackageCache/com.unity.render-pipelines.universal@8457e85b8184/Runtime/UniversalRenderPipeline.cs:1275)
UnityEngine.Rendering.Universal.UniversalRenderPipeline:Render (UnityEngine.Rendering.ScriptableRenderContext,System.Collections.Generic.List`1<UnityEngine.Camera>) (at ./Library/PackageCache/com.unity.render-pipelines.universal@8457e85b8184/Runtime/UniversalRenderPipeline.cs:629)
UnityEngine.Rendering.RenderPipeline:InternalRender (UnityEngine.Rendering.ScriptableRenderContext,System.Collections.Generic.List`1<UnityEngine.Camera>)
UnityEngine.Rendering.RenderPipelineManager:DoRenderLoop_Internal (UnityEngine.Rendering.RenderPipelineAsset,intptr,object,Unity.Collections.LowLevel.Unsafe.AtomicSafetyHandle)
UnityEditor.EditorGUIUtility:RenderPlayModeViewCamerasInternal (UnityEngine.RenderTexture,int,UnityEngine.Vector2,bool,bool)
UnityEditor.PlayModeView:RenderView (UnityEngine.Vector2,bool)
UnityEditor.GameView:OnGUI ()
UnityEditor.HostView:InvokeOnGUI (UnityEngine.Rect)
UnityEditor.MaximizedHostView:OldOnGUI ()
UnityEngine.UIElements.IMGUIContainer:DoOnGUI (UnityEngine.Event,UnityEngine.Matrix4x4,UnityEngine.Rect,bool,UnityEngine.Rect,System.Action,bool)
UnityEngine.UIElements.IMGUIContainer:HandleIMGUIEvent (UnityEngine.Event,UnityEngine.Matrix4x4,UnityEngine.Rect,System.Action,bool)
UnityEngine.UIElements.IMGUIContainer:DoIMGUIRepaint ()
UnityEngine.UIElements.UIR.RenderChainCommand:ExecuteNonDrawMesh (UnityEngine.UIElements.UIR.DrawParams,single,System.Exception&)
UnityEngine.UIElements.UIR.UIRenderDevice:EvaluateChain (UnityEngine.UIElements.UIR.RenderChainCommand,UnityEngine.Material,UnityEngine.Texture,UnityEngine.UIElements.UIR.ShaderInfoAllocator,System.Nullable`1<UnityEngine.Rect>,UnityEngine.Rect,single,bool,UnityEngine.UIElements.TextureSlotCount,bool,System.Exception&,UnityEngine.UIElements.BaseVisualElementPanel)
UnityEngine.UIElements.UIR.RenderTreeManager:RenderSingleTree (UnityEngine.UIElements.UIR.RenderTree,UnityEngine.RenderTexture,UnityEngine.RectInt,UnityEngine.Rect)
UnityEngine.UIElements.UIR.RenderTreeManager:RenderRootTree ()
UnityEngine.UIElements.UIRRepaintUpdater:Render ()
UnityEngine.UIElements.BaseVisualElementPanel:Render ()
UnityEngine.UIElements.Panel:Render ()
UnityEditor.UIElements.EditorEventDispatchUtility:DoDispatch (UnityEngine.UIElements.BaseVisualElementPanel,UnityEngine.Event)
UnityEditor.UIElements.DefaultWindowBackend:ProcessEvent (UnityEngine.Event)
UnityEditor.GUIView:ProcessEvent (UnityEngine.EntityId,intptr,bool&)

(Filename: ./Library/PackageCache/com.unity.render-pipelines.universal@8457e85b8184/Runtime/Passes/AdditionalLightsShadowCasterPass.cs Line: 460)

Reduced additional punctual light shadows resolution by 4 to make 60 shadow maps fit in the 2048x2048 shadow atlas. To avoid this, increase shadow atlas size, decrease big shadow resolutions, or reduce the number of shadow maps active in the same frame
UnityEngine.Debug:ExtractStackTraceNoAlloc (byte*,int,string)
UnityEngine.StackTraceUtility:ExtractStackTrace ()
UnityEngine.DebugLogHandler:Internal_Log (UnityEngine.LogType,UnityEngine.LogOption,string,UnityEngine.Object)
UnityEngine.DebugLogHandler:LogFormat (UnityEngine.LogType,UnityEngine.Object,string,object[])
UnityEngine.Logger:Log (UnityEngine.LogType,object)
UnityEngine.Debug:Log (object)
UnityEngine.Rendering.Universal.Internal.AdditionalLightsShadowCasterPass:Setup (UnityEngine.Rendering.Universal.UniversalRenderingData,UnityEngine.Rendering.Universal.UniversalCameraData,UnityEngine.Rendering.Universal.UniversalLightData,UnityEngine.Rendering.Universal.UniversalShadowData) (at ./Library/PackageCache/com.unity.render-pipelines.universal@8457e85b8184/Runtime/Passes/AdditionalLightsShadowCasterPass.cs:460)
UnityEngine.Rendering.Universal.UniversalRenderer:OnBeforeRendering (UnityEngine.Rendering.RenderGraphModule.RenderGraph) (at ./Library/PackageCache/com.unity.render-pipelines.universal@8457e85b8184/Runtime/UniversalRendererRenderGraph.cs:808)
UnityEngine.Rendering.Universal.UniversalRenderer:OnRecordRenderGraph (UnityEngine.Rendering.RenderGraphModule.RenderGraph,UnityEngine.Rendering.ScriptableRenderContext) (at ./Library/PackageCache/com.unity.render-pipelines.universal@8457e85b8184/Runtime/UniversalRendererRenderGraph.cs:695)
UnityEngine.Rendering.Universal.ScriptableRenderer:RecordRenderGraph (UnityEngine.Rendering.RenderGraphModule.RenderGraph,UnityEngine.Rendering.ScriptableRenderContext) (at ./Library/PackageCache/com.unity.render-pipelines.universal@8457e85b8184/Runtime/ScriptableRenderer.cs:963)
UnityEngine.Rendering.Universal.UniversalRenderPipeline:RecordAndExecuteRenderGraph (UnityEngine.Rendering.RenderGraphModule.RenderGraph,UnityEngine.Rendering.ScriptableRenderContext,UnityEngine.Rendering.Universal.ScriptableRenderer,UnityEngine.Rendering.CommandBuffer,UnityEngine.Camera) (at ./Library/PackageCache/com.unity.render-pipelines.universal@8457e85b8184/Runtime/UniversalRenderPipelineRenderGraph.cs:27)
UnityEngine.Rendering.Universal.UniversalRenderPipeline:RenderSingleCamera (UnityEngine.Rendering.ScriptableRenderContext,UnityEngine.Rendering.Universal.UniversalCameraData) (at ./Library/PackageCache/com.unity.render-pipelines.universal@8457e85b8184/Runtime/UniversalRenderPipeline.cs:1062)
UnityEngine.Rendering.Universal.UniversalRenderPipeline:RenderCameraStack (UnityEngine.Rendering.ScriptableRenderContext,UnityEngine.Camera,bool) (at ./Library/PackageCache/com.unity.render-pipelines.universal@8457e85b8184/Runtime/UniversalRenderPipeline.cs:1275)
UnityEngine.Rendering.Universal.UniversalRenderPipeline:Render (UnityEngine.Rendering.ScriptableRenderContext,System.Collections.Generic.List`1<UnityEngine.Camera>) (at ./Library/PackageCache/com.unity.render-pipelines.universal@8457e85b8184/Runtime/UniversalRenderPipeline.cs:629)
UnityEngine.Rendering.RenderPipeline:InternalRender (UnityEngine.Rendering.ScriptableRenderContext,System.Collections.Generic.List`1<UnityEngine.Camera>)
UnityEngine.Rendering.RenderPipelineManager:DoRenderLoop_Internal (UnityEngine.Rendering.RenderPipelineAsset,intptr,object,Unity.Collections.LowLevel.Unsafe.AtomicSafetyHandle)
UnityEditor.EditorGUIUtility:RenderPlayModeViewCamerasInternal (UnityEngine.RenderTexture,int,UnityEngine.Vector2,bool,bool)
UnityEditor.PlayModeView:RenderView (UnityEngine.Vector2,bool)
UnityEditor.GameView:OnGUI ()
UnityEditor.HostView:InvokeOnGUI (UnityEngine.Rect)
UnityEditor.MaximizedHostView:OldOnGUI ()
UnityEngine.UIElements.IMGUIContainer:DoOnGUI (UnityEngine.Event,UnityEngine.Matrix4x4,UnityEngine.Rect,bool,UnityEngine.Rect,System.Action,bool)
UnityEngine.UIElements.IMGUIContainer:HandleIMGUIEvent (UnityEngine.Event,UnityEngine.Matrix4x4,UnityEngine.Rect,System.Action,bool)
UnityEngine.UIElements.IMGUIContainer:DoIMGUIRepaint ()
UnityEngine.UIElements.UIR.RenderChainCommand:ExecuteNonDrawMesh (UnityEngine.UIElements.UIR.DrawParams,single,System.Exception&)
UnityEngine.UIElements.UIR.UIRenderDevice:EvaluateChain (UnityEngine.UIElements.UIR.RenderChainCommand,UnityEngine.Material,UnityEngine.Texture,UnityEngine.UIElements.UIR.ShaderInfoAllocator,System.Nullable`1<UnityEngine.Rect>,UnityEngine.Rect,single,bool,UnityEngine.UIElements.TextureSlotCount,bool,System.Exception&,UnityEngine.UIElements.BaseVisualElementPanel)
UnityEngine.UIElements.UIR.RenderTreeManager:RenderSingleTree (UnityEngine.UIElements.UIR.RenderTree,UnityEngine.RenderTexture,UnityEngine.RectInt,UnityEngine.Rect)
UnityEngine.UIElements.UIR.RenderTreeManager:RenderRootTree ()
UnityEngine.UIElements.UIRRepaintUpdater:Render ()
UnityEngine.UIElements.BaseVisualElementPanel:Render ()
UnityEngine.UIElements.Panel:Render ()
UnityEditor.UIElements.EditorEventDispatchUtility:DoDispatch (UnityEngine.UIElements.BaseVisualElementPanel,UnityEngine.Event)
UnityEditor.UIElements.DefaultWindowBackend:ProcessEvent (UnityEngine.Event)
UnityEditor.GUIView:ProcessEvent (UnityEngine.EntityId,intptr,bool&)

(Filename: ./Library/PackageCache/com.unity.render-pipelines.universal@8457e85b8184/Runtime/Passes/AdditionalLightsShadowCasterPass.cs Line: 460)

TrimDiskCacheJob: Current cache size 0mb
Reduced additional punctual light shadows resolution by 4 to make 54 shadow maps fit in the 2048x2048 shadow atlas. To avoid this, increase shadow atlas size, decrease big shadow resolutions, or reduce the number of shadow maps active in the same frame
UnityEngine.Debug:ExtractStackTraceNoAlloc (byte*,int,string)
UnityEngine.StackTraceUtility:ExtractStackTrace ()
UnityEngine.DebugLogHandler:Internal_Log (UnityEngine.LogType,UnityEngine.LogOption,string,UnityEngine.Object)
UnityEngine.DebugLogHandler:LogFormat (UnityEngine.LogType,UnityEngine.Object,string,object[])
UnityEngine.Logger:Log (UnityEngine.LogType,object)
UnityEngine.Debug:Log (object)
UnityEngine.Rendering.Universal.Internal.AdditionalLightsShadowCasterPass:Setup (UnityEngine.Rendering.Universal.UniversalRenderingData,UnityEngine.Rendering.Universal.UniversalCameraData,UnityEngine.Rendering.Universal.UniversalLightData,UnityEngine.Rendering.Universal.UniversalShadowData) (at ./Library/PackageCache/com.unity.render-pipelines.universal@8457e85b8184/Runtime/Passes/AdditionalLightsShadowCasterPass.cs:460)
UnityEngine.Rendering.Universal.UniversalRenderer:OnBeforeRendering (UnityEngine.Rendering.RenderGraphModule.RenderGraph) (at ./Library/PackageCache/com.unity.render-pipelines.universal@8457e85b8184/Runtime/UniversalRendererRenderGraph.cs:808)
UnityEngine.Rendering.Universal.UniversalRenderer:OnRecordRenderGraph (UnityEngine.Rendering.RenderGraphModule.RenderGraph,UnityEngine.Rendering.ScriptableRenderContext) (at ./Library/PackageCache/com.unity.render-pipelines.universal@8457e85b8184/Runtime/UniversalRendererRenderGraph.cs:695)
UnityEngine.Rendering.Universal.ScriptableRenderer:RecordRenderGraph (UnityEngine.Rendering.RenderGraphModule.RenderGraph,UnityEngine.Rendering.ScriptableRenderContext) (at ./Library/PackageCache/com.unity.render-pipelines.universal@8457e85b8184/Runtime/ScriptableRenderer.cs:963)
UnityEngine.Rendering.Universal.UniversalRenderPipeline:RecordAndExecuteRenderGraph (UnityEngine.Rendering.RenderGraphModule.RenderGraph,UnityEngine.Rendering.ScriptableRenderContext,UnityEngine.Rendering.Universal.ScriptableRenderer,UnityEngine.Rendering.CommandBuffer,UnityEngine.Camera) (at ./Library/PackageCache/com.unity.render-pipelines.universal@8457e85b8184/Runtime/UniversalRenderPipelineRenderGraph.cs:27)
UnityEngine.Rendering.Universal.UniversalRenderPipeline:RenderSingleCamera (UnityEngine.Rendering.ScriptableRenderContext,UnityEngine.Rendering.Universal.UniversalCameraData) (at ./Library/PackageCache/com.unity.render-pipelines.universal@8457e85b8184/Runtime/UniversalRenderPipeline.cs:1062)
UnityEngine.Rendering.Universal.UniversalRenderPipeline:RenderCameraStack (UnityEngine.Rendering.ScriptableRenderContext,UnityEngine.Camera,bool) (at ./Library/PackageCache/com.unity.render-pipelines.universal@8457e85b8184/Runtime/UniversalRenderPipeline.cs:1275)
UnityEngine.Rendering.Universal.UniversalRenderPipeline:Render (UnityEngine.Rendering.ScriptableRenderContext,System.Collections.Generic.List`1<UnityEngine.Camera>) (at ./Library/PackageCache/com.unity.render-pipelines.universal@8457e85b8184/Runtime/UniversalRenderPipeline.cs:629)
UnityEngine.Rendering.RenderPipeline:InternalRender (UnityEngine.Rendering.ScriptableRenderContext,System.Collections.Generic.List`1<UnityEngine.Camera>)
UnityEngine.Rendering.RenderPipelineManager:DoRenderLoop_Internal (UnityEngine.Rendering.RenderPipelineAsset,intptr,object,Unity.Collections.LowLevel.Unsafe.AtomicSafetyHandle)
UnityEditor.EditorGUIUtility:RenderPlayModeViewCamerasInternal (UnityEngine.RenderTexture,int,UnityEngine.Vector2,bool,bool)
UnityEditor.PlayModeView:RenderView (UnityEngine.Vector2,bool)
UnityEditor.GameView:OnGUI ()
UnityEditor.HostView:InvokeOnGUI (UnityEngine.Rect)
UnityEditor.MaximizedHostView:OldOnGUI ()
UnityEngine.UIElements.IMGUIContainer:DoOnGUI (UnityEngine.Event,UnityEngine.Matrix4x4,UnityEngine.Rect,bool,UnityEngine.Rect,System.Action,bool)
UnityEngine.UIElements.IMGUIContainer:HandleIMGUIEvent (UnityEngine.Event,UnityEngine.Matrix4x4,UnityEngine.Rect,System.Action,bool)
UnityEngine.UIElements.IMGUIContainer:DoIMGUIRepaint ()
UnityEngine.UIElements.UIR.RenderChainCommand:ExecuteNonDrawMesh (UnityEngine.UIElements.UIR.DrawParams,single,System.Exception&)
UnityEngine.UIElements.UIR.UIRenderDevice:EvaluateChain (UnityEngine.UIElements.UIR.RenderChainCommand,UnityEngine.Material,UnityEngine.Texture,UnityEngine.UIElements.UIR.ShaderInfoAllocator,System.Nullable`1<UnityEngine.Rect>,UnityEngine.Rect,single,bool,UnityEngine.UIElements.TextureSlotCount,bool,System.Exception&,UnityEngine.UIElements.BaseVisualElementPanel)
UnityEngine.UIElements.UIR.RenderTreeManager:RenderSingleTree (UnityEngine.UIElements.UIR.RenderTree,UnityEngine.RenderTexture,UnityEngine.RectInt,UnityEngine.Rect)
UnityEngine.UIElements.UIR.RenderTreeManager:RenderRootTree ()
UnityEngine.UIElements.UIRRepaintUpdater:Render ()
UnityEngine.UIElements.BaseVisualElementPanel:Render ()
UnityEngine.UIElements.Panel:Render ()
UnityEditor.UIElements.EditorEventDispatchUtility:DoDispatch (UnityEngine.UIElements.BaseVisualElementPanel,UnityEngine.Event)
UnityEditor.UIElements.DefaultWindowBackend:ProcessEvent (UnityEngine.Event)
UnityEditor.GUIView:ProcessEvent (UnityEngine.EntityId,intptr,bool&)

(Filename: ./Library/PackageCache/com.unity.render-pipelines.universal@8457e85b8184/Runtime/Passes/AdditionalLightsShadowCasterPass.cs Line: 460)

Reduced additional punctual light shadows resolution by 4 to make 60 shadow maps fit in the 2048x2048 shadow atlas. To avoid this, increase shadow atlas size, decrease big shadow resolutions, or reduce the number of shadow maps active in the same frame
UnityEngine.Debug:ExtractStackTraceNoAlloc (byte*,int,string)
UnityEngine.StackTraceUtility:ExtractStackTrace ()
UnityEngine.DebugLogHandler:Internal_Log (UnityEngine.LogType,UnityEngine.LogOption,string,UnityEngine.Object)
UnityEngine.DebugLogHandler:LogFormat (UnityEngine.LogType,UnityEngine.Object,string,object[])
UnityEngine.Logger:Log (UnityEngine.LogType,object)
UnityEngine.Debug:Log (object)
UnityEngine.Rendering.Universal.Internal.AdditionalLightsShadowCasterPass:Setup (UnityEngine.Rendering.Universal.UniversalRenderingData,UnityEngine.Rendering.Universal.UniversalCameraData,UnityEngine.Rendering.Universal.UniversalLightData,UnityEngine.Rendering.Universal.UniversalShadowData) (at ./Library/PackageCache/com.unity.render-pipelines.universal@8457e85b8184/Runtime/Passes/AdditionalLightsShadowCasterPass.cs:460)
UnityEngine.Rendering.Universal.UniversalRenderer:OnBeforeRendering (UnityEngine.Rendering.RenderGraphModule.RenderGraph) (at ./Library/PackageCache/com.unity.render-pipelines.universal@8457e85b8184/Runtime/UniversalRendererRenderGraph.cs:808)
UnityEngine.Rendering.Universal.UniversalRenderer:OnRecordRenderGraph (UnityEngine.Rendering.RenderGraphModule.RenderGraph,UnityEngine.Rendering.ScriptableRenderContext) (at ./Library/PackageCache/com.unity.render-pipelines.universal@8457e85b8184/Runtime/UniversalRendererRenderGraph.cs:695)
UnityEngine.Rendering.Universal.ScriptableRenderer:RecordRenderGraph (UnityEngine.Rendering.RenderGraphModule.RenderGraph,UnityEngine.Rendering.ScriptableRenderContext) (at ./Library/PackageCache/com.unity.render-pipelines.universal@8457e85b8184/Runtime/ScriptableRenderer.cs:963)
UnityEngine.Rendering.Universal.UniversalRenderPipeline:RecordAndExecuteRenderGraph (UnityEngine.Rendering.RenderGraphModule.RenderGraph,UnityEngine.Rendering.ScriptableRenderContext,UnityEngine.Rendering.Universal.ScriptableRenderer,UnityEngine.Rendering.CommandBuffer,UnityEngine.Camera) (at ./Library/PackageCache/com.unity.render-pipelines.universal@8457e85b8184/Runtime/UniversalRenderPipelineRenderGraph.cs:27)
UnityEngine.Rendering.Universal.UniversalRenderPipeline:RenderSingleCamera (UnityEngine.Rendering.ScriptableRenderContext,UnityEngine.Rendering.Universal.UniversalCameraData) (at ./Library/PackageCache/com.unity.render-pipelines.universal@8457e85b8184/Runtime/UniversalRenderPipeline.cs:1062)
UnityEngine.Rendering.Universal.UniversalRenderPipeline:RenderCameraStack (UnityEngine.Rendering.ScriptableRenderContext,UnityEngine.Camera,bool) (at ./Library/PackageCache/com.unity.render-pipelines.universal@8457e85b8184/Runtime/UniversalRenderPipeline.cs:1275)
UnityEngine.Rendering.Universal.UniversalRenderPipeline:Render (UnityEngine.Rendering.ScriptableRenderContext,System.Collections.Generic.List`1<UnityEngine.Camera>) (at ./Library/PackageCache/com.unity.render-pipelines.universal@8457e85b8184/Runtime/UniversalRenderPipeline.cs:629)
UnityEngine.Rendering.RenderPipeline:InternalRender (UnityEngine.Rendering.ScriptableRenderContext,System.Collections.Generic.List`1<UnityEngine.Camera>)
UnityEngine.Rendering.RenderPipelineManager:DoRenderLoop_Internal (UnityEngine.Rendering.RenderPipelineAsset,intptr,object,Unity.Collections.LowLevel.Unsafe.AtomicSafetyHandle)
UnityEditor.EditorGUIUtility:RenderPlayModeViewCamerasInternal (UnityEngine.RenderTexture,int,UnityEngine.Vector2,bool,bool)
UnityEditor.PlayModeView:RenderView (UnityEngine.Vector2,bool)
UnityEditor.GameView:OnGUI ()
UnityEditor.HostView:InvokeOnGUI (UnityEngine.Rect)
UnityEditor.MaximizedHostView:OldOnGUI ()
UnityEngine.UIElements.IMGUIContainer:DoOnGUI (UnityEngine.Event,UnityEngine.Matrix4x4,UnityEngine.Rect,bool,UnityEngine.Rect,System.Action,bool)
UnityEngine.UIElements.IMGUIContainer:HandleIMGUIEvent (UnityEngine.Event,UnityEngine.Matrix4x4,UnityEngine.Rect,System.Action,bool)
UnityEngine.UIElements.IMGUIContainer:DoIMGUIRepaint ()
UnityEngine.UIElements.UIR.RenderChainCommand:ExecuteNonDrawMesh (UnityEngine.UIElements.UIR.DrawParams,single,System.Exception&)
UnityEngine.UIElements.UIR.UIRenderDevice:EvaluateChain (UnityEngine.UIElements.UIR.RenderChainCommand,UnityEngine.Material,UnityEngine.Texture,UnityEngine.UIElements.UIR.ShaderInfoAllocator,System.Nullable`1<UnityEngine.Rect>,UnityEngine.Rect,single,bool,UnityEngine.UIElements.TextureSlotCount,bool,System.Exception&,UnityEngine.UIElements.BaseVisualElementPanel)
UnityEngine.UIElements.UIR.RenderTreeManager:RenderSingleTree (UnityEngine.UIElements.UIR.RenderTree,UnityEngine.RenderTexture,UnityEngine.RectInt,UnityEngine.Rect)
UnityEngine.UIElements.UIR.RenderTreeManager:RenderRootTree ()
UnityEngine.UIElements.UIRRepaintUpdater:Render ()
UnityEngine.UIElements.BaseVisualElementPanel:Render ()
UnityEngine.UIElements.Panel:Render ()
UnityEditor.UIElements.EditorEventDispatchUtility:DoDispatch (UnityEngine.UIElements.BaseVisualElementPanel,UnityEngine.Event)
UnityEditor.UIElements.DefaultWindowBackend:ProcessEvent (UnityEngine.Event)
UnityEditor.GUIView:ProcessEvent (UnityEngine.EntityId,intptr,bool&)

(Filename: ./Library/PackageCache/com.unity.render-pipelines.universal@8457e85b8184/Runtime/Passes/AdditionalLightsShadowCasterPass.cs Line: 460)

Reduced additional punctual light shadows resolution by 8 to make 66 shadow maps fit in the 2048x2048 shadow atlas. To avoid this, increase shadow atlas size, decrease big shadow resolutions, or reduce the number of shadow maps active in the same frame
UnityEngine.Debug:ExtractStackTraceNoAlloc (byte*,int,string)
UnityEngine.StackTraceUtility:ExtractStackTrace ()
UnityEngine.DebugLogHandler:Internal_Log (UnityEngine.LogType,UnityEngine.LogOption,string,UnityEngine.Object)
UnityEngine.DebugLogHandler:LogFormat (UnityEngine.LogType,UnityEngine.Object,string,object[])
UnityEngine.Logger:Log (UnityEngine.LogType,object)
UnityEngine.Debug:Log (object)
UnityEngine.Rendering.Universal.Internal.AdditionalLightsShadowCasterPass:Setup (UnityEngine.Rendering.Universal.UniversalRenderingData,UnityEngine.Rendering.Universal.UniversalCameraData,UnityEngine.Rendering.Universal.UniversalLightData,UnityEngine.Rendering.Universal.UniversalShadowData) (at ./Library/PackageCache/com.unity.render-pipelines.universal@8457e85b8184/Runtime/Passes/AdditionalLightsShadowCasterPass.cs:460)
UnityEngine.Rendering.Universal.UniversalRenderer:OnBeforeRendering (UnityEngine.Rendering.RenderGraphModule.RenderGraph) (at ./Library/PackageCache/com.unity.render-pipelines.universal@8457e85b8184/Runtime/UniversalRendererRenderGraph.cs:808)
UnityEngine.Rendering.Universal.UniversalRenderer:OnRecordRenderGraph (UnityEngine.Rendering.RenderGraphModule.RenderGraph,UnityEngine.Rendering.ScriptableRenderContext) (at ./Library/PackageCache/com.unity.render-pipelines.universal@8457e85b8184/Runtime/UniversalRendererRenderGraph.cs:695)
UnityEngine.Rendering.Universal.ScriptableRenderer:RecordRenderGraph (UnityEngine.Rendering.RenderGraphModule.RenderGraph,UnityEngine.Rendering.ScriptableRenderContext) (at ./Library/PackageCache/com.unity.render-pipelines.universal@8457e85b8184/Runtime/ScriptableRenderer.cs:963)
UnityEngine.Rendering.Universal.UniversalRenderPipeline:RecordAndExecuteRenderGraph (UnityEngine.Rendering.RenderGraphModule.RenderGraph,UnityEngine.Rendering.ScriptableRenderContext,UnityEngine.Rendering.Universal.ScriptableRenderer,UnityEngine.Rendering.CommandBuffer,UnityEngine.Camera) (at ./Library/PackageCache/com.unity.render-pipelines.universal@8457e85b8184/Runtime/UniversalRenderPipelineRenderGraph.cs:27)
UnityEngine.Rendering.Universal.UniversalRenderPipeline:RenderSingleCamera (UnityEngine.Rendering.ScriptableRenderContext,UnityEngine.Rendering.Universal.UniversalCameraData) (at ./Library/PackageCache/com.unity.render-pipelines.universal@8457e85b8184/Runtime/UniversalRenderPipeline.cs:1062)
UnityEngine.Rendering.Universal.UniversalRenderPipeline:RenderCameraStack (UnityEngine.Rendering.ScriptableRenderContext,UnityEngine.Camera,bool) (at ./Library/PackageCache/com.unity.render-pipelines.universal@8457e85b8184/Runtime/UniversalRenderPipeline.cs:1275)
UnityEngine.Rendering.Universal.UniversalRenderPipeline:Render (UnityEngine.Rendering.ScriptableRenderContext,System.Collections.Generic.List`1<UnityEngine.Camera>) (at ./Library/PackageCache/com.unity.render-pipelines.universal@8457e85b8184/Runtime/UniversalRenderPipeline.cs:629)
UnityEngine.Rendering.RenderPipeline:InternalRender (UnityEngine.Rendering.ScriptableRenderContext,System.Collections.Generic.List`1<UnityEngine.Camera>)
UnityEngine.Rendering.RenderPipelineManager:DoRenderLoop_Internal (UnityEngine.Rendering.RenderPipelineAsset,intptr,object,Unity.Collections.LowLevel.Unsafe.AtomicSafetyHandle)
UnityEditor.EditorGUIUtility:RenderPlayModeViewCamerasInternal (UnityEngine.RenderTexture,int,UnityEngine.Vector2,bool,bool)
UnityEditor.PlayModeView:RenderView (UnityEngine.Vector2,bool)
UnityEditor.GameView:OnGUI ()
UnityEditor.HostView:InvokeOnGUI (UnityEngine.Rect)
UnityEditor.MaximizedHostView:OldOnGUI ()
UnityEngine.UIElements.IMGUIContainer:DoOnGUI (UnityEngine.Event,UnityEngine.Matrix4x4,UnityEngine.Rect,bool,UnityEngine.Rect,System.Action,bool)
UnityEngine.UIElements.IMGUIContainer:HandleIMGUIEvent (UnityEngine.Event,UnityEngine.Matrix4x4,UnityEngine.Rect,System.Action,bool)
UnityEngine.UIElements.IMGUIContainer:DoIMGUIRepaint ()
UnityEngine.UIElements.UIR.RenderChainCommand:ExecuteNonDrawMesh (UnityEngine.UIElements.UIR.DrawParams,single,System.Exception&)
UnityEngine.UIElements.UIR.UIRenderDevice:EvaluateChain (UnityEngine.UIElements.UIR.RenderChainCommand,UnityEngine.Material,UnityEngine.Texture,UnityEngine.UIElements.UIR.ShaderInfoAllocator,System.Nullable`1<UnityEngine.Rect>,UnityEngine.Rect,single,bool,UnityEngine.UIElements.TextureSlotCount,bool,System.Exception&,UnityEngine.UIElements.BaseVisualElementPanel)
UnityEngine.UIElements.UIR.RenderTreeManager:RenderSingleTree (UnityEngine.UIElements.UIR.RenderTree,UnityEngine.RenderTexture,UnityEngine.RectInt,UnityEngine.Rect)
UnityEngine.UIElements.UIR.RenderTreeManager:RenderRootTree ()
UnityEngine.UIElements.UIRRepaintUpdater:Render ()
UnityEngine.UIElements.BaseVisualElementPanel:Render ()
UnityEngine.UIElements.Panel:Render ()
UnityEditor.UIElements.EditorEventDispatchUtility:DoDispatch (UnityEngine.UIElements.BaseVisualElementPanel,UnityEngine.Event)
UnityEditor.UIElements.DefaultWindowBackend:ProcessEvent (UnityEngine.Event)
UnityEditor.GUIView:ProcessEvent (UnityEngine.EntityId,intptr,bool&)

(Filename: ./Library/PackageCache/com.unity.render-pipelines.universal@8457e85b8184/Runtime/Passes/AdditionalLightsShadowCasterPass.cs Line: 460)

Reduced additional punctual light shadows resolution by 4 to make 60 shadow maps fit in the 2048x2048 shadow atlas. To avoid this, increase shadow atlas size, decrease big shadow resolutions, or reduce the number of shadow maps active in the same frame
UnityEngine.Debug:ExtractStackTraceNoAlloc (byte*,int,string)
UnityEngine.StackTraceUtility:ExtractStackTrace ()
UnityEngine.DebugLogHandler:Internal_Log (UnityEngine.LogType,UnityEngine.LogOption,string,UnityEngine.Object)
UnityEngine.DebugLogHandler:LogFormat (UnityEngine.LogType,UnityEngine.Object,string,object[])
UnityEngine.Logger:Log (UnityEngine.LogType,object)
UnityEngine.Debug:Log (object)
UnityEngine.Rendering.Universal.Internal.AdditionalLightsShadowCasterPass:Setup (UnityEngine.Rendering.Universal.UniversalRenderingData,UnityEngine.Rendering.Universal.UniversalCameraData,UnityEngine.Rendering.Universal.UniversalLightData,UnityEngine.Rendering.Universal.UniversalShadowData) (at ./Library/PackageCache/com.unity.render-pipelines.universal@8457e85b8184/Runtime/Passes/AdditionalLightsShadowCasterPass.cs:460)
UnityEngine.Rendering.Universal.UniversalRenderer:OnBeforeRendering (UnityEngine.Rendering.RenderGraphModule.RenderGraph) (at ./Library/PackageCache/com.unity.render-pipelines.universal@8457e85b8184/Runtime/UniversalRendererRenderGraph.cs:808)
UnityEngine.Rendering.Universal.UniversalRenderer:OnRecordRenderGraph (UnityEngine.Rendering.RenderGraphModule.RenderGraph,UnityEngine.Rendering.ScriptableRenderContext) (at ./Library/PackageCache/com.unity.render-pipelines.universal@8457e85b8184/Runtime/UniversalRendererRenderGraph.cs:695)
UnityEngine.Rendering.Universal.ScriptableRenderer:RecordRenderGraph (UnityEngine.Rendering.RenderGraphModule.RenderGraph,UnityEngine.Rendering.ScriptableRenderContext) (at ./Library/PackageCache/com.unity.render-pipelines.universal@8457e85b8184/Runtime/ScriptableRenderer.cs:963)
UnityEngine.Rendering.Universal.UniversalRenderPipeline:RecordAndExecuteRenderGraph (UnityEngine.Rendering.RenderGraphModule.RenderGraph,UnityEngine.Rendering.ScriptableRenderContext,UnityEngine.Rendering.Universal.ScriptableRenderer,UnityEngine.Rendering.CommandBuffer,UnityEngine.Camera) (at ./Library/PackageCache/com.unity.render-pipelines.universal@8457e85b8184/Runtime/UniversalRenderPipelineRenderGraph.cs:27)
UnityEngine.Rendering.Universal.UniversalRenderPipeline:RenderSingleCamera (UnityEngine.Rendering.ScriptableRenderContext,UnityEngine.Rendering.Universal.UniversalCameraData) (at ./Library/PackageCache/com.unity.render-pipelines.universal@8457e85b8184/Runtime/UniversalRenderPipeline.cs:1062)
UnityEngine.Rendering.Universal.UniversalRenderPipeline:RenderCameraStack (UnityEngine.Rendering.ScriptableRenderContext,UnityEngine.Camera,bool) (at ./Library/PackageCache/com.unity.render-pipelines.universal@8457e85b8184/Runtime/UniversalRenderPipeline.cs:1275)
UnityEngine.Rendering.Universal.UniversalRenderPipeline:Render (UnityEngine.Rendering.ScriptableRenderContext,System.Collections.Generic.List`1<UnityEngine.Camera>) (at ./Library/PackageCache/com.unity.render-pipelines.universal@8457e85b8184/Runtime/UniversalRenderPipeline.cs:629)
UnityEngine.Rendering.RenderPipeline:InternalRender (UnityEngine.Rendering.ScriptableRenderContext,System.Collections.Generic.List`1<UnityEngine.Camera>)
UnityEngine.Rendering.RenderPipelineManager:DoRenderLoop_Internal (UnityEngine.Rendering.RenderPipelineAsset,intptr,object,Unity.Collections.LowLevel.Unsafe.AtomicSafetyHandle)
UnityEditor.EditorGUIUtility:RenderPlayModeViewCamerasInternal (UnityEngine.RenderTexture,int,UnityEngine.Vector2,bool,bool)
UnityEditor.PlayModeView:RenderView (UnityEngine.Vector2,bool)
UnityEditor.GameView:OnGUI ()
UnityEditor.HostView:InvokeOnGUI (UnityEngine.Rect)
UnityEditor.MaximizedHostView:OldOnGUI ()
UnityEngine.UIElements.IMGUIContainer:DoOnGUI (UnityEngine.Event,UnityEngine.Matrix4x4,UnityEngine.Rect,bool,UnityEngine.Rect,System.Action,bool)
UnityEngine.UIElements.IMGUIContainer:HandleIMGUIEvent (UnityEngine.Event,UnityEngine.Matrix4x4,UnityEngine.Rect,System.Action,bool)
UnityEngine.UIElements.IMGUIContainer:DoIMGUIRepaint ()
UnityEngine.UIElements.UIR.RenderChainCommand:ExecuteNonDrawMesh (UnityEngine.UIElements.UIR.DrawParams,single,System.Exception&)
UnityEngine.UIElements.UIR.UIRenderDevice:EvaluateChain (UnityEngine.UIElements.UIR.RenderChainCommand,UnityEngine.Material,UnityEngine.Texture,UnityEngine.UIElements.UIR.ShaderInfoAllocator,System.Nullable`1<UnityEngine.Rect>,UnityEngine.Rect,single,bool,UnityEngine.UIElements.TextureSlotCount,bool,System.Exception&,UnityEngine.UIElements.BaseVisualElementPanel)
UnityEngine.UIElements.UIR.RenderTreeManager:RenderSingleTree (UnityEngine.UIElements.UIR.RenderTree,UnityEngine.RenderTexture,UnityEngine.RectInt,UnityEngine.Rect)
UnityEngine.UIElements.UIR.RenderTreeManager:RenderRootTree ()
UnityEngine.UIElements.UIRRepaintUpdater:Render ()
UnityEngine.UIElements.BaseVisualElementPanel:Render ()
UnityEngine.UIElements.Panel:Render ()
UnityEditor.UIElements.EditorEventDispatchUtility:DoDispatch (UnityEngine.UIElements.BaseVisualElementPanel,UnityEngine.Event)
UnityEditor.UIElements.DefaultWindowBackend:ProcessEvent (UnityEngine.Event)
UnityEditor.GUIView:ProcessEvent (UnityEngine.EntityId,intptr,bool&)

(Filename: ./Library/PackageCache/com.unity.render-pipelines.universal@8457e85b8184/Runtime/Passes/AdditionalLightsShadowCasterPass.cs Line: 460)

Reduced additional punctual light shadows resolution by 4 to make 54 shadow maps fit in the 2048x2048 shadow atlas. To avoid this, increase shadow atlas size, decrease big shadow resolutions, or reduce the number of shadow maps active in the same frame
UnityEngine.Debug:ExtractStackTraceNoAlloc (byte*,int,string)
UnityEngine.StackTraceUtility:ExtractStackTrace ()
UnityEngine.DebugLogHandler:Internal_Log (UnityEngine.LogType,UnityEngine.LogOption,string,UnityEngine.Object)
UnityEngine.DebugLogHandler:LogFormat (UnityEngine.LogType,UnityEngine.Object,string,object[])
UnityEngine.Logger:Log (UnityEngine.LogType,object)
UnityEngine.Debug:Log (object)
UnityEngine.Rendering.Universal.Internal.AdditionalLightsShadowCasterPass:Setup (UnityEngine.Rendering.Universal.UniversalRenderingData,UnityEngine.Rendering.Universal.UniversalCameraData,UnityEngine.Rendering.Universal.UniversalLightData,UnityEngine.Rendering.Universal.UniversalShadowData) (at ./Library/PackageCache/com.unity.render-pipelines.universal@8457e85b8184/Runtime/Passes/AdditionalLightsShadowCasterPass.cs:460)
UnityEngine.Rendering.Universal.UniversalRenderer:OnBeforeRendering (UnityEngine.Rendering.RenderGraphModule.RenderGraph) (at ./Library/PackageCache/com.unity.render-pipelines.universal@8457e85b8184/Runtime/UniversalRendererRenderGraph.cs:808)
UnityEngine.Rendering.Universal.UniversalRenderer:OnRecordRenderGraph (UnityEngine.Rendering.RenderGraphModule.RenderGraph,UnityEngine.Rendering.ScriptableRenderContext) (at ./Library/PackageCache/com.unity.render-pipelines.universal@8457e85b8184/Runtime/UniversalRendererRenderGraph.cs:695)
UnityEngine.Rendering.Universal.ScriptableRenderer:RecordRenderGraph (UnityEngine.Rendering.RenderGraphModule.RenderGraph,UnityEngine.Rendering.ScriptableRenderContext) (at ./Library/PackageCache/com.unity.render-pipelines.universal@8457e85b8184/Runtime/ScriptableRenderer.cs:963)
UnityEngine.Rendering.Universal.UniversalRenderPipeline:RecordAndExecuteRenderGraph (UnityEngine.Rendering.RenderGraphModule.RenderGraph,UnityEngine.Rendering.ScriptableRenderContext,UnityEngine.Rendering.Universal.ScriptableRenderer,UnityEngine.Rendering.CommandBuffer,UnityEngine.Camera) (at ./Library/PackageCache/com.unity.render-pipelines.universal@8457e85b8184/Runtime/UniversalRenderPipelineRenderGraph.cs:27)
UnityEngine.Rendering.Universal.UniversalRenderPipeline:RenderSingleCamera (UnityEngine.Rendering.ScriptableRenderContext,UnityEngine.Rendering.Universal.UniversalCameraData) (at ./Library/PackageCache/com.unity.render-pipelines.universal@8457e85b8184/Runtime/UniversalRenderPipeline.cs:1062)
UnityEngine.Rendering.Universal.UniversalRenderPipeline:RenderCameraStack (UnityEngine.Rendering.ScriptableRenderContext,UnityEngine.Camera,bool) (at ./Library/PackageCache/com.unity.render-pipelines.universal@8457e85b8184/Runtime/UniversalRenderPipeline.cs:1275)
UnityEngine.Rendering.Universal.UniversalRenderPipeline:Render (UnityEngine.Rendering.ScriptableRenderContext,System.Collections.Generic.List`1<UnityEngine.Camera>) (at ./Library/PackageCache/com.unity.render-pipelines.universal@8457e85b8184/Runtime/UniversalRenderPipeline.cs:629)
UnityEngine.Rendering.RenderPipeline:InternalRender (UnityEngine.Rendering.ScriptableRenderContext,System.Collections.Generic.List`1<UnityEngine.Camera>)
UnityEngine.Rendering.RenderPipelineManager:DoRenderLoop_Internal (UnityEngine.Rendering.RenderPipelineAsset,intptr,object,Unity.Collections.LowLevel.Unsafe.AtomicSafetyHandle)
UnityEditor.EditorGUIUtility:RenderPlayModeViewCamerasInternal (UnityEngine.RenderTexture,int,UnityEngine.Vector2,bool,bool)
UnityEditor.PlayModeView:RenderView (UnityEngine.Vector2,bool)
UnityEditor.GameView:OnGUI ()
UnityEditor.HostView:InvokeOnGUI (UnityEngine.Rect)
UnityEditor.MaximizedHostView:OldOnGUI ()
UnityEngine.UIElements.IMGUIContainer:DoOnGUI (UnityEngine.Event,UnityEngine.Matrix4x4,UnityEngine.Rect,bool,UnityEngine.Rect,System.Action,bool)
UnityEngine.UIElements.IMGUIContainer:HandleIMGUIEvent (UnityEngine.Event,UnityEngine.Matrix4x4,UnityEngine.Rect,System.Action,bool)
UnityEngine.UIElements.IMGUIContainer:DoIMGUIRepaint ()
UnityEngine.UIElements.UIR.RenderChainCommand:ExecuteNonDrawMesh (UnityEngine.UIElements.UIR.DrawParams,single,System.Exception&)
UnityEngine.UIElements.UIR.UIRenderDevice:EvaluateChain (UnityEngine.UIElements.UIR.RenderChainCommand,UnityEngine.Material,UnityEngine.Texture,UnityEngine.UIElements.UIR.ShaderInfoAllocator,System.Nullable`1<UnityEngine.Rect>,UnityEngine.Rect,single,bool,UnityEngine.UIElements.TextureSlotCount,bool,System.Exception&,UnityEngine.UIElements.BaseVisualElementPanel)
UnityEngine.UIElements.UIR.RenderTreeManager:RenderSingleTree (UnityEngine.UIElements.UIR.RenderTree,UnityEngine.RenderTexture,UnityEngine.RectInt,UnityEngine.Rect)
UnityEngine.UIElements.UIR.RenderTreeManager:RenderRootTree ()
UnityEngine.UIElements.UIRRepaintUpdater:Render ()
UnityEngine.UIElements.BaseVisualElementPanel:Render ()
UnityEngine.UIElements.Panel:Render ()
UnityEditor.UIElements.EditorEventDispatchUtility:DoDispatch (UnityEngine.UIElements.BaseVisualElementPanel,UnityEngine.Event)
UnityEditor.UIElements.DefaultWindowBackend:ProcessEvent (UnityEngine.Event)
UnityEditor.GUIView:ProcessEvent (UnityEngine.EntityId,intptr,bool&)

(Filename: ./Library/PackageCache/com.unity.render-pipelines.universal@8457e85b8184/Runtime/Passes/AdditionalLightsShadowCasterPass.cs Line: 460)

Reduced additional punctual light shadows resolution by 4 to make 60 shadow maps fit in the 2048x2048 shadow atlas. To avoid this, increase shadow atlas size, decrease big shadow resolutions, or reduce the number of shadow maps active in the same frame
UnityEngine.Debug:ExtractStackTraceNoAlloc (byte*,int,string)
UnityEngine.StackTraceUtility:ExtractStackTrace ()
UnityEngine.DebugLogHandler:Internal_Log (UnityEngine.LogType,UnityEngine.LogOption,string,UnityEngine.Object)
UnityEngine.DebugLogHandler:LogFormat (UnityEngine.LogType,UnityEngine.Object,string,object[])
UnityEngine.Logger:Log (UnityEngine.LogType,object)
UnityEngine.Debug:Log (object)
UnityEngine.Rendering.Universal.Internal.AdditionalLightsShadowCasterPass:Setup (UnityEngine.Rendering.Universal.UniversalRenderingData,UnityEngine.Rendering.Universal.UniversalCameraData,UnityEngine.Rendering.Universal.UniversalLightData,UnityEngine.Rendering.Universal.UniversalShadowData) (at ./Library/PackageCache/com.unity.render-pipelines.universal@8457e85b8184/Runtime/Passes/AdditionalLightsShadowCasterPass.cs:460)
UnityEngine.Rendering.Universal.UniversalRenderer:OnBeforeRendering (UnityEngine.Rendering.RenderGraphModule.RenderGraph) (at ./Library/PackageCache/com.unity.render-pipelines.universal@8457e85b8184/Runtime/UniversalRendererRenderGraph.cs:808)
UnityEngine.Rendering.Universal.UniversalRenderer:OnRecordRenderGraph (UnityEngine.Rendering.RenderGraphModule.RenderGraph,UnityEngine.Rendering.ScriptableRenderContext) (at ./Library/PackageCache/com.unity.render-pipelines.universal@8457e85b8184/Runtime/UniversalRendererRenderGraph.cs:695)
UnityEngine.Rendering.Universal.ScriptableRenderer:RecordRenderGraph (UnityEngine.Rendering.RenderGraphModule.RenderGraph,UnityEngine.Rendering.ScriptableRenderContext) (at ./Library/PackageCache/com.unity.render-pipelines.universal@8457e85b8184/Runtime/ScriptableRenderer.cs:963)
UnityEngine.Rendering.Universal.UniversalRenderPipeline:RecordAndExecuteRenderGraph (UnityEngine.Rendering.RenderGraphModule.RenderGraph,UnityEngine.Rendering.ScriptableRenderContext,UnityEngine.Rendering.Universal.ScriptableRenderer,UnityEngine.Rendering.CommandBuffer,UnityEngine.Camera) (at ./Library/PackageCache/com.unity.render-pipelines.universal@8457e85b8184/Runtime/UniversalRenderPipelineRenderGraph.cs:27)
UnityEngine.Rendering.Universal.UniversalRenderPipeline:RenderSingleCamera (UnityEngine.Rendering.ScriptableRenderContext,UnityEngine.Rendering.Universal.UniversalCameraData) (at ./Library/PackageCache/com.unity.render-pipelines.universal@8457e85b8184/Runtime/UniversalRenderPipeline.cs:1062)
UnityEngine.Rendering.Universal.UniversalRenderPipeline:RenderCameraStack (UnityEngine.Rendering.ScriptableRenderContext,UnityEngine.Camera,bool) (at ./Library/PackageCache/com.unity.render-pipelines.universal@8457e85b8184/Runtime/UniversalRenderPipeline.cs:1275)
UnityEngine.Rendering.Universal.UniversalRenderPipeline:Render (UnityEngine.Rendering.ScriptableRenderContext,System.Collections.Generic.List`1<UnityEngine.Camera>) (at ./Library/PackageCache/com.unity.render-pipelines.universal@8457e85b8184/Runtime/UniversalRenderPipeline.cs:629)
UnityEngine.Rendering.RenderPipeline:InternalRender (UnityEngine.Rendering.ScriptableRenderContext,System.Collections.Generic.List`1<UnityEngine.Camera>)
UnityEngine.Rendering.RenderPipelineManager:DoRenderLoop_Internal (UnityEngine.Rendering.RenderPipelineAsset,intptr,object,Unity.Collections.LowLevel.Unsafe.AtomicSafetyHandle)
UnityEditor.EditorGUIUtility:RenderPlayModeViewCamerasInternal (UnityEngine.RenderTexture,int,UnityEngine.Vector2,bool,bool)
UnityEditor.PlayModeView:RenderView (UnityEngine.Vector2,bool)
UnityEditor.GameView:OnGUI ()
UnityEditor.HostView:InvokeOnGUI (UnityEngine.Rect)
UnityEditor.MaximizedHostView:OldOnGUI ()
UnityEngine.UIElements.IMGUIContainer:DoOnGUI (UnityEngine.Event,UnityEngine.Matrix4x4,UnityEngine.Rect,bool,UnityEngine.Rect,System.Action,bool)
UnityEngine.UIElements.IMGUIContainer:HandleIMGUIEvent (UnityEngine.Event,UnityEngine.Matrix4x4,UnityEngine.Rect,System.Action,bool)
UnityEngine.UIElements.IMGUIContainer:DoIMGUIRepaint ()
UnityEngine.UIElements.UIR.RenderChainCommand:ExecuteNonDrawMesh (UnityEngine.UIElements.UIR.DrawParams,single,System.Exception&)
UnityEngine.UIElements.UIR.UIRenderDevice:EvaluateChain (UnityEngine.UIElements.UIR.RenderChainCommand,UnityEngine.Material,UnityEngine.Texture,UnityEngine.UIElements.UIR.ShaderInfoAllocator,System.Nullable`1<UnityEngine.Rect>,UnityEngine.Rect,single,bool,UnityEngine.UIElements.TextureSlotCount,bool,System.Exception&,UnityEngine.UIElements.BaseVisualElementPanel)
UnityEngine.UIElements.UIR.RenderTreeManager:RenderSingleTree (UnityEngine.UIElements.UIR.RenderTree,UnityEngine.RenderTexture,UnityEngine.RectInt,UnityEngine.Rect)
UnityEngine.UIElements.UIR.RenderTreeManager:RenderRootTree ()
UnityEngine.UIElements.UIRRepaintUpdater:Render ()
UnityEngine.UIElements.BaseVisualElementPanel:Render ()
UnityEngine.UIElements.Panel:Render ()
UnityEditor.UIElements.EditorEventDispatchUtility:DoDispatch (UnityEngine.UIElements.BaseVisualElementPanel,UnityEngine.Event)
UnityEditor.UIElements.DefaultWindowBackend:ProcessEvent (UnityEngine.Event)
UnityEditor.GUIView:ProcessEvent (UnityEngine.EntityId,intptr,bool&)

(Filename: ./Library/PackageCache/com.unity.render-pipelines.universal@8457e85b8184/Runtime/Passes/AdditionalLightsShadowCasterPass.cs Line: 460)

Reduced additional punctual light shadows resolution by 4 to make 54 shadow maps fit in the 2048x2048 shadow atlas. To avoid this, increase shadow atlas size, decrease big shadow resolutions, or reduce the number of shadow maps active in the same frame
UnityEngine.Debug:ExtractStackTraceNoAlloc (byte*,int,string)
UnityEngine.StackTraceUtility:ExtractStackTrace ()
UnityEngine.DebugLogHandler:Internal_Log (UnityEngine.LogType,UnityEngine.LogOption,string,UnityEngine.Object)
UnityEngine.DebugLogHandler:LogFormat (UnityEngine.LogType,UnityEngine.Object,string,object[])
UnityEngine.Logger:Log (UnityEngine.LogType,object)
UnityEngine.Debug:Log (object)
UnityEngine.Rendering.Universal.Internal.AdditionalLightsShadowCasterPass:Setup (UnityEngine.Rendering.Universal.UniversalRenderingData,UnityEngine.Rendering.Universal.UniversalCameraData,UnityEngine.Rendering.Universal.UniversalLightData,UnityEngine.Rendering.Universal.UniversalShadowData) (at ./Library/PackageCache/com.unity.render-pipelines.universal@8457e85b8184/Runtime/Passes/AdditionalLightsShadowCasterPass.cs:460)
UnityEngine.Rendering.Universal.UniversalRenderer:OnBeforeRendering (UnityEngine.Rendering.RenderGraphModule.RenderGraph) (at ./Library/PackageCache/com.unity.render-pipelines.universal@8457e85b8184/Runtime/UniversalRendererRenderGraph.cs:808)
UnityEngine.Rendering.Universal.UniversalRenderer:OnRecordRenderGraph (UnityEngine.Rendering.RenderGraphModule.RenderGraph,UnityEngine.Rendering.ScriptableRenderContext) (at ./Library/PackageCache/com.unity.render-pipelines.universal@8457e85b8184/Runtime/UniversalRendererRenderGraph.cs:695)
UnityEngine.Rendering.Universal.ScriptableRenderer:RecordRenderGraph (UnityEngine.Rendering.RenderGraphModule.RenderGraph,UnityEngine.Rendering.ScriptableRenderContext) (at ./Library/PackageCache/com.unity.render-pipelines.universal@8457e85b8184/Runtime/ScriptableRenderer.cs:963)
UnityEngine.Rendering.Universal.UniversalRenderPipeline:RecordAndExecuteRenderGraph (UnityEngine.Rendering.RenderGraphModule.RenderGraph,UnityEngine.Rendering.ScriptableRenderContext,UnityEngine.Rendering.Universal.ScriptableRenderer,UnityEngine.Rendering.CommandBuffer,UnityEngine.Camera) (at ./Library/PackageCache/com.unity.render-pipelines.universal@8457e85b8184/Runtime/UniversalRenderPipelineRenderGraph.cs:27)
UnityEngine.Rendering.Universal.UniversalRenderPipeline:RenderSingleCamera (UnityEngine.Rendering.ScriptableRenderContext,UnityEngine.Rendering.Universal.UniversalCameraData) (at ./Library/PackageCache/com.unity.render-pipelines.universal@8457e85b8184/Runtime/UniversalRenderPipeline.cs:1062)
UnityEngine.Rendering.Universal.UniversalRenderPipeline:RenderCameraStack (UnityEngine.Rendering.ScriptableRenderContext,UnityEngine.Camera,bool) (at ./Library/PackageCache/com.unity.render-pipelines.universal@8457e85b8184/Runtime/UniversalRenderPipeline.cs:1275)
UnityEngine.Rendering.Universal.UniversalRenderPipeline:Render (UnityEngine.Rendering.ScriptableRenderContext,System.Collections.Generic.List`1<UnityEngine.Camera>) (at ./Library/PackageCache/com.unity.render-pipelines.universal@8457e85b8184/Runtime/UniversalRenderPipeline.cs:629)
UnityEngine.Rendering.RenderPipeline:InternalRender (UnityEngine.Rendering.ScriptableRenderContext,System.Collections.Generic.List`1<UnityEngine.Camera>)
UnityEngine.Rendering.RenderPipelineManager:DoRenderLoop_Internal (UnityEngine.Rendering.RenderPipelineAsset,intptr,object,Unity.Collections.LowLevel.Unsafe.AtomicSafetyHandle)
UnityEditor.EditorGUIUtility:RenderPlayModeViewCamerasInternal (UnityEngine.RenderTexture,int,UnityEngine.Vector2,bool,bool)
UnityEditor.PlayModeView:RenderView (UnityEngine.Vector2,bool)
UnityEditor.GameView:OnGUI ()
UnityEditor.HostView:InvokeOnGUI (UnityEngine.Rect)
UnityEditor.MaximizedHostView:OldOnGUI ()
UnityEngine.UIElements.IMGUIContainer:DoOnGUI (UnityEngine.Event,UnityEngine.Matrix4x4,UnityEngine.Rect,bool,UnityEngine.Rect,System.Action,bool)
UnityEngine.UIElements.IMGUIContainer:HandleIMGUIEvent (UnityEngine.Event,UnityEngine.Matrix4x4,UnityEngine.Rect,System.Action,bool)
UnityEngine.UIElements.IMGUIContainer:DoIMGUIRepaint ()
UnityEngine.UIElements.UIR.RenderChainCommand:ExecuteNonDrawMesh (UnityEngine.UIElements.UIR.DrawParams,single,System.Exception&)
UnityEngine.UIElements.UIR.UIRenderDevice:EvaluateChain (UnityEngine.UIElements.UIR.RenderChainCommand,UnityEngine.Material,UnityEngine.Texture,UnityEngine.UIElements.UIR.ShaderInfoAllocator,System.Nullable`1<UnityEngine.Rect>,UnityEngine.Rect,single,bool,UnityEngine.UIElements.TextureSlotCount,bool,System.Exception&,UnityEngine.UIElements.BaseVisualElementPanel)
UnityEngine.UIElements.UIR.RenderTreeManager:RenderSingleTree (UnityEngine.UIElements.UIR.RenderTree,UnityEngine.RenderTexture,UnityEngine.RectInt,UnityEngine.Rect)
UnityEngine.UIElements.UIR.RenderTreeManager:RenderRootTree ()
UnityEngine.UIElements.UIRRepaintUpdater:Render ()
UnityEngine.UIElements.BaseVisualElementPanel:Render ()
UnityEngine.UIElements.Panel:Render ()
UnityEditor.UIElements.EditorEventDispatchUtility:DoDispatch (UnityEngine.UIElements.BaseVisualElementPanel,UnityEngine.Event)
UnityEditor.UIElements.DefaultWindowBackend:ProcessEvent (UnityEngine.Event)
UnityEditor.GUIView:ProcessEvent (UnityEngine.EntityId,intptr,bool&)

(Filename: ./Library/PackageCache/com.unity.render-pipelines.universal@8457e85b8184/Runtime/Passes/AdditionalLightsShadowCasterPass.cs Line: 460)

Reduced additional punctual light shadows resolution by 4 to make 60 shadow maps fit in the 2048x2048 shadow atlas. To avoid this, increase shadow atlas size, decrease big shadow resolutions, or reduce the number of shadow maps active in the same frame
UnityEngine.Debug:ExtractStackTraceNoAlloc (byte*,int,string)
UnityEngine.StackTraceUtility:ExtractStackTrace ()
UnityEngine.DebugLogHandler:Internal_Log (UnityEngine.LogType,UnityEngine.LogOption,string,UnityEngine.Object)
UnityEngine.DebugLogHandler:LogFormat (UnityEngine.LogType,UnityEngine.Object,string,object[])
UnityEngine.Logger:Log (UnityEngine.LogType,object)
UnityEngine.Debug:Log (object)
UnityEngine.Rendering.Universal.Internal.AdditionalLightsShadowCasterPass:Setup (UnityEngine.Rendering.Universal.UniversalRenderingData,UnityEngine.Rendering.Universal.UniversalCameraData,UnityEngine.Rendering.Universal.UniversalLightData,UnityEngine.Rendering.Universal.UniversalShadowData) (at ./Library/PackageCache/com.unity.render-pipelines.universal@8457e85b8184/Runtime/Passes/AdditionalLightsShadowCasterPass.cs:460)
UnityEngine.Rendering.Universal.UniversalRenderer:OnBeforeRendering (UnityEngine.Rendering.RenderGraphModule.RenderGraph) (at ./Library/PackageCache/com.unity.render-pipelines.universal@8457e85b8184/Runtime/UniversalRendererRenderGraph.cs:808)
UnityEngine.Rendering.Universal.UniversalRenderer:OnRecordRenderGraph (UnityEngine.Rendering.RenderGraphModule.RenderGraph,UnityEngine.Rendering.ScriptableRenderContext) (at ./Library/PackageCache/com.unity.render-pipelines.universal@8457e85b8184/Runtime/UniversalRendererRenderGraph.cs:695)
UnityEngine.Rendering.Universal.ScriptableRenderer:RecordRenderGraph (UnityEngine.Rendering.RenderGraphModule.RenderGraph,UnityEngine.Rendering.ScriptableRenderContext) (at ./Library/PackageCache/com.unity.render-pipelines.universal@8457e85b8184/Runtime/ScriptableRenderer.cs:963)
UnityEngine.Rendering.Universal.UniversalRenderPipeline:RecordAndExecuteRenderGraph (UnityEngine.Rendering.RenderGraphModule.RenderGraph,UnityEngine.Rendering.ScriptableRenderContext,UnityEngine.Rendering.Universal.ScriptableRenderer,UnityEngine.Rendering.CommandBuffer,UnityEngine.Camera) (at ./Library/PackageCache/com.unity.render-pipelines.universal@8457e85b8184/Runtime/UniversalRenderPipelineRenderGraph.cs:27)
UnityEngine.Rendering.Universal.UniversalRenderPipeline:RenderSingleCamera (UnityEngine.Rendering.ScriptableRenderContext,UnityEngine.Rendering.Universal.UniversalCameraData) (at ./Library/PackageCache/com.unity.render-pipelines.universal@8457e85b8184/Runtime/UniversalRenderPipeline.cs:1062)
UnityEngine.Rendering.Universal.UniversalRenderPipeline:RenderCameraStack (UnityEngine.Rendering.ScriptableRenderContext,UnityEngine.Camera,bool) (at ./Library/PackageCache/com.unity.render-pipelines.universal@8457e85b8184/Runtime/UniversalRenderPipeline.cs:1275)
UnityEngine.Rendering.Universal.UniversalRenderPipeline:Render (UnityEngine.Rendering.ScriptableRenderContext,System.Collections.Generic.List`1<UnityEngine.Camera>) (at ./Library/PackageCache/com.unity.render-pipelines.universal@8457e85b8184/Runtime/UniversalRenderPipeline.cs:629)
UnityEngine.Rendering.RenderPipeline:InternalRender (UnityEngine.Rendering.ScriptableRenderContext,System.Collections.Generic.List`1<UnityEngine.Camera>)
UnityEngine.Rendering.RenderPipelineManager:DoRenderLoop_Internal (UnityEngine.Rendering.RenderPipelineAsset,intptr,object,Unity.Collections.LowLevel.Unsafe.AtomicSafetyHandle)
UnityEditor.EditorGUIUtility:RenderPlayModeViewCamerasInternal (UnityEngine.RenderTexture,int,UnityEngine.Vector2,bool,bool)
UnityEditor.PlayModeView:RenderView (UnityEngine.Vector2,bool)
UnityEditor.GameView:OnGUI ()
UnityEditor.HostView:InvokeOnGUI (UnityEngine.Rect)
UnityEditor.MaximizedHostView:OldOnGUI ()
UnityEngine.UIElements.IMGUIContainer:DoOnGUI (UnityEngine.Event,UnityEngine.Matrix4x4,UnityEngine.Rect,bool,UnityEngine.Rect,System.Action,bool)
UnityEngine.UIElements.IMGUIContainer:HandleIMGUIEvent (UnityEngine.Event,UnityEngine.Matrix4x4,UnityEngine.Rect,System.Action,bool)
UnityEngine.UIElements.IMGUIContainer:DoIMGUIRepaint ()
UnityEngine.UIElements.UIR.RenderChainCommand:ExecuteNonDrawMesh (UnityEngine.UIElements.UIR.DrawParams,single,System.Exception&)
UnityEngine.UIElements.UIR.UIRenderDevice:EvaluateChain (UnityEngine.UIElements.UIR.RenderChainCommand,UnityEngine.Material,UnityEngine.Texture,UnityEngine.UIElements.UIR.ShaderInfoAllocator,System.Nullable`1<UnityEngine.Rect>,UnityEngine.Rect,single,bool,UnityEngine.UIElements.TextureSlotCount,bool,System.Exception&,UnityEngine.UIElements.BaseVisualElementPanel)
UnityEngine.UIElements.UIR.RenderTreeManager:RenderSingleTree (UnityEngine.UIElements.UIR.RenderTree,UnityEngine.RenderTexture,UnityEngine.RectInt,UnityEngine.Rect)
UnityEngine.UIElements.UIR.RenderTreeManager:RenderRootTree ()
UnityEngine.UIElements.UIRRepaintUpdater:Render ()
UnityEngine.UIElements.BaseVisualElementPanel:Render ()
UnityEngine.UIElements.Panel:Render ()
UnityEditor.UIElements.EditorEventDispatchUtility:DoDispatch (UnityEngine.UIElements.BaseVisualElementPanel,UnityEngine.Event)
UnityEditor.UIElements.DefaultWindowBackend:ProcessEvent (UnityEngine.Event)
UnityEditor.GUIView:ProcessEvent (UnityEngine.EntityId,intptr,bool&)

(Filename: ./Library/PackageCache/com.unity.render-pipelines.universal@8457e85b8184/Runtime/Passes/AdditionalLightsShadowCasterPass.cs Line: 460)

Reduced additional punctual light shadows resolution by 8 to make 66 shadow maps fit in the 2048x2048 shadow atlas. To avoid this, increase shadow atlas size, decrease big shadow resolutions, or reduce the number of shadow maps active in the same frame
UnityEngine.Debug:ExtractStackTraceNoAlloc (byte*,int,string)
UnityEngine.StackTraceUtility:ExtractStackTrace ()
UnityEngine.DebugLogHandler:Internal_Log (UnityEngine.LogType,UnityEngine.LogOption,string,UnityEngine.Object)
UnityEngine.DebugLogHandler:LogFormat (UnityEngine.LogType,UnityEngine.Object,string,object[])
UnityEngine.Logger:Log (UnityEngine.LogType,object)
UnityEngine.Debug:Log (object)
UnityEngine.Rendering.Universal.Internal.AdditionalLightsShadowCasterPass:Setup (UnityEngine.Rendering.Universal.UniversalRenderingData,UnityEngine.Rendering.Universal.UniversalCameraData,UnityEngine.Rendering.Universal.UniversalLightData,UnityEngine.Rendering.Universal.UniversalShadowData) (at ./Library/PackageCache/com.unity.render-pipelines.universal@8457e85b8184/Runtime/Passes/AdditionalLightsShadowCasterPass.cs:460)
UnityEngine.Rendering.Universal.UniversalRenderer:OnBeforeRendering (UnityEngine.Rendering.RenderGraphModule.RenderGraph) (at ./Library/PackageCache/com.unity.render-pipelines.universal@8457e85b8184/Runtime/UniversalRendererRenderGraph.cs:808)
UnityEngine.Rendering.Universal.UniversalRenderer:OnRecordRenderGraph (UnityEngine.Rendering.RenderGraphModule.RenderGraph,UnityEngine.Rendering.ScriptableRenderContext) (at ./Library/PackageCache/com.unity.render-pipelines.universal@8457e85b8184/Runtime/UniversalRendererRenderGraph.cs:695)
UnityEngine.Rendering.Universal.ScriptableRenderer:RecordRenderGraph (UnityEngine.Rendering.RenderGraphModule.RenderGraph,UnityEngine.Rendering.ScriptableRenderContext) (at ./Library/PackageCache/com.unity.render-pipelines.universal@8457e85b8184/Runtime/ScriptableRenderer.cs:963)
UnityEngine.Rendering.Universal.UniversalRenderPipeline:RecordAndExecuteRenderGraph (UnityEngine.Rendering.RenderGraphModule.RenderGraph,UnityEngine.Rendering.ScriptableRenderContext,UnityEngine.Rendering.Universal.ScriptableRenderer,UnityEngine.Rendering.CommandBuffer,UnityEngine.Camera) (at ./Library/PackageCache/com.unity.render-pipelines.universal@8457e85b8184/Runtime/UniversalRenderPipelineRenderGraph.cs:27)
UnityEngine.Rendering.Universal.UniversalRenderPipeline:RenderSingleCamera (UnityEngine.Rendering.ScriptableRenderContext,UnityEngine.Rendering.Universal.UniversalCameraData) (at ./Library/PackageCache/com.unity.render-pipelines.universal@8457e85b8184/Runtime/UniversalRenderPipeline.cs:1062)
UnityEngine.Rendering.Universal.UniversalRenderPipeline:RenderCameraStack (UnityEngine.Rendering.ScriptableRenderContext,UnityEngine.Camera,bool) (at ./Library/PackageCache/com.unity.render-pipelines.universal@8457e85b8184/Runtime/UniversalRenderPipeline.cs:1275)
UnityEngine.Rendering.Universal.UniversalRenderPipeline:Render (UnityEngine.Rendering.ScriptableRenderContext,System.Collections.Generic.List`1<UnityEngine.Camera>) (at ./Library/PackageCache/com.unity.render-pipelines.universal@8457e85b8184/Runtime/UniversalRenderPipeline.cs:629)
UnityEngine.Rendering.RenderPipeline:InternalRender (UnityEngine.Rendering.ScriptableRenderContext,System.Collections.Generic.List`1<UnityEngine.Camera>)
UnityEngine.Rendering.RenderPipelineManager:DoRenderLoop_Internal (UnityEngine.Rendering.RenderPipelineAsset,intptr,object,Unity.Collections.LowLevel.Unsafe.AtomicSafetyHandle)
UnityEditor.EditorGUIUtility:RenderPlayModeViewCamerasInternal (UnityEngine.RenderTexture,int,UnityEngine.Vector2,bool,bool)
UnityEditor.PlayModeView:RenderView (UnityEngine.Vector2,bool)
UnityEditor.GameView:OnGUI ()
UnityEditor.HostView:InvokeOnGUI (UnityEngine.Rect)
UnityEditor.MaximizedHostView:OldOnGUI ()
UnityEngine.UIElements.IMGUIContainer:DoOnGUI (UnityEngine.Event,UnityEngine.Matrix4x4,UnityEngine.Rect,bool,UnityEngine.Rect,System.Action,bool)
UnityEngine.UIElements.IMGUIContainer:HandleIMGUIEvent (UnityEngine.Event,UnityEngine.Matrix4x4,UnityEngine.Rect,System.Action,bool)
UnityEngine.UIElements.IMGUIContainer:DoIMGUIRepaint ()
UnityEngine.UIElements.UIR.RenderChainCommand:ExecuteNonDrawMesh (UnityEngine.UIElements.UIR.DrawParams,single,System.Exception&)
UnityEngine.UIElements.UIR.UIRenderDevice:EvaluateChain (UnityEngine.UIElements.UIR.RenderChainCommand,UnityEngine.Material,UnityEngine.Texture,UnityEngine.UIElements.UIR.ShaderInfoAllocator,System.Nullable`1<UnityEngine.Rect>,UnityEngine.Rect,single,bool,UnityEngine.UIElements.TextureSlotCount,bool,System.Exception&,UnityEngine.UIElements.BaseVisualElementPanel)
UnityEngine.UIElements.UIR.RenderTreeManager:RenderSingleTree (UnityEngine.UIElements.UIR.RenderTree,UnityEngine.RenderTexture,UnityEngine.RectInt,UnityEngine.Rect)
UnityEngine.UIElements.UIR.RenderTreeManager:RenderRootTree ()
UnityEngine.UIElements.UIRRepaintUpdater:Render ()
UnityEngine.UIElements.BaseVisualElementPanel:Render ()
UnityEngine.UIElements.Panel:Render ()
UnityEditor.UIElements.EditorEventDispatchUtility:DoDispatch (UnityEngine.UIElements.BaseVisualElementPanel,UnityEngine.Event)
UnityEditor.UIElements.DefaultWindowBackend:ProcessEvent (UnityEngine.Event)
UnityEditor.GUIView:ProcessEvent (UnityEngine.EntityId,intptr,bool&)

(Filename: ./Library/PackageCache/com.unity.render-pipelines.universal@8457e85b8184/Runtime/Passes/AdditionalLightsShadowCasterPass.cs Line: 460)

Reduced additional punctual light shadows resolution by 8 to make 72 shadow maps fit in the 2048x2048 shadow atlas. To avoid this, increase shadow atlas size, decrease big shadow resolutions, or reduce the number of shadow maps active in the same frame
UnityEngine.Debug:ExtractStackTraceNoAlloc (byte*,int,string)
UnityEngine.StackTraceUtility:ExtractStackTrace ()
UnityEngine.DebugLogHandler:Internal_Log (UnityEngine.LogType,UnityEngine.LogOption,string,UnityEngine.Object)
UnityEngine.DebugLogHandler:LogFormat (UnityEngine.LogType,UnityEngine.Object,string,object[])
UnityEngine.Logger:Log (UnityEngine.LogType,object)
UnityEngine.Debug:Log (object)
UnityEngine.Rendering.Universal.Internal.AdditionalLightsShadowCasterPass:Setup (UnityEngine.Rendering.Universal.UniversalRenderingData,UnityEngine.Rendering.Universal.UniversalCameraData,UnityEngine.Rendering.Universal.UniversalLightData,UnityEngine.Rendering.Universal.UniversalShadowData) (at ./Library/PackageCache/com.unity.render-pipelines.universal@8457e85b8184/Runtime/Passes/AdditionalLightsShadowCasterPass.cs:460)
UnityEngine.Rendering.Universal.UniversalRenderer:OnBeforeRendering (UnityEngine.Rendering.RenderGraphModule.RenderGraph) (at ./Library/PackageCache/com.unity.render-pipelines.universal@8457e85b8184/Runtime/UniversalRendererRenderGraph.cs:808)
UnityEngine.Rendering.Universal.UniversalRenderer:OnRecordRenderGraph (UnityEngine.Rendering.RenderGraphModule.RenderGraph,UnityEngine.Rendering.ScriptableRenderContext) (at ./Library/PackageCache/com.unity.render-pipelines.universal@8457e85b8184/Runtime/UniversalRendererRenderGraph.cs:695)
UnityEngine.Rendering.Universal.ScriptableRenderer:RecordRenderGraph (UnityEngine.Rendering.RenderGraphModule.RenderGraph,UnityEngine.Rendering.ScriptableRenderContext) (at ./Library/PackageCache/com.unity.render-pipelines.universal@8457e85b8184/Runtime/ScriptableRenderer.cs:963)
UnityEngine.Rendering.Universal.UniversalRenderPipeline:RecordAndExecuteRenderGraph (UnityEngine.Rendering.RenderGraphModule.RenderGraph,UnityEngine.Rendering.ScriptableRenderContext,UnityEngine.Rendering.Universal.ScriptableRenderer,UnityEngine.Rendering.CommandBuffer,UnityEngine.Camera) (at ./Library/PackageCache/com.unity.render-pipelines.universal@8457e85b8184/Runtime/UniversalRenderPipelineRenderGraph.cs:27)
UnityEngine.Rendering.Universal.UniversalRenderPipeline:RenderSingleCamera (UnityEngine.Rendering.ScriptableRenderContext,UnityEngine.Rendering.Universal.UniversalCameraData) (at ./Library/PackageCache/com.unity.render-pipelines.universal@8457e85b8184/Runtime/UniversalRenderPipeline.cs:1062)
UnityEngine.Rendering.Universal.UniversalRenderPipeline:RenderCameraStack (UnityEngine.Rendering.ScriptableRenderContext,UnityEngine.Camera,bool) (at ./Library/PackageCache/com.unity.render-pipelines.universal@8457e85b8184/Runtime/UniversalRenderPipeline.cs:1275)
UnityEngine.Rendering.Universal.UniversalRenderPipeline:Render (UnityEngine.Rendering.ScriptableRenderContext,System.Collections.Generic.List`1<UnityEngine.Camera>) (at ./Library/PackageCache/com.unity.render-pipelines.universal@8457e85b8184/Runtime/UniversalRenderPipeline.cs:629)
UnityEngine.Rendering.RenderPipeline:InternalRender (UnityEngine.Rendering.ScriptableRenderContext,System.Collections.Generic.List`1<UnityEngine.Camera>)
UnityEngine.Rendering.RenderPipelineManager:DoRenderLoop_Internal (UnityEngine.Rendering.RenderPipelineAsset,intptr,object,Unity.Collections.LowLevel.Unsafe.AtomicSafetyHandle)
UnityEditor.EditorGUIUtility:RenderPlayModeViewCamerasInternal (UnityEngine.RenderTexture,int,UnityEngine.Vector2,bool,bool)
UnityEditor.PlayModeView:RenderView (UnityEngine.Vector2,bool)
UnityEditor.GameView:OnGUI ()
UnityEditor.HostView:InvokeOnGUI (UnityEngine.Rect)
UnityEditor.MaximizedHostView:OldOnGUI ()
UnityEngine.UIElements.IMGUIContainer:DoOnGUI (UnityEngine.Event,UnityEngine.Matrix4x4,UnityEngine.Rect,bool,UnityEngine.Rect,System.Action,bool)
UnityEngine.UIElements.IMGUIContainer:HandleIMGUIEvent (UnityEngine.Event,UnityEngine.Matrix4x4,UnityEngine.Rect,System.Action,bool)
UnityEngine.UIElements.IMGUIContainer:DoIMGUIRepaint ()
UnityEngine.UIElements.UIR.RenderChainCommand:ExecuteNonDrawMesh (UnityEngine.UIElements.UIR.DrawParams,single,System.Exception&)
UnityEngine.UIElements.UIR.UIRenderDevice:EvaluateChain (UnityEngine.UIElements.UIR.RenderChainCommand,UnityEngine.Material,UnityEngine.Texture,UnityEngine.UIElements.UIR.ShaderInfoAllocator,System.Nullable`1<UnityEngine.Rect>,UnityEngine.Rect,single,bool,UnityEngine.UIElements.TextureSlotCount,bool,System.Exception&,UnityEngine.UIElements.BaseVisualElementPanel)
UnityEngine.UIElements.UIR.RenderTreeManager:RenderSingleTree (UnityEngine.UIElements.UIR.RenderTree,UnityEngine.RenderTexture,UnityEngine.RectInt,UnityEngine.Rect)
UnityEngine.UIElements.UIR.RenderTreeManager:RenderRootTree ()
UnityEngine.UIElements.UIRRepaintUpdater:Render ()
UnityEngine.UIElements.BaseVisualElementPanel:Render ()
UnityEngine.UIElements.Panel:Render ()
UnityEditor.UIElements.EditorEventDispatchUtility:DoDispatch (UnityEngine.UIElements.BaseVisualElementPanel,UnityEngine.Event)
UnityEditor.UIElements.DefaultWindowBackend:ProcessEvent (UnityEngine.Event)
UnityEditor.GUIView:ProcessEvent (UnityEngine.EntityId,intptr,bool&)

(Filename: ./Library/PackageCache/com.unity.render-pipelines.universal@8457e85b8184/Runtime/Passes/AdditionalLightsShadowCasterPass.cs Line: 460)

Reduced additional punctual light shadows resolution by 8 to make 78 shadow maps fit in the 2048x2048 shadow atlas. To avoid this, increase shadow atlas size, decrease big shadow resolutions, or reduce the number of shadow maps active in the same frame
UnityEngine.Debug:ExtractStackTraceNoAlloc (byte*,int,string)
UnityEngine.StackTraceUtility:ExtractStackTrace ()
UnityEngine.DebugLogHandler:Internal_Log (UnityEngine.LogType,UnityEngine.LogOption,string,UnityEngine.Object)
UnityEngine.DebugLogHandler:LogFormat (UnityEngine.LogType,UnityEngine.Object,string,object[])
UnityEngine.Logger:Log (UnityEngine.LogType,object)
UnityEngine.Debug:Log (object)
UnityEngine.Rendering.Universal.Internal.AdditionalLightsShadowCasterPass:Setup (UnityEngine.Rendering.Universal.UniversalRenderingData,UnityEngine.Rendering.Universal.UniversalCameraData,UnityEngine.Rendering.Universal.UniversalLightData,UnityEngine.Rendering.Universal.UniversalShadowData) (at ./Library/PackageCache/com.unity.render-pipelines.universal@8457e85b8184/Runtime/Passes/AdditionalLightsShadowCasterPass.cs:460)
UnityEngine.Rendering.Universal.UniversalRenderer:OnBeforeRendering (UnityEngine.Rendering.RenderGraphModule.RenderGraph) (at ./Library/PackageCache/com.unity.render-pipelines.universal@8457e85b8184/Runtime/UniversalRendererRenderGraph.cs:808)
UnityEngine.Rendering.Universal.UniversalRenderer:OnRecordRenderGraph (UnityEngine.Rendering.RenderGraphModule.RenderGraph,UnityEngine.Rendering.ScriptableRenderContext) (at ./Library/PackageCache/com.unity.render-pipelines.universal@8457e85b8184/Runtime/UniversalRendererRenderGraph.cs:695)
UnityEngine.Rendering.Universal.ScriptableRenderer:RecordRenderGraph (UnityEngine.Rendering.RenderGraphModule.RenderGraph,UnityEngine.Rendering.ScriptableRenderContext) (at ./Library/PackageCache/com.unity.render-pipelines.universal@8457e85b8184/Runtime/ScriptableRenderer.cs:963)
UnityEngine.Rendering.Universal.UniversalRenderPipeline:RecordAndExecuteRenderGraph (UnityEngine.Rendering.RenderGraphModule.RenderGraph,UnityEngine.Rendering.ScriptableRenderContext,UnityEngine.Rendering.Universal.ScriptableRenderer,UnityEngine.Rendering.CommandBuffer,UnityEngine.Camera) (at ./Library/PackageCache/com.unity.render-pipelines.universal@8457e85b8184/Runtime/UniversalRenderPipelineRenderGraph.cs:27)
UnityEngine.Rendering.Universal.UniversalRenderPipeline:RenderSingleCamera (UnityEngine.Rendering.ScriptableRenderContext,UnityEngine.Rendering.Universal.UniversalCameraData) (at ./Library/PackageCache/com.unity.render-pipelines.universal@8457e85b8184/Runtime/UniversalRenderPipeline.cs:1062)
UnityEngine.Rendering.Universal.UniversalRenderPipeline:RenderCameraStack (UnityEngine.Rendering.ScriptableRenderContext,UnityEngine.Camera,bool) (at ./Library/PackageCache/com.unity.render-pipelines.universal@8457e85b8184/Runtime/UniversalRenderPipeline.cs:1275)
UnityEngine.Rendering.Universal.UniversalRenderPipeline:Render (UnityEngine.Rendering.ScriptableRenderContext,System.Collections.Generic.List`1<UnityEngine.Camera>) (at ./Library/PackageCache/com.unity.render-pipelines.universal@8457e85b8184/Runtime/UniversalRenderPipeline.cs:629)
UnityEngine.Rendering.RenderPipeline:InternalRender (UnityEngine.Rendering.ScriptableRenderContext,System.Collections.Generic.List`1<UnityEngine.Camera>)
UnityEngine.Rendering.RenderPipelineManager:DoRenderLoop_Internal (UnityEngine.Rendering.RenderPipelineAsset,intptr,object,Unity.Collections.LowLevel.Unsafe.AtomicSafetyHandle)
UnityEditor.EditorGUIUtility:RenderPlayModeViewCamerasInternal (UnityEngine.RenderTexture,int,UnityEngine.Vector2,bool,bool)
UnityEditor.PlayModeView:RenderView (UnityEngine.Vector2,bool)
UnityEditor.GameView:OnGUI ()
UnityEditor.HostView:InvokeOnGUI (UnityEngine.Rect)
UnityEditor.MaximizedHostView:OldOnGUI ()
UnityEngine.UIElements.IMGUIContainer:DoOnGUI (UnityEngine.Event,UnityEngine.Matrix4x4,UnityEngine.Rect,bool,UnityEngine.Rect,System.Action,bool)
UnityEngine.UIElements.IMGUIContainer:HandleIMGUIEvent (UnityEngine.Event,UnityEngine.Matrix4x4,UnityEngine.Rect,System.Action,bool)
UnityEngine.UIElements.IMGUIContainer:DoIMGUIRepaint ()
UnityEngine.UIElements.UIR.RenderChainCommand:ExecuteNonDrawMesh (UnityEngine.UIElements.UIR.DrawParams,single,System.Exception&)
UnityEngine.UIElements.UIR.UIRenderDevice:EvaluateChain (UnityEngine.UIElements.UIR.RenderChainCommand,UnityEngine.Material,UnityEngine.Texture,UnityEngine.UIElements.UIR.ShaderInfoAllocator,System.Nullable`1<UnityEngine.Rect>,UnityEngine.Rect,single,bool,UnityEngine.UIElements.TextureSlotCount,bool,System.Exception&,UnityEngine.UIElements.BaseVisualElementPanel)
UnityEngine.UIElements.UIR.RenderTreeManager:RenderSingleTree (UnityEngine.UIElements.UIR.RenderTree,UnityEngine.RenderTexture,UnityEngine.RectInt,UnityEngine.Rect)
UnityEngine.UIElements.UIR.RenderTreeManager:RenderRootTree ()
UnityEngine.UIElements.UIRRepaintUpdater:Render ()
UnityEngine.UIElements.BaseVisualElementPanel:Render ()
UnityEngine.UIElements.Panel:Render ()
UnityEditor.UIElements.EditorEventDispatchUtility:DoDispatch (UnityEngine.UIElements.BaseVisualElementPanel,UnityEngine.Event)
UnityEditor.UIElements.DefaultWindowBackend:ProcessEvent (UnityEngine.Event)
UnityEditor.GUIView:ProcessEvent (UnityEngine.EntityId,intptr,bool&)

(Filename: ./Library/PackageCache/com.unity.render-pipelines.universal@8457e85b8184/Runtime/Passes/AdditionalLightsShadowCasterPass.cs Line: 460)

Asset Pipeline Refresh (id=4793a5ecd0203aa4e941099b066f888b): Total: 0.004 seconds - Initiated by RefreshV2(NoUpdateAssetOptions)
Reduced additional punctual light shadows resolution by 4 to make 54 shadow maps fit in the 2048x2048 shadow atlas. To avoid this, increase shadow atlas size, decrease big shadow resolutions, or reduce the number of shadow maps active in the same frame
UnityEngine.Debug:ExtractStackTraceNoAlloc (byte*,int,string)
UnityEngine.StackTraceUtility:ExtractStackTrace ()
UnityEngine.DebugLogHandler:Internal_Log (UnityEngine.LogType,UnityEngine.LogOption,string,UnityEngine.Object)
UnityEngine.DebugLogHandler:LogFormat (UnityEngine.LogType,UnityEngine.Object,string,object[])
UnityEngine.Logger:Log (UnityEngine.LogType,object)
UnityEngine.Debug:Log (object)
UnityEngine.Rendering.Universal.Internal.AdditionalLightsShadowCasterPass:Setup (UnityEngine.Rendering.Universal.UniversalRenderingData,UnityEngine.Rendering.Universal.UniversalCameraData,UnityEngine.Rendering.Universal.UniversalLightData,UnityEngine.Rendering.Universal.UniversalShadowData) (at ./Library/PackageCache/com.unity.render-pipelines.universal@8457e85b8184/Runtime/Passes/AdditionalLightsShadowCasterPass.cs:460)
UnityEngine.Rendering.Universal.UniversalRenderer:OnBeforeRendering (UnityEngine.Rendering.RenderGraphModule.RenderGraph) (at ./Library/PackageCache/com.unity.render-pipelines.universal@8457e85b8184/Runtime/UniversalRendererRenderGraph.cs:808)
UnityEngine.Rendering.Universal.UniversalRenderer:OnRecordRenderGraph (UnityEngine.Rendering.RenderGraphModule.RenderGraph,UnityEngine.Rendering.ScriptableRenderContext) (at ./Library/PackageCache/com.unity.render-pipelines.universal@8457e85b8184/Runtime/UniversalRendererRenderGraph.cs:695)
UnityEngine.Rendering.Universal.ScriptableRenderer:RecordRenderGraph (UnityEngine.Rendering.RenderGraphModule.RenderGraph,UnityEngine.Rendering.ScriptableRenderContext) (at ./Library/PackageCache/com.unity.render-pipelines.universal@8457e85b8184/Runtime/ScriptableRenderer.cs:963)
UnityEngine.Rendering.Universal.UniversalRenderPipeline:RecordAndExecuteRenderGraph (UnityEngine.Rendering.RenderGraphModule.RenderGraph,UnityEngine.Rendering.ScriptableRenderContext,UnityEngine.Rendering.Universal.ScriptableRenderer,UnityEngine.Rendering.CommandBuffer,UnityEngine.Camera) (at ./Library/PackageCache/com.unity.render-pipelines.universal@8457e85b8184/Runtime/UniversalRenderPipelineRenderGraph.cs:27)
UnityEngine.Rendering.Universal.UniversalRenderPipeline:RenderSingleCamera (UnityEngine.Rendering.ScriptableRenderContext,UnityEngine.Rendering.Universal.UniversalCameraData) (at ./Library/PackageCache/com.unity.render-pipelines.universal@8457e85b8184/Runtime/UniversalRenderPipeline.cs:1062)
UnityEngine.Rendering.Universal.UniversalRenderPipeline:RenderCameraStack (UnityEngine.Rendering.ScriptableRenderContext,UnityEngine.Camera,bool) (at ./Library/PackageCache/com.unity.render-pipelines.universal@8457e85b8184/Runtime/UniversalRenderPipeline.cs:1275)
UnityEngine.Rendering.Universal.UniversalRenderPipeline:Render (UnityEngine.Rendering.ScriptableRenderContext,System.Collections.Generic.List`1<UnityEngine.Camera>) (at ./Library/PackageCache/com.unity.render-pipelines.universal@8457e85b8184/Runtime/UniversalRenderPipeline.cs:629)
UnityEngine.Rendering.RenderPipeline:InternalRender (UnityEngine.Rendering.ScriptableRenderContext,System.Collections.Generic.List`1<UnityEngine.Camera>)
UnityEngine.Rendering.RenderPipelineManager:DoRenderLoop_Internal (UnityEngine.Rendering.RenderPipelineAsset,intptr,object,Unity.Collections.LowLevel.Unsafe.AtomicSafetyHandle)
UnityEditor.EditorGUIUtility:RenderPlayModeViewCamerasInternal (UnityEngine.RenderTexture,int,UnityEngine.Vector2,bool,bool)
UnityEditor.PlayModeView:RenderView (UnityEngine.Vector2,bool)
UnityEditor.GameView:OnGUI ()
UnityEditor.HostView:InvokeOnGUI (UnityEngine.Rect)
UnityEditor.MaximizedHostView:OldOnGUI ()
UnityEngine.UIElements.IMGUIContainer:DoOnGUI (UnityEngine.Event,UnityEngine.Matrix4x4,UnityEngine.Rect,bool,UnityEngine.Rect,System.Action,bool)
UnityEngine.UIElements.IMGUIContainer:HandleIMGUIEvent (UnityEngine.Event,UnityEngine.Matrix4x4,UnityEngine.Rect,System.Action,bool)
UnityEngine.UIElements.IMGUIContainer:DoIMGUIRepaint ()
UnityEngine.UIElements.UIR.RenderChainCommand:ExecuteNonDrawMesh (UnityEngine.UIElements.UIR.DrawParams,single,System.Exception&)
UnityEngine.UIElements.UIR.UIRenderDevice:EvaluateChain (UnityEngine.UIElements.UIR.RenderChainCommand,UnityEngine.Material,UnityEngine.Texture,UnityEngine.UIElements.UIR.ShaderInfoAllocator,System.Nullable`1<UnityEngine.Rect>,UnityEngine.Rect,single,bool,UnityEngine.UIElements.TextureSlotCount,bool,System.Exception&,UnityEngine.UIElements.BaseVisualElementPanel)
UnityEngine.UIElements.UIR.RenderTreeManager:RenderSingleTree (UnityEngine.UIElements.UIR.RenderTree,UnityEngine.RenderTexture,UnityEngine.RectInt,UnityEngine.Rect)
UnityEngine.UIElements.UIR.RenderTreeManager:RenderRootTree ()
UnityEngine.UIElements.UIRRepaintUpdater:Render ()
UnityEngine.UIElements.BaseVisualElementPanel:Render ()
UnityEngine.UIElements.Panel:Render ()
UnityEditor.UIElements.EditorEventDispatchUtility:DoDispatch (UnityEngine.UIElements.BaseVisualElementPanel,UnityEngine.Event)
UnityEditor.UIElements.DefaultWindowBackend:ProcessEvent (UnityEngine.Event)
UnityEditor.GUIView:ProcessEvent (UnityEngine.EntityId,intptr,bool&)

(Filename: ./Library/PackageCache/com.unity.render-pipelines.universal@8457e85b8184/Runtime/Passes/AdditionalLightsShadowCasterPass.cs Line: 460)

Reduced additional punctual light shadows resolution by 8 to make 72 shadow maps fit in the 2048x2048 shadow atlas. To avoid this, increase shadow atlas size, decrease big shadow resolutions, or reduce the number of shadow maps active in the same frame
UnityEngine.Debug:ExtractStackTraceNoAlloc (byte*,int,string)
UnityEngine.StackTraceUtility:ExtractStackTrace ()
UnityEngine.DebugLogHandler:Internal_Log (UnityEngine.LogType,UnityEngine.LogOption,string,UnityEngine.Object)
UnityEngine.DebugLogHandler:LogFormat (UnityEngine.LogType,UnityEngine.Object,string,object[])
UnityEngine.Logger:Log (UnityEngine.LogType,object)
UnityEngine.Debug:Log (object)
UnityEngine.Rendering.Universal.Internal.AdditionalLightsShadowCasterPass:Setup (UnityEngine.Rendering.Universal.UniversalRenderingData,UnityEngine.Rendering.Universal.UniversalCameraData,UnityEngine.Rendering.Universal.UniversalLightData,UnityEngine.Rendering.Universal.UniversalShadowData) (at ./Library/PackageCache/com.unity.render-pipelines.universal@8457e85b8184/Runtime/Passes/AdditionalLightsShadowCasterPass.cs:460)
UnityEngine.Rendering.Universal.UniversalRenderer:OnBeforeRendering (UnityEngine.Rendering.RenderGraphModule.RenderGraph) (at ./Library/PackageCache/com.unity.render-pipelines.universal@8457e85b8184/Runtime/UniversalRendererRenderGraph.cs:808)
UnityEngine.Rendering.Universal.UniversalRenderer:OnRecordRenderGraph (UnityEngine.Rendering.RenderGraphModule.RenderGraph,UnityEngine.Rendering.ScriptableRenderContext) (at ./Library/PackageCache/com.unity.render-pipelines.universal@8457e85b8184/Runtime/UniversalRendererRenderGraph.cs:695)
UnityEngine.Rendering.Universal.ScriptableRenderer:RecordRenderGraph (UnityEngine.Rendering.RenderGraphModule.RenderGraph,UnityEngine.Rendering.ScriptableRenderContext) (at ./Library/PackageCache/com.unity.render-pipelines.universal@8457e85b8184/Runtime/ScriptableRenderer.cs:963)
UnityEngine.Rendering.Universal.UniversalRenderPipeline:RecordAndExecuteRenderGraph (UnityEngine.Rendering.RenderGraphModule.RenderGraph,UnityEngine.Rendering.ScriptableRenderContext,UnityEngine.Rendering.Universal.ScriptableRenderer,UnityEngine.Rendering.CommandBuffer,UnityEngine.Camera) (at ./Library/PackageCache/com.unity.render-pipelines.universal@8457e85b8184/Runtime/UniversalRenderPipelineRenderGraph.cs:27)
UnityEngine.Rendering.Universal.UniversalRenderPipeline:RenderSingleCamera (UnityEngine.Rendering.ScriptableRenderContext,UnityEngine.Rendering.Universal.UniversalCameraData) (at ./Library/PackageCache/com.unity.render-pipelines.universal@8457e85b8184/Runtime/UniversalRenderPipeline.cs:1062)
UnityEngine.Rendering.Universal.UniversalRenderPipeline:RenderCameraStack (UnityEngine.Rendering.ScriptableRenderContext,UnityEngine.Camera,bool) (at ./Library/PackageCache/com.unity.render-pipelines.universal@8457e85b8184/Runtime/UniversalRenderPipeline.cs:1275)
UnityEngine.Rendering.Universal.UniversalRenderPipeline:Render (UnityEngine.Rendering.ScriptableRenderContext,System.Collections.Generic.List`1<UnityEngine.Camera>) (at ./Library/PackageCache/com.unity.render-pipelines.universal@8457e85b8184/Runtime/UniversalRenderPipeline.cs:629)
UnityEngine.Rendering.RenderPipeline:InternalRender (UnityEngine.Rendering.ScriptableRenderContext,System.Collections.Generic.List`1<UnityEngine.Camera>)
UnityEngine.Rendering.RenderPipelineManager:DoRenderLoop_Internal (UnityEngine.Rendering.RenderPipelineAsset,intptr,object,Unity.Collections.LowLevel.Unsafe.AtomicSafetyHandle)
UnityEditor.EditorGUIUtility:RenderPlayModeViewCamerasInternal (UnityEngine.RenderTexture,int,UnityEngine.Vector2,bool,bool)
UnityEditor.PlayModeView:RenderView (UnityEngine.Vector2,bool)
UnityEditor.GameView:OnGUI ()
UnityEditor.HostView:InvokeOnGUI (UnityEngine.Rect)
UnityEditor.MaximizedHostView:OldOnGUI ()
UnityEngine.UIElements.IMGUIContainer:DoOnGUI (UnityEngine.Event,UnityEngine.Matrix4x4,UnityEngine.Rect,bool,UnityEngine.Rect,System.Action,bool)
UnityEngine.UIElements.IMGUIContainer:HandleIMGUIEvent (UnityEngine.Event,UnityEngine.Matrix4x4,UnityEngine.Rect,System.Action,bool)
UnityEngine.UIElements.IMGUIContainer:DoIMGUIRepaint ()
UnityEngine.UIElements.UIR.RenderChainCommand:ExecuteNonDrawMesh (UnityEngine.UIElements.UIR.DrawParams,single,System.Exception&)
UnityEngine.UIElements.UIR.UIRenderDevice:EvaluateChain (UnityEngine.UIElements.UIR.RenderChainCommand,UnityEngine.Material,UnityEngine.Texture,UnityEngine.UIElements.UIR.ShaderInfoAllocator,System.Nullable`1<UnityEngine.Rect>,UnityEngine.Rect,single,bool,UnityEngine.UIElements.TextureSlotCount,bool,System.Exception&,UnityEngine.UIElements.BaseVisualElementPanel)
UnityEngine.UIElements.UIR.RenderTreeManager:RenderSingleTree (UnityEngine.UIElements.UIR.RenderTree,UnityEngine.RenderTexture,UnityEngine.RectInt,UnityEngine.Rect)
UnityEngine.UIElements.UIR.RenderTreeManager:RenderRootTree ()
UnityEngine.UIElements.UIRRepaintUpdater:Render ()
UnityEngine.UIElements.BaseVisualElementPanel:Render ()
UnityEngine.UIElements.Panel:Render ()
UnityEditor.UIElements.EditorEventDispatchUtility:DoDispatch (UnityEngine.UIElements.BaseVisualElementPanel,UnityEngine.Event)
UnityEditor.UIElements.DefaultWindowBackend:ProcessEvent (UnityEngine.Event)
UnityEditor.GUIView:ProcessEvent (UnityEngine.EntityId,intptr,bool&)

(Filename: ./Library/PackageCache/com.unity.render-pipelines.universal@8457e85b8184/Runtime/Passes/AdditionalLightsShadowCasterPass.cs Line: 460)

Reduced additional punctual light shadows resolution by 8 to make 66 shadow maps fit in the 2048x2048 shadow atlas. To avoid this, increase shadow atlas size, decrease big shadow resolutions, or reduce the number of shadow maps active in the same frame
UnityEngine.Debug:ExtractStackTraceNoAlloc (byte*,int,string)
UnityEngine.StackTraceUtility:ExtractStackTrace ()
UnityEngine.DebugLogHandler:Internal_Log (UnityEngine.LogType,UnityEngine.LogOption,string,UnityEngine.Object)
UnityEngine.DebugLogHandler:LogFormat (UnityEngine.LogType,UnityEngine.Object,string,object[])
UnityEngine.Logger:Log (UnityEngine.LogType,object)
UnityEngine.Debug:Log (object)
UnityEngine.Rendering.Universal.Internal.AdditionalLightsShadowCasterPass:Setup (UnityEngine.Rendering.Universal.UniversalRenderingData,UnityEngine.Rendering.Universal.UniversalCameraData,UnityEngine.Rendering.Universal.UniversalLightData,UnityEngine.Rendering.Universal.UniversalShadowData) (at ./Library/PackageCache/com.unity.render-pipelines.universal@8457e85b8184/Runtime/Passes/AdditionalLightsShadowCasterPass.cs:460)
UnityEngine.Rendering.Universal.UniversalRenderer:OnBeforeRendering (UnityEngine.Rendering.RenderGraphModule.RenderGraph) (at ./Library/PackageCache/com.unity.render-pipelines.universal@8457e85b8184/Runtime/UniversalRendererRenderGraph.cs:808)
UnityEngine.Rendering.Universal.UniversalRenderer:OnRecordRenderGraph (UnityEngine.Rendering.RenderGraphModule.RenderGraph,UnityEngine.Rendering.ScriptableRenderContext) (at ./Library/PackageCache/com.unity.render-pipelines.universal@8457e85b8184/Runtime/UniversalRendererRenderGraph.cs:695)
UnityEngine.Rendering.Universal.ScriptableRenderer:RecordRenderGraph (UnityEngine.Rendering.RenderGraphModule.RenderGraph,UnityEngine.Rendering.ScriptableRenderContext) (at ./Library/PackageCache/com.unity.render-pipelines.universal@8457e85b8184/Runtime/ScriptableRenderer.cs:963)
UnityEngine.Rendering.Universal.UniversalRenderPipeline:RecordAndExecuteRenderGraph (UnityEngine.Rendering.RenderGraphModule.RenderGraph,UnityEngine.Rendering.ScriptableRenderContext,UnityEngine.Rendering.Universal.ScriptableRenderer,UnityEngine.Rendering.CommandBuffer,UnityEngine.Camera) (at ./Library/PackageCache/com.unity.render-pipelines.universal@8457e85b8184/Runtime/UniversalRenderPipelineRenderGraph.cs:27)
UnityEngine.Rendering.Universal.UniversalRenderPipeline:RenderSingleCamera (UnityEngine.Rendering.ScriptableRenderContext,UnityEngine.Rendering.Universal.UniversalCameraData) (at ./Library/PackageCache/com.unity.render-pipelines.universal@8457e85b8184/Runtime/UniversalRenderPipeline.cs:1062)
UnityEngine.Rendering.Universal.UniversalRenderPipeline:RenderCameraStack (UnityEngine.Rendering.ScriptableRenderContext,UnityEngine.Camera,bool) (at ./Library/PackageCache/com.unity.render-pipelines.universal@8457e85b8184/Runtime/UniversalRenderPipeline.cs:1275)
UnityEngine.Rendering.Universal.UniversalRenderPipeline:Render (UnityEngine.Rendering.ScriptableRenderContext,System.Collections.Generic.List`1<UnityEngine.Camera>) (at ./Library/PackageCache/com.unity.render-pipelines.universal@8457e85b8184/Runtime/UniversalRenderPipeline.cs:629)
UnityEngine.Rendering.RenderPipeline:InternalRender (UnityEngine.Rendering.ScriptableRenderContext,System.Collections.Generic.List`1<UnityEngine.Camera>)
UnityEngine.Rendering.RenderPipelineManager:DoRenderLoop_Internal (UnityEngine.Rendering.RenderPipelineAsset,intptr,object,Unity.Collections.LowLevel.Unsafe.AtomicSafetyHandle)
UnityEditor.EditorGUIUtility:RenderPlayModeViewCamerasInternal (UnityEngine.RenderTexture,int,UnityEngine.Vector2,bool,bool)
UnityEditor.PlayModeView:RenderView (UnityEngine.Vector2,bool)
UnityEditor.GameView:OnGUI ()
UnityEditor.HostView:InvokeOnGUI (UnityEngine.Rect)
UnityEditor.MaximizedHostView:OldOnGUI ()
UnityEngine.UIElements.IMGUIContainer:DoOnGUI (UnityEngine.Event,UnityEngine.Matrix4x4,UnityEngine.Rect,bool,UnityEngine.Rect,System.Action,bool)
UnityEngine.UIElements.IMGUIContainer:HandleIMGUIEvent (UnityEngine.Event,UnityEngine.Matrix4x4,UnityEngine.Rect,System.Action,bool)
UnityEngine.UIElements.IMGUIContainer:DoIMGUIRepaint ()
UnityEngine.UIElements.UIR.RenderChainCommand:ExecuteNonDrawMesh (UnityEngine.UIElements.UIR.DrawParams,single,System.Exception&)
UnityEngine.UIElements.UIR.UIRenderDevice:EvaluateChain (UnityEngine.UIElements.UIR.RenderChainCommand,UnityEngine.Material,UnityEngine.Texture,UnityEngine.UIElements.UIR.ShaderInfoAllocator,System.Nullable`1<UnityEngine.Rect>,UnityEngine.Rect,single,bool,UnityEngine.UIElements.TextureSlotCount,bool,System.Exception&,UnityEngine.UIElements.BaseVisualElementPanel)
UnityEngine.UIElements.UIR.RenderTreeManager:RenderSingleTree (UnityEngine.UIElements.UIR.RenderTree,UnityEngine.RenderTexture,UnityEngine.RectInt,UnityEngine.Rect)
UnityEngine.UIElements.UIR.RenderTreeManager:RenderRootTree ()
UnityEngine.UIElements.UIRRepaintUpdater:Render ()
UnityEngine.UIElements.BaseVisualElementPanel:Render ()
UnityEngine.UIElements.Panel:Render ()
UnityEditor.UIElements.EditorEventDispatchUtility:DoDispatch (UnityEngine.UIElements.BaseVisualElementPanel,UnityEngine.Event)
UnityEditor.UIElements.DefaultWindowBackend:ProcessEvent (UnityEngine.Event)
UnityEditor.GUIView:ProcessEvent (UnityEngine.EntityId,intptr,bool&)

(Filename: ./Library/PackageCache/com.unity.render-pipelines.universal@8457e85b8184/Runtime/Passes/AdditionalLightsShadowCasterPass.cs Line: 460)

Reduced additional punctual light shadows resolution by 8 to make 72 shadow maps fit in the 2048x2048 shadow atlas. To avoid this, increase shadow atlas size, decrease big shadow resolutions, or reduce the number of shadow maps active in the same frame
UnityEngine.Debug:ExtractStackTraceNoAlloc (byte*,int,string)
UnityEngine.StackTraceUtility:ExtractStackTrace ()
UnityEngine.DebugLogHandler:Internal_Log (UnityEngine.LogType,UnityEngine.LogOption,string,UnityEngine.Object)
UnityEngine.DebugLogHandler:LogFormat (UnityEngine.LogType,UnityEngine.Object,string,object[])
UnityEngine.Logger:Log (UnityEngine.LogType,object)
UnityEngine.Debug:Log (object)
UnityEngine.Rendering.Universal.Internal.AdditionalLightsShadowCasterPass:Setup (UnityEngine.Rendering.Universal.UniversalRenderingData,UnityEngine.Rendering.Universal.UniversalCameraData,UnityEngine.Rendering.Universal.UniversalLightData,UnityEngine.Rendering.Universal.UniversalShadowData) (at ./Library/PackageCache/com.unity.render-pipelines.universal@8457e85b8184/Runtime/Passes/AdditionalLightsShadowCasterPass.cs:460)
UnityEngine.Rendering.Universal.UniversalRenderer:OnBeforeRendering (UnityEngine.Rendering.RenderGraphModule.RenderGraph) (at ./Library/PackageCache/com.unity.render-pipelines.universal@8457e85b8184/Runtime/UniversalRendererRenderGraph.cs:808)
UnityEngine.Rendering.Universal.UniversalRenderer:OnRecordRenderGraph (UnityEngine.Rendering.RenderGraphModule.RenderGraph,UnityEngine.Rendering.ScriptableRenderContext) (at ./Library/PackageCache/com.unity.render-pipelines.universal@8457e85b8184/Runtime/UniversalRendererRenderGraph.cs:695)
UnityEngine.Rendering.Universal.ScriptableRenderer:RecordRenderGraph (UnityEngine.Rendering.RenderGraphModule.RenderGraph,UnityEngine.Rendering.ScriptableRenderContext) (at ./Library/PackageCache/com.unity.render-pipelines.universal@8457e85b8184/Runtime/ScriptableRenderer.cs:963)
UnityEngine.Rendering.Universal.UniversalRenderPipeline:RecordAndExecuteRenderGraph (UnityEngine.Rendering.RenderGraphModule.RenderGraph,UnityEngine.Rendering.ScriptableRenderContext,UnityEngine.Rendering.Universal.ScriptableRenderer,UnityEngine.Rendering.CommandBuffer,UnityEngine.Camera) (at ./Library/PackageCache/com.unity.render-pipelines.universal@8457e85b8184/Runtime/UniversalRenderPipelineRenderGraph.cs:27)
UnityEngine.Rendering.Universal.UniversalRenderPipeline:RenderSingleCamera (UnityEngine.Rendering.ScriptableRenderContext,UnityEngine.Rendering.Universal.UniversalCameraData) (at ./Library/PackageCache/com.unity.render-pipelines.universal@8457e85b8184/Runtime/UniversalRenderPipeline.cs:1062)
UnityEngine.Rendering.Universal.UniversalRenderPipeline:RenderCameraStack (UnityEngine.Rendering.ScriptableRenderContext,UnityEngine.Camera,bool) (at ./Library/PackageCache/com.unity.render-pipelines.universal@8457e85b8184/Runtime/UniversalRenderPipeline.cs:1275)
UnityEngine.Rendering.Universal.UniversalRenderPipeline:Render (UnityEngine.Rendering.ScriptableRenderContext,System.Collections.Generic.List`1<UnityEngine.Camera>) (at ./Library/PackageCache/com.unity.render-pipelines.universal@8457e85b8184/Runtime/UniversalRenderPipeline.cs:629)
UnityEngine.Rendering.RenderPipeline:InternalRender (UnityEngine.Rendering.ScriptableRenderContext,System.Collections.Generic.List`1<UnityEngine.Camera>)
UnityEngine.Rendering.RenderPipelineManager:DoRenderLoop_Internal (UnityEngine.Rendering.RenderPipelineAsset,intptr,object,Unity.Collections.LowLevel.Unsafe.AtomicSafetyHandle)
UnityEditor.EditorGUIUtility:RenderPlayModeViewCamerasInternal (UnityEngine.RenderTexture,int,UnityEngine.Vector2,bool,bool)
UnityEditor.PlayModeView:RenderView (UnityEngine.Vector2,bool)
UnityEditor.GameView:OnGUI ()
UnityEditor.HostView:InvokeOnGUI (UnityEngine.Rect)
UnityEditor.MaximizedHostView:OldOnGUI ()
UnityEngine.UIElements.IMGUIContainer:DoOnGUI (UnityEngine.Event,UnityEngine.Matrix4x4,UnityEngine.Rect,bool,UnityEngine.Rect,System.Action,bool)
UnityEngine.UIElements.IMGUIContainer:HandleIMGUIEvent (UnityEngine.Event,UnityEngine.Matrix4x4,UnityEngine.Rect,System.Action,bool)
UnityEngine.UIElements.IMGUIContainer:DoIMGUIRepaint ()
UnityEngine.UIElements.UIR.RenderChainCommand:ExecuteNonDrawMesh (UnityEngine.UIElements.UIR.DrawParams,single,System.Exception&)
UnityEngine.UIElements.UIR.UIRenderDevice:EvaluateChain (UnityEngine.UIElements.UIR.RenderChainCommand,UnityEngine.Material,UnityEngine.Texture,UnityEngine.UIElements.UIR.ShaderInfoAllocator,System.Nullable`1<UnityEngine.Rect>,UnityEngine.Rect,single,bool,UnityEngine.UIElements.TextureSlotCount,bool,System.Exception&,UnityEngine.UIElements.BaseVisualElementPanel)
UnityEngine.UIElements.UIR.RenderTreeManager:RenderSingleTree (UnityEngine.UIElements.UIR.RenderTree,UnityEngine.RenderTexture,UnityEngine.RectInt,UnityEngine.Rect)
UnityEngine.UIElements.UIR.RenderTreeManager:RenderRootTree ()
UnityEngine.UIElements.UIRRepaintUpdater:Render ()
UnityEngine.UIElements.BaseVisualElementPanel:Render ()
UnityEngine.UIElements.Panel:Render ()
UnityEditor.UIElements.EditorEventDispatchUtility:DoDispatch (UnityEngine.UIElements.BaseVisualElementPanel,UnityEngine.Event)
UnityEditor.UIElements.DefaultWindowBackend:ProcessEvent (UnityEngine.Event)
UnityEditor.GUIView:ProcessEvent (UnityEngine.EntityId,intptr,bool&)

(Filename: ./Library/PackageCache/com.unity.render-pipelines.universal@8457e85b8184/Runtime/Passes/AdditionalLightsShadowCasterPass.cs Line: 460)

Unloading 4 Unused Serialized files (Serialized files now loaded: 0)
Loaded scene 'Temp/__Backupscenes/0.backup'
	Deserialize:            48.109 ms
	Integration:            18.011 ms
	Integration of assets:  0.324 ms
	Thread Wait Time:       -0.014 ms
	Total Operation Time:   66.430 ms
Unloading 276 unused Assets / (1.3 MB). Loaded Objects now: 10071.
Memory consumption went from 1.12 GB to 1.11 GB.
Total: 25.436200 ms (FindLiveObjects: 1.454300 ms CreateObjectMapping: 0.271200 ms MarkObjects: 22.474600 ms  DeleteObjects: 0.902700 ms)

[Licensing::Client] Successfully resolved entitlement details
[Worker2] Imported GUID: 361e28e5b458b5446a4b13356db50eac - Path: Assets/Scenes/MineShaft.unity - Importer: PreviewImporter -> (ImportResultId: '702da5978c37b748db1f5f3a586846dd') in 0.0266353 seconds
Opening scene 'Assets/Scenes/MineShaft.unity'
Unloading 12 Unused Serialized files (Serialized files now loaded: 0)
Loaded scene 'Assets/Scenes/MineShaft.unity'
	Deserialize:            9.587 ms
	Integration:            129.082 ms
	Integration of assets:  3.280 ms
	Thread Wait Time:       0.094 ms
	Total Operation Time:   142.043 ms
Unloading 40 unused Assets / (0.6 MB). Loaded Objects now: 11396.
Memory consumption went from 0.78 GB to 0.78 GB.
Total: 28.685000 ms (FindLiveObjects: 1.591400 ms CreateObjectMapping: 0.338000 ms MarkObjects: 26.270600 ms  DeleteObjects: 0.158100 ms)

Reduced additional punctual light shadows resolution by 8 to make 66 shadow maps fit in the 2048x2048 shadow atlas. To avoid this, increase shadow atlas size, decrease big shadow resolutions, or reduce the number of shadow maps active in the same frame
UnityEngine.Debug:ExtractStackTraceNoAlloc (byte*,int,string)
UnityEngine.StackTraceUtility:ExtractStackTrace ()
UnityEngine.DebugLogHandler:Internal_Log (UnityEngine.LogType,UnityEngine.LogOption,string,UnityEngine.Object)
UnityEngine.DebugLogHandler:LogFormat (UnityEngine.LogType,UnityEngine.Object,string,object[])
UnityEngine.Logger:Log (UnityEngine.LogType,object)
UnityEngine.Debug:Log (object)
UnityEngine.Rendering.Universal.Internal.AdditionalLightsShadowCasterPass:Setup (UnityEngine.Rendering.Universal.UniversalRenderingData,UnityEngine.Rendering.Universal.UniversalCameraData,UnityEngine.Rendering.Universal.UniversalLightData,UnityEngine.Rendering.Universal.UniversalShadowData) (at ./Library/PackageCache/com.unity.render-pipelines.universal@8457e85b8184/Runtime/Passes/AdditionalLightsShadowCasterPass.cs:460)
UnityEngine.Rendering.Universal.UniversalRenderer:OnBeforeRendering (UnityEngine.Rendering.RenderGraphModule.RenderGraph) (at ./Library/PackageCache/com.unity.render-pipelines.universal@8457e85b8184/Runtime/UniversalRendererRenderGraph.cs:808)
UnityEngine.Rendering.Universal.UniversalRenderer:OnRecordRenderGraph (UnityEngine.Rendering.RenderGraphModule.RenderGraph,UnityEngine.Rendering.ScriptableRenderContext) (at ./Library/PackageCache/com.unity.render-pipelines.universal@8457e85b8184/Runtime/UniversalRendererRenderGraph.cs:695)
UnityEngine.Rendering.Universal.ScriptableRenderer:RecordRenderGraph (UnityEngine.Rendering.RenderGraphModule.RenderGraph,UnityEngine.Rendering.ScriptableRenderContext) (at ./Library/PackageCache/com.unity.render-pipelines.universal@8457e85b8184/Runtime/ScriptableRenderer.cs:963)
UnityEngine.Rendering.Universal.UniversalRenderPipeline:RecordAndExecuteRenderGraph (UnityEngine.Rendering.RenderGraphModule.RenderGraph,UnityEngine.Rendering.ScriptableRenderContext,UnityEngine.Rendering.Universal.ScriptableRenderer,UnityEngine.Rendering.CommandBuffer,UnityEngine.Camera) (at ./Library/PackageCache/com.unity.render-pipelines.universal@8457e85b8184/Runtime/UniversalRenderPipelineRenderGraph.cs:27)
UnityEngine.Rendering.Universal.UniversalRenderPipeline:RenderSingleCamera (UnityEngine.Rendering.ScriptableRenderContext,UnityEngine.Rendering.Universal.UniversalCameraData) (at ./Library/PackageCache/com.unity.render-pipelines.universal@8457e85b8184/Runtime/UniversalRenderPipeline.cs:1062)
UnityEngine.Rendering.Universal.UniversalRenderPipeline:RenderCameraStack (UnityEngine.Rendering.ScriptableRenderContext,UnityEngine.Camera,bool) (at ./Library/PackageCache/com.unity.render-pipelines.universal@8457e85b8184/Runtime/UniversalRenderPipeline.cs:1275)
UnityEngine.Rendering.Universal.UniversalRenderPipeline:Render (UnityEngine.Rendering.ScriptableRenderContext,System.Collections.Generic.List`1<UnityEngine.Camera>) (at ./Library/PackageCache/com.unity.render-pipelines.universal@8457e85b8184/Runtime/UniversalRenderPipeline.cs:629)
UnityEngine.Rendering.RenderPipeline:InternalRender (UnityEngine.Rendering.ScriptableRenderContext,System.Collections.Generic.List`1<UnityEngine.Camera>)
UnityEngine.Rendering.RenderPipelineManager:DoRenderLoop_Internal (UnityEngine.Rendering.RenderPipelineAsset,intptr,object,Unity.Collections.LowLevel.Unsafe.AtomicSafetyHandle)
UnityEditor.EditorGUIUtility:RenderPlayModeViewCamerasInternal (UnityEngine.RenderTexture,int,UnityEngine.Vector2,bool,bool)
UnityEditor.PlayModeView:RenderView (UnityEngine.Vector2,bool)
UnityEditor.GameView:OnGUI ()
UnityEditor.HostView:InvokeOnGUI (UnityEngine.Rect)
UnityEditor.DockArea:DrawView (UnityEngine.Rect)
UnityEditor.DockArea:OldOnGUI ()
UnityEngine.UIElements.IMGUIContainer:DoOnGUI (UnityEngine.Event,UnityEngine.Matrix4x4,UnityEngine.Rect,bool,UnityEngine.Rect,System.Action,bool)
UnityEngine.UIElements.IMGUIContainer:HandleIMGUIEvent (UnityEngine.Event,UnityEngine.Matrix4x4,UnityEngine.Rect,System.Action,bool)
UnityEngine.UIElements.IMGUIContainer:DoIMGUIRepaint ()
UnityEngine.UIElements.UIR.RenderChainCommand:ExecuteNonDrawMesh (UnityEngine.UIElements.UIR.DrawParams,single,System.Exception&)
UnityEngine.UIElements.UIR.UIRenderDevice:EvaluateChain (UnityEngine.UIElements.UIR.RenderChainCommand,UnityEngine.Material,UnityEngine.Texture,UnityEngine.UIElements.UIR.ShaderInfoAllocator,System.Nullable`1<UnityEngine.Rect>,UnityEngine.Rect,single,bool,UnityEngine.UIElements.TextureSlotCount,bool,System.Exception&,UnityEngine.UIElements.BaseVisualElementPanel)
UnityEngine.UIElements.UIR.RenderTreeManager:RenderSingleTree (UnityEngine.UIElements.UIR.RenderTree,UnityEngine.RenderTexture,UnityEngine.RectInt,UnityEngine.Rect)
UnityEngine.UIElements.UIR.RenderTreeManager:RenderRootTree ()
UnityEngine.UIElements.UIRRepaintUpdater:Render ()
UnityEngine.UIElements.BaseVisualElementPanel:Render ()
UnityEngine.UIElements.Panel:Render ()
UnityEditor.UIElements.EditorEventDispatchUtility:DoDispatch (UnityEngine.UIElements.BaseVisualElementPanel,UnityEngine.Event)
UnityEditor.UIElements.DefaultWindowBackend:ProcessEvent (UnityEngine.Event)
UnityEditor.GUIView:ProcessEvent (UnityEngine.EntityId,intptr,bool&)

(Filename: ./Library/PackageCache/com.unity.render-pipelines.universal@8457e85b8184/Runtime/Passes/AdditionalLightsShadowCasterPass.cs Line: 460)

Reduced additional punctual light shadows resolution by 4 to make 60 shadow maps fit in the 2048x2048 shadow atlas. To avoid this, increase shadow atlas size, decrease big shadow resolutions, or reduce the number of shadow maps active in the same frame
UnityEngine.Debug:ExtractStackTraceNoAlloc (byte*,int,string)
UnityEngine.StackTraceUtility:ExtractStackTrace ()
UnityEngine.DebugLogHandler:Internal_Log (UnityEngine.LogType,UnityEngine.LogOption,string,UnityEngine.Object)
UnityEngine.DebugLogHandler:LogFormat (UnityEngine.LogType,UnityEngine.Object,string,object[])
UnityEngine.Logger:Log (UnityEngine.LogType,object)
UnityEngine.Debug:Log (object)
UnityEngine.Rendering.Universal.Internal.AdditionalLightsShadowCasterPass:Setup (UnityEngine.Rendering.Universal.UniversalRenderingData,UnityEngine.Rendering.Universal.UniversalCameraData,UnityEngine.Rendering.Universal.UniversalLightData,UnityEngine.Rendering.Universal.UniversalShadowData) (at ./Library/PackageCache/com.unity.render-pipelines.universal@8457e85b8184/Runtime/Passes/AdditionalLightsShadowCasterPass.cs:460)
UnityEngine.Rendering.Universal.UniversalRenderer:OnBeforeRendering (UnityEngine.Rendering.RenderGraphModule.RenderGraph) (at ./Library/PackageCache/com.unity.render-pipelines.universal@8457e85b8184/Runtime/UniversalRendererRenderGraph.cs:808)
UnityEngine.Rendering.Universal.UniversalRenderer:OnRecordRenderGraph (UnityEngine.Rendering.RenderGraphModule.RenderGraph,UnityEngine.Rendering.ScriptableRenderContext) (at ./Library/PackageCache/com.unity.render-pipelines.universal@8457e85b8184/Runtime/UniversalRendererRenderGraph.cs:695)
UnityEngine.Rendering.Universal.ScriptableRenderer:RecordRenderGraph (UnityEngine.Rendering.RenderGraphModule.RenderGraph,UnityEngine.Rendering.ScriptableRenderContext) (at ./Library/PackageCache/com.unity.render-pipelines.universal@8457e85b8184/Runtime/ScriptableRenderer.cs:963)
UnityEngine.Rendering.Universal.UniversalRenderPipeline:RecordAndExecuteRenderGraph (UnityEngine.Rendering.RenderGraphModule.RenderGraph,UnityEngine.Rendering.ScriptableRenderContext,UnityEngine.Rendering.Universal.ScriptableRenderer,UnityEngine.Rendering.CommandBuffer,UnityEngine.Camera) (at ./Library/PackageCache/com.unity.render-pipelines.universal@8457e85b8184/Runtime/UniversalRenderPipelineRenderGraph.cs:27)
UnityEngine.Rendering.Universal.UniversalRenderPipeline:RenderSingleCamera (UnityEngine.Rendering.ScriptableRenderContext,UnityEngine.Rendering.Universal.UniversalCameraData) (at ./Library/PackageCache/com.unity.render-pipelines.universal@8457e85b8184/Runtime/UniversalRenderPipeline.cs:1062)
UnityEngine.Rendering.Universal.UniversalRenderPipeline:RenderSingleCameraInternal (UnityEngine.Rendering.ScriptableRenderContext,UnityEngine.Camera,UnityEngine.Rendering.Universal.UniversalAdditionalCameraData&,bool) (at ./Library/PackageCache/com.unity.render-pipelines.universal@8457e85b8184/Runtime/UniversalRenderPipeline.cs:875)
UnityEngine.Rendering.Universal.UniversalRenderPipeline:RenderSingleCameraInternal (UnityEngine.Rendering.ScriptableRenderContext,UnityEngine.Camera,bool) (at ./Library/PackageCache/com.unity.render-pipelines.universal@8457e85b8184/Runtime/UniversalRenderPipeline.cs:850)
UnityEngine.Rendering.Universal.UniversalRenderPipeline:Render (UnityEngine.Rendering.ScriptableRenderContext,System.Collections.Generic.List`1<UnityEngine.Camera>) (at ./Library/PackageCache/com.unity.render-pipelines.universal@8457e85b8184/Runtime/UniversalRenderPipeline.cs:643)
UnityEngine.Rendering.RenderPipeline:InternalRender (UnityEngine.Rendering.ScriptableRenderContext,System.Collections.Generic.List`1<UnityEngine.Camera>)
UnityEngine.Rendering.RenderPipelineManager:DoRenderLoop_Internal (UnityEngine.Rendering.RenderPipelineAsset,intptr,object,Unity.Collections.LowLevel.Unsafe.AtomicSafetyHandle)
UnityEditor.Handles:Internal_DrawCameraWithGrid (UnityEngine.Camera,UnityEditor.DrawCameraMode,UnityEditor.DrawGridParameters&,bool,bool)
UnityEditor.Handles:DrawCameraImpl (UnityEngine.Rect,UnityEngine.Camera,UnityEditor.DrawCameraMode,bool,UnityEditor.DrawGridParameters,bool,bool,bool,UnityEngine.GameObject[])
UnityEditor.Handles:DrawCameraStep1 (UnityEngine.Rect,UnityEngine.Camera,UnityEditor.DrawCameraMode,UnityEditor.DrawGridParameters,bool,bool)
UnityEditor.SceneView:DoDrawCamera (UnityEngine.Rect,UnityEngine.Rect,bool&)
UnityEditor.SceneView:DoOnGUI ()
UnityEditor.SceneView:OnSceneGUI ()
UnityEngine.UIElements.IMGUIContainer:DoOnGUI (UnityEngine.Event,UnityEngine.Matrix4x4,UnityEngine.Rect,bool,UnityEngine.Rect,System.Action,bool)
UnityEngine.UIElements.IMGUIContainer:HandleIMGUIEvent (UnityEngine.Event,UnityEngine.Matrix4x4,UnityEngine.Rect,System.Action,bool)
UnityEngine.UIElements.IMGUIContainer:DoIMGUIRepaint ()
UnityEngine.UIElements.UIR.RenderChainCommand:ExecuteNonDrawMesh (UnityEngine.UIElements.UIR.DrawParams,single,System.Exception&)
UnityEngine.UIElements.UIR.UIRenderDevice:EvaluateChain (UnityEngine.UIElements.UIR.RenderChainCommand,UnityEngine.Material,UnityEngine.Texture,UnityEngine.UIElements.UIR.ShaderInfoAllocator,System.Nullable`1<UnityEngine.Rect>,UnityEngine.Rect,single,bool,UnityEngine.UIElements.TextureSlotCount,bool,System.Exception&,UnityEngine.UIElements.BaseVisualElementPanel)
UnityEngine.UIElements.UIR.RenderTreeManager:RenderSingleTree (UnityEngine.UIElements.UIR.RenderTree,UnityEngine.RenderTexture,UnityEngine.RectInt,UnityEngine.Rect)
UnityEngine.UIElements.UIR.RenderTreeManager:RenderRootTree ()
UnityEngine.UIElements.UIRRepaintUpdater:Render ()
UnityEngine.UIElements.BaseVisualElementPanel:Render ()
UnityEngine.UIElements.Panel:Render ()
UnityEditor.UIElements.EditorEventDispatchUtility:DoDispatch (UnityEngine.UIElements.BaseVisualElementPanel,UnityEngine.Event)
UnityEditor.UIElements.DefaultWindowBackend:ProcessEvent (UnityEngine.Event)
UnityEditor.GUIView:ProcessEvent (UnityEngine.EntityId,intptr,bool&)

(Filename: ./Library/PackageCache/com.unity.render-pipelines.universal@8457e85b8184/Runtime/Passes/AdditionalLightsShadowCasterPass.cs Line: 460)

Request Asset Garbage Collect because used heap size increased from 0.78 GB to 1.10 GB, exceeding the threshold of 256.0 MB.
Unloading 142 Unused Serialized files (Serialized files now loaded: 0)
Unloading 4 unused Assets / (Unknown). Loaded Objects now: 11640.
Memory consumption went from 1.08 GB to 1.08 GB.
Total: 38.102600 ms (FindLiveObjects: 1.840300 ms CreateObjectMapping: 0.586200 ms MarkObjects: 35.237700 ms  DeleteObjects: 0.057700 ms)

Importing 'GUID: 00000000000000009000000000000000 - Path: ProjectSettings/QualitySettings.asset' with importer (LibraryAssetImporter)
Imported 'GUID: 00000000000000009000000000000000' -> (Import Result ID: '1234d6af70f66210ce7cfda4e66e8b00') in 0.003 seconds [static dependencies only]. Details - ImportResultOutputID=2a108b3da874f726c62fbe5f12be4a8a DependenciesID=1def488656846da6ef2e03206928b0e0 StaticDependenciesID=a0cf3dfdae99c755d92b7948d1cfcae0 
Importing 'GUID: da282ffb2bef19c4ca718dadfaf20099 - Path: Assets/Scenes/Turret_sewer/Global Volume Profile.asset' with importer (NativeFormatImporter)
Imported 'GUID: da282ffb2bef19c4ca718dadfaf20099' -> (Import Result ID: '91a8a541b31b67d637f0f54400e34e91') in 0.001 seconds [static dependencies only]. Details - ImportResultOutputID=c1de481cd2ed527bd534588bd1b1cf28 DependenciesID=20aff12f48eb4bd668a1b6840cf637ff StaticDependenciesID=9cd6376b61ecf93432dd947129662bbd 
Asset Pipeline Refresh (id=89477f03cd05e9042886ab939a84cebd): Total: 0.054 seconds - Initiated by StopAssetImportingV2(NoUpdateAssetOptions)
Importing 'GUID: da282ffb2bef19c4ca718dadfaf20099 - Path: Assets/Scenes/Turret_sewer/Global Volume Profile.asset' with importer (NativeFormatImporter)
Imported 'GUID: da282ffb2bef19c4ca718dadfaf20099' -> (Import Result ID: 'f487c7b362957b00d8fb57ec8fb2d5f6') in 0.001 seconds [static dependencies only]. Details - ImportResultOutputID=c1de481cd2ed527bd534588bd1b1cf28 DependenciesID=1dc8173a9dab190a225993d33ff1fc16 StaticDependenciesID=67b09fd1ad122f00b3cd5a53cc33a600 
Asset Pipeline Refresh (id=a832dbeb69f2c09418715de517b53e19): Total: 0.041 seconds - Initiated by StopAssetImportingV2(NoUpdateAssetOptions)
Importing 'GUID: da282ffb2bef19c4ca718dadfaf20099 - Path: Assets/Scenes/Turret_sewer/Global Volume Profile.asset' with importer (NativeFormatImporter)
Imported 'GUID: da282ffb2bef19c4ca718dadfaf20099' -> (Import Result ID: 'f487c7b362957b00d8fb57ec8fb2d5f6') in 0.001 seconds [static dependencies only]. Details - ImportResultOutputID=c1de481cd2ed527bd534588bd1b1cf28 DependenciesID=1dc8173a9dab190a225993d33ff1fc16 StaticDependenciesID=67b09fd1ad122f00b3cd5a53cc33a600 
Asset Pipeline Refresh (id=2bf167ca56e82aa44b8249374170e63a): Total: 0.027 seconds - Initiated by StopAssetImportingV2(NoUpdateAssetOptions)
Request Asset Garbage Collect because used heap size increased from 1.07 GB to 1.59 GB, exceeding the threshold of 274.5 MB.
Unloading 0 Unused Serialized files (Serialized files now loaded: 0)
Unloading 15 unused Assets / (Unknown). Loaded Objects now: 11724.
Memory consumption went from 1.59 GB to 1.59 GB.
Total: 28.013900 ms (FindLiveObjects: 1.417300 ms CreateObjectMapping: 0.318900 ms MarkObjects: 25.887300 ms  DeleteObjects: 0.071200 ms)

Importing 'GUID: da282ffb2bef19c4ca718dadfaf20099 - Path: Assets/Scenes/Turret_sewer/Global Volume Profile.asset' with importer (NativeFormatImporter)
Imported 'GUID: da282ffb2bef19c4ca718dadfaf20099' -> (Import Result ID: 'f487c7b362957b00d8fb57ec8fb2d5f6') in 0.001 seconds [static dependencies only]. Details - ImportResultOutputID=c1de481cd2ed527bd534588bd1b1cf28 DependenciesID=1dc8173a9dab190a225993d33ff1fc16 StaticDependenciesID=67b09fd1ad122f00b3cd5a53cc33a600 
Asset Pipeline Refresh (id=72336fff92f12ce4ebab0fb2978df007): Total: 0.022 seconds - Initiated by StopAssetImportingV2(NoUpdateAssetOptions)
Importing 'GUID: 361e28e5b458b5446a4b13356db50eac - Path: Assets/Scenes/MineShaft.unity' with importer (DefaultImporter)
Imported 'GUID: 361e28e5b458b5446a4b13356db50eac' -> (Import Result ID: 'c75c4bb9d9b9ab65098ed547781a5e7f') in 0.001 seconds [static dependencies only]. Details - ImportResultOutputID=dfc99a82a10d3f5d42803a4f4ad2cf4c DependenciesID=061314057e355e52a5884579d5778f23 StaticDependenciesID=3230f0a5a75da2e1794c57cc033f0a55 
Asset Pipeline Refresh (id=a551934566fc7364e8960bf6fe60836e): Total: 0.045 seconds - Initiated by StopAssetImportingV2(NoUpdateAssetOptions)
MonoPathRemapper: Attempts to remap: 46925; Successful remaps: 22910
Serialized file version minimum: 22, current 23
[LAYOUT] About to save layout C:\Users\ALUMNOS\Documents\oleg_final_project\UserSettings\Layouts\default-6000.dwlt
[LAYOUT] About to save layout C:/Users/ALUMNOS/AppData/Roaming/Unity/Editor-5.x/Preferences\Layouts\current\default-6000.dwlt
Input System module state changed to: ShutdownInProgress.
Input Polling Thread exited.
Input System module state changed to: Shutdown.
[Physics::Module] Cleanup current backend.
[Physics::Module] Id: 0xf2b8ea05
[Licensing::IpcConnector] LicenseClient-ALUMNOS-6000.6.0-notifications channel disconnected successfully.
[Licensing::IpcConnector] LicenseClient-ALUMNOS-6000.6.0 channel disconnected successfully.
Shut down.
Lingering sessions upon destruction of worker manager
Unity Data Store service was successfully shut down
UDS shutting down local client system
Shut down UDS service system complete
AcceleratorClientConnectionCallback - disconnected - :0
Cleanup mono
CodeReloadManager destroyed
abort_threads: Failed aborting id: 000000000000682C, mono_thread_manage will ignore it

abort_threads: Failed aborting id: 0000000000004870, mono_thread_manage will ignore it

abort_threads: Failed aborting id: 000000000000682C, mono_thread_manage will ignore it

abort_threads: Failed aborting id: 0000000000004870, mono_thread_manage will ignore it

debugger-agent: Unable to listen on 4632
Checking for leaked weakptr:
  Found no leaked weakptrs.
[Package Manager] Server process was shutdown
##utp:{"type":"MemoryLeaks","version":2,"phase":"Immediate","time":1790604529241,"processId":20512,"allocatedMemory":17877242,"memoryLabels":[{"Default":286918},{"Permanent":15516},{"NewDelete":75593},{"Thread":4241016},{"Manager":823912},{"VertexData":8},{"Geometry":816},{"Texture":24},{"Shader":884946},{"Material":24},{"GfxDevice":66784},{"GfxThread":107520},{"Animation":1448},{"FreeType":8},{"FontEngine":736},{"Physics":1970},{"Physics2D":16},{"Serialization":222720},{"Input":45280},{"JobScheduler":256},{"TextLib":28312},{"Mono":48},{"MonoCode":128},{"ScriptingNativeRuntime":1341496},{"BaseObject":49760},{"Resource":1208},{"Renderer":2376},{"Transform":4685},{"File":57894},{"WebCam":616},{"Culling":32},{"Terrain":11442},{"Wind":24},{"STL":40},{"String":1202451},{"StaticString":3808},{"Utility":2675554},{"Curl":48},{"PoolAlloc":2408},{"AI":80},{"TypeTree":14869},{"ScriptManager":18960},{"CodeReload":448},{"RuntimeInitializeOnLoadManager":64},{"Sprites":102},{"SpriteAtlas":120},{"GI":7816},{"Director":7800},{"CloudService":7296},{"WebRequest":11422},{"VR":49650},{"SceneManager":608},{"Video":208},{"LazyScriptCache":32},{"NativeArray":1080},{"Camera":729},{"Secure":265},{"SerializationCache":9256},{"APIUpdating":10320},{"Subsystems":336},{"VirtualTexturing":57888},{"StaticSafetyDebugInfo":278528},{"Analytics":592},{"Hierarchy":1188},{"UIElements":40},{"CoreStats":14456},{"Identifiers":7152},{"Gui":491},{"EditorUtility":195387},{"VersionControl":8},{"Undo":931},{"AssetDatabase":4974223},{"AssetImporter":40},{"EditorGi":328},{"UnityConnect":36881},{"Upm":1988},{"UpmDiagnostics":8},{"AssetCompliance":96},{"DrivenProperties":72},{"LocalIPC":213},{"ProfilerEditor":9746},{"CoreBusinessMetrics":3604},{"Windowing":456},{"Licensing":696},{"AssetReference":32},{"IPCStream":32}]}
